id,datetime,sandy_percent,clay_percent,loamy_percent,temperature,humidity,dew_point,is_raining,sandy_pump_active,clay_pump_active,loamy_pump_active,IRRIGATION PATTERN
1,2026-06-01T00:00:00.000Z,0,28.2,0,29.8,78.1,25.55966,0,1,1,1,111
2,2026-06-01T00:02:00.000Z,0,28.2,0,29.8,78.1,25.55966,0,1,1,1,111
3,2026-06-01T00:03:59.990Z,0,28.2,0,29.8,78.1,25.55966,0,1,1,1,111
4,2026-06-01T00:05:59.985Z,0,28.2,0,29.8,78.1,25.55966,0,1,1,1,111
5,2026-06-01T00:07:59.980Z,0,28.2,0,29.8,78.1,25.55966,0,1,1,1,111
6,2026-06-01T00:09:59.975Z,50,77,63.53333,29.8,77.7,25.473,0,0,0,0,0
7,2026-06-01T00:11:59.970Z,53.2,77,63.53333,29.8,77.7,25.473,0,0,0,0,0
8,2026-06-01T00:13:59.965Z,56.4,77,63.53333,29.8,77.7,25.473,0,0,0,0,0
9,2026-06-01T00:15:59.960Z,59.6,77,63.53333,29.8,77.7,25.473,0,0,0,0,0
10,2026-06-01T00:17:59.955Z,62.8,77,63.53333,29.8,77.7,25.473,0,0,0,0,0
11,2026-06-01T00:19:59.950Z,66,77,63.53333,29.8,77.7,25.473,0,0,0,0,0
12,2026-06-01T00:21:59.945Z,69.2,77,63.53333,29.8,77.7,25.473,0,0,0,0,0
13,2026-06-01T00:23:59.940Z,72.4,77,63.53333,29.8,77.7,25.473,0,0,0,0,0
14,2026-06-01T00:25:59.935Z,75.6,77,63.53333,29.8,77.7,25.473,0,0,0,0,0
15,2026-06-01T00:27:59.930Z,78.8,77,63.53333,29.8,77.7,25.473,0,0,0,0,0
16,2026-06-01T00:29:59.925Z,82,77,63.53333,29.8,77.7,25.473,0,0,0,0,0
17,2026-06-01T00:31:59.920Z,85.2,77,63.53333,29.8,77.7,25.473,0,0,0,0,0
18,2026-06-01T00:33:59.915Z,88.4,77,63.53333,29.8,77.7,25.473,0,0,0,0,0
19,2026-06-01T00:35:59.910Z,91.6,77,63.53333,29.8,77.7,25.473,0,0,0,0,0
20,2026-06-01T00:37:59.905Z,94.8,77,63.53333,29.8,77.7,25.473,0,0,0,0,0
21,2026-06-01T00:39:59.900Z,98,77,63.53333,29.8,77.7,25.473,0,0,0,0,0
22,2026-06-01T00:41:59.895Z,95.5,77,63.53333,29.8,77.7,25.473,0,0,0,0,0
23,2026-06-01T00:43:59.890Z,93,77,63.53333,29.8,77.7,25.473,0,0,0,0,0
24,2026-06-01T00:45:59.885Z,90.5,77,63.53333,29.8,77.7,25.473,0,0,0,0,0
25,2026-06-01T00:47:59.880Z,88,77,63.53333,29.8,77.7,25.473,0,0,0,0,0
26,2026-06-01T00:49:59.875Z,85.5,77,63.53333,29.8,77.7,25.473,0,0,0,0,0
27,2026-06-01T00:51:59.870Z,83,77,63.53333,29.8,77.7,25.473,0,0,0,0,0
28,2026-06-01T00:53:59.865Z,80.5,77,63.53333,29.8,77.7,25.473,0,0,0,0,0
29,2026-06-01T00:55:59.860Z,78,77,63.53333,29.8,77.7,25.473,0,0,0,0,0
30,2026-06-01T00:57:59.855Z,75.5,77,63.53333,29.8,77.7,25.473,0,0,0,0,0
31,2026-06-01T00:59:59.850Z,73,77,63.53333,29.8,77.7,25.473,0,0,0,0,0
32,2026-06-01T01:01:59.845Z,70.5,77,63.53333,29.8,77.7,25.473,0,0,0,0,0
33,2026-06-01T01:03:59.840Z,68,77,63.53333,29.8,77.7,25.473,0,0,0,0,0
34,2026-06-01T01:05:59.835Z,65.5,60.86666,55.33333,29.8,77.1,25.34228,0,0,0,0,0
35,2026-06-01T01:07:59.830Z,63,60.86666,55.33333,29.8,77.1,25.34228,0,0,0,0,0
36,2026-06-01T01:09:59.825Z,60.5,60.86666,55.33333,29.8,77.1,25.34228,0,0,0,0,0
37,2026-06-01T01:11:59.820Z,58,60.86666,55.33333,29.8,77.1,25.34228,0,0,0,0,0
38,2026-06-01T01:13:59.815Z,55.5,60.86666,55.33333,29.8,77.1,25.34228,0,0,0,0,0
39,2026-06-01T01:15:59.810Z,53,60.86666,55.33333,29.8,77.1,25.34228,0,0,0,0,0
40,2026-06-01T01:17:59.805Z,50.5,60.86666,55.33333,29.8,77.1,25.34228,0,0,0,0,0
41,2026-06-01T01:19:59.800Z,48,60.86666,55.33333,29.8,77.1,25.34228,0,1,0,0,100
42,2026-06-01T01:21:59.795Z,45.5,60.86666,55.33333,29.8,77.1,25.34228,0,1,0,0,100
43,2026-06-01T01:23:59.790Z,43,60.86666,55.33333,29.8,77.1,25.34228,0,1,0,0,100
44,2026-06-01T01:25:59.785Z,40.5,60.86666,55.33333,29.8,77.1,25.34228,0,1,0,0,100
45,2026-06-01T01:27:59.780Z,38,60.86666,55.33333,29.8,77.1,25.34228,0,1,0,0,100
46,2026-06-01T01:29:59.775Z,35.5,60.86666,55.33333,29.8,77.1,25.34228,0,1,0,0,100
47,2026-06-01T01:31:59.770Z,33,60.86666,55.33333,29.8,77.1,25.34228,0,1,0,0,100
48,2026-06-01T01:33:59.765Z,30.5,60.86666,55.33333,29.8,77.1,25.34228,0,1,0,0,100
49,2026-06-01T01:35:59.760Z,28,60.86666,55.33333,29.8,77.1,25.34228,0,1,0,0,100
50,2026-06-01T01:37:59.755Z,25.5,60.86666,55.33333,29.8,77.1,25.34228,0,1,0,0,100
51,2026-06-01T01:39:59.750Z,23,60.86666,55.33333,29.8,77.1,25.34228,0,1,0,0,100
52,2026-06-01T01:41:59.745Z,20.5,60.86666,55.33333,29.8,77.1,25.34228,0,1,0,0,100
53,2026-06-01T01:43:59.740Z,18,60.86666,55.33333,29.8,77.1,25.34228,0,1,0,0,100
54,2026-06-01T01:45:59.735Z,15.5,0,0,0,0,0,0,1,1,1,111
55,2026-06-01T01:47:59.730Z,13,0,0,0,0,0,0,1,1,1,111
56,2026-06-01T01:49:59.725Z,10.5,0,0,0,0,0,0,1,1,1,111
57,2026-06-01T01:51:59.720Z,8,0,0,0,0,0,0,1,1,1,111
58,2026-06-01T01:53:59.715Z,5.5,0,0,0,0,0,0,1,1,1,111
59,2026-06-01T01:55:59.710Z,3,0,0,0,0,0,0,1,1,1,111
60,2026-06-01T01:57:59.705Z,0.5,0,0,0,0,0,0,1,1,1,111
61,2026-06-01T01:59:59.700Z,0,49.4,45.93333,29.8,76.8,25.27658,0,1,1,1,111
62,2026-06-01T02:01:59.695Z,0,49.4,45.93333,29.8,76.8,25.27658,0,1,1,1,111
63,2026-06-01T02:03:59.690Z,0,49.4,45.93333,29.8,76.8,25.27658,0,1,1,1,111
64,2026-06-01T02:05:59.685Z,0,49.4,45.93333,29.8,76.8,25.27658,0,1,1,1,111
65,2026-06-01T02:07:59.680Z,0,49.4,45.93333,29.8,76.8,25.27658,0,1,1,1,111
66,2026-06-01T02:09:59.675Z,0,49.4,45.93333,29.8,76.8,25.27658,0,1,1,1,111
67,2026-06-01T02:11:59.670Z,0,49.4,45.93333,29.8,76.8,25.27658,0,1,1,1,111
68,2026-06-01T02:13:59.665Z,0,49.4,45.93333,29.8,76.8,25.27658,0,1,1,1,111
69,2026-06-01T02:15:59.660Z,0,49.4,45.93333,29.8,76.8,25.27658,0,1,1,1,111
70,2026-06-01T02:17:59.655Z,0,49.4,45.93333,29.8,76.8,25.27658,0,1,1,1,111
71,2026-06-01T02:19:59.650Z,0,49.4,45.93333,29.8,76.8,25.27658,0,1,1,1,111
72,2026-06-01T02:21:59.645Z,0,49.4,45.93333,29.8,76.8,25.27658,0,1,1,1,111
73,2026-06-01T02:23:59.640Z,0,49.4,45.93333,29.8,76.8,25.27658,0,1,1,1,111
74,2026-06-01T02:25:59.635Z,0,49.4,45.93333,29.8,76.8,25.27658,0,1,1,1,111
75,2026-06-01T02:27:59.630Z,0,49.4,45.93333,29.8,76.8,25.27658,0,1,1,1,111
76,2026-06-01T02:29:59.625Z,0,49.4,45.93333,29.8,76.8,25.27658,0,1,1,1,111
77,2026-06-01T02:31:59.620Z,0,49.4,45.93333,29.8,76.8,25.27658,0,1,1,1,111
78,2026-06-01T02:33:59.615Z,0,49.4,45.93333,29.8,76.8,25.27658,0,1,1,1,111
79,2026-06-01T02:35:59.610Z,0,49.4,45.93333,29.8,76.8,25.27658,0,1,1,1,111
80,2026-06-01T02:37:59.605Z,0,49.4,45.93333,29.8,76.8,25.27658,0,1,1,1,111
81,2026-06-01T02:39:59.600Z,0,49.4,45.93333,29.8,76.8,25.27658,0,1,1,1,111
82,2026-06-01T02:41:59.595Z,0,49.4,45.93333,29.8,76.8,25.27658,0,1,1,1,111
83,2026-06-01T02:43:59.590Z,0,49.4,45.93333,29.8,76.8,25.27658,0,1,1,1,111
84,2026-06-01T02:45:59.585Z,0,49.4,45.93333,29.8,76.8,25.27658,0,1,1,1,111
85,2026-06-01T02:47:59.580Z,0,49.4,45.93333,29.8,76.8,25.27658,0,1,1,1,111
86,2026-06-01T02:49:59.575Z,0,49.4,45.93333,29.8,76.8,25.27658,0,1,1,1,111
87,2026-06-01T02:51:59.570Z,0,49.4,45.93333,29.8,76.8,25.27658,0,1,1,1,111
88,2026-06-01T02:53:59.565Z,0,49.4,45.93333,29.8,76.8,25.27658,0,1,1,1,111
89,2026-06-01T02:55:59.560Z,0,49.4,45.93333,29.8,76.8,25.27658,0,1,1,1,111
90,2026-06-01T02:57:59.555Z,30,45.66667,41.73333,29.8,77,25.3204,0,1,1,1,111
91,2026-06-01T02:59:59.550Z,30,45.66667,41.73333,29.8,77,25.3204,0,1,1,1,111
92,2026-06-01T03:01:59.545Z,30,45.66667,41.73333,29.8,77,25.3204,0,1,1,1,111
93,2026-06-01T03:03:59.540Z,30,45.66667,41.73333,29.8,77,25.3204,0,1,1,1,111
94,2026-06-01T03:05:59.535Z,30,45.66667,41.73333,29.8,77,25.3204,0,1,1,1,111
95,2026-06-01T03:07:59.530Z,8.133333,43.66667,59.86666,29.7,77,25.22373,0,1,1,0,110
96,2026-06-01T03:09:59.525Z,8.133333,43.66667,59.86666,29.7,77,25.22373,0,1,1,0,110
97,2026-06-01T03:11:59.520Z,8.133333,43.66667,59.86666,29.7,77,25.22373,0,1,1,0,110
98,2026-06-01T03:13:59.515Z,8.133333,43.66667,59.86666,29.7,77,25.22373,0,1,1,0,110
99,2026-06-01T03:15:59.510Z,8.133333,43.66667,59.86666,29.7,77,25.22373,0,1,1,0,110
100,2026-06-01T03:17:59.505Z,8.133333,43.66667,59.86666,29.7,77,25.22373,0,1,1,0,110
101,2026-06-01T03:19:59.500Z,8.133333,43.66667,59.86666,29.7,77,25.22373,0,1,1,0,110
102,2026-06-01T03:21:59.495Z,8.133333,43.66667,59.86666,29.7,77,25.22373,0,1,1,0,110
103,2026-06-01T03:23:59.490Z,8.133333,43.66667,59.86666,29.7,77,25.22373,0,1,1,0,110
104,2026-06-01T03:25:59.485Z,6.4,44.66667,25.66667,29.7,76.9,25.20185,0,1,1,1,111
105,2026-06-01T03:27:59.480Z,6.4,44.66667,25.66667,29.7,76.9,25.20185,0,1,1,1,111
106,2026-06-01T03:29:59.475Z,6.4,44.66667,25.66667,29.7,76.9,25.20185,0,1,1,1,111
107,2026-06-01T03:31:59.470Z,6.4,44.66667,25.66667,29.7,76.9,25.20185,0,1,1,1,111
108,2026-06-01T03:33:59.465Z,6.4,44.66667,25.66667,29.7,76.9,25.20185,0,1,1,1,111
109,2026-06-01T03:35:59.460Z,6.4,44.66667,25.66667,29.7,76.9,25.20185,0,1,1,1,111
110,2026-06-01T03:37:59.455Z,6.4,44.66667,25.66667,29.7,76.9,25.20185,0,1,1,1,111
111,2026-06-01T03:39:59.450Z,6.4,44.66667,25.66667,29.7,76.9,25.20185,0,1,1,1,111
112,2026-06-01T03:41:59.445Z,6.4,44.66667,25.66667,29.7,76.9,25.20185,0,1,1,1,111
113,2026-06-01T03:43:59.440Z,6.4,44.66667,25.66667,29.7,76.9,25.20185,0,1,1,1,111
114,2026-06-01T03:45:59.435Z,13.8,53.2,26.4,29.7,77,25.22373,0,1,0,1,101
115,2026-06-01T03:47:59.430Z,13.8,53.2,26.4,29.7,77,25.22373,0,1,0,1,101
116,2026-06-01T03:49:59.425Z,13.8,53.2,26.4,29.7,77,25.22373,0,1,0,1,101
117,2026-06-01T03:51:59.420Z,13.8,53.2,26.4,29.7,77,25.22373,0,1,0,1,101
118,2026-06-01T03:53:59.415Z,13.8,53.2,26.4,29.7,77,25.22373,0,1,0,1,101
119,2026-06-01T03:55:59.410Z,13.8,53.2,26.4,29.7,77,25.22373,0,1,0,1,101
120,2026-06-01T03:57:59.405Z,13.8,53.2,26.4,29.7,77,25.22373,0,1,0,1,101
121,2026-06-01T03:59:59.400Z,13.8,53.2,26.4,29.7,77,25.22373,0,1,0,1,101
122,2026-06-01T04:01:59.395Z,13.8,53.2,26.4,29.7,77,25.22373,0,1,0,1,101
123,2026-06-01T04:03:59.390Z,13.8,53.2,26.4,29.7,77,25.22373,0,1,0,1,101
124,2026-06-01T04:05:59.385Z,13.8,53.2,26.4,29.7,77,25.22373,0,1,0,1,101
125,2026-06-01T04:07:59.380Z,10.8,47.8,46.86666,29.7,76.9,25.20185,0,1,1,1,111
126,2026-06-01T04:09:59.375Z,10.8,47.8,46.86666,29.7,76.9,25.20185,0,1,1,1,111
127,2026-06-01T04:11:59.370Z,10.8,47.8,46.86666,29.7,76.9,25.20185,0,1,1,1,111
128,2026-06-01T04:13:59.365Z,10.8,47.8,46.86666,29.7,76.9,25.20185,0,1,1,1,111
129,2026-06-01T04:15:59.360Z,10.8,47.8,46.86666,29.7,76.9,25.20185,0,1,1,1,111
130,2026-06-01T04:17:59.355Z,10.8,47.8,46.86666,29.7,76.9,25.20185,0,1,1,1,111
131,2026-06-01T04:19:59.350Z,10.8,47.8,46.86666,29.7,76.9,25.20185,0,1,1,1,111
132,2026-06-01T04:21:59.345Z,10.8,47.8,46.86666,29.7,76.9,25.20185,0,1,1,1,111
133,2026-06-01T04:23:59.340Z,10.8,47.8,46.86666,29.7,76.9,25.20185,0,1,1,1,111
134,2026-06-01T04:25:59.335Z,10.8,47.8,46.86666,29.7,76.9,25.20185,0,1,1,1,111
135,2026-06-01T04:27:59.330Z,7.4,47.33333,46.73333,29.7,76.6,25.13605,0,1,1,1,111
136,2026-06-01T04:29:59.325Z,7.4,47.33333,46.73333,29.7,76.6,25.13605,0,1,1,1,111
137,2026-06-01T04:31:59.320Z,7.4,47.33333,46.73333,29.7,76.6,25.13605,0,1,1,1,111
138,2026-06-01T04:33:59.315Z,7.4,47.33333,46.73333,29.7,76.6,25.13605,0,1,1,1,111
139,2026-06-01T04:35:59.310Z,7.4,47.33333,46.73333,29.7,76.6,25.13605,0,1,1,1,111
140,2026-06-01T04:37:59.305Z,7.4,47.33333,46.73333,29.7,76.6,25.13605,0,1,1,1,111
141,2026-06-01T04:39:59.300Z,7.4,47.33333,46.73333,29.7,76.6,25.13605,0,1,1,1,111
142,2026-06-01T04:41:59.295Z,7.4,47.33333,46.73333,29.7,76.6,25.13605,0,1,1,1,111
143,2026-06-01T04:43:59.290Z,7.4,47.33333,46.73333,29.7,76.6,25.13605,0,1,1,1,111
144,2026-06-01T04:45:59.285Z,7.4,47.33333,46.73333,29.7,76.6,25.13605,0,1,1,1,111
145,2026-06-01T04:47:59.280Z,4.066667,46.86666,43.93333,29.7,76.8,25.17994,0,1,1,1,111
146,2026-06-01T04:49:59.275Z,4.066667,46.86666,43.93333,29.7,76.8,25.17994,0,1,1,1,111
147,2026-06-01T04:51:59.270Z,4.066667,46.86666,43.93333,29.7,76.8,25.17994,0,1,1,1,111
148,2026-06-01T04:53:59.265Z,4.066667,46.86666,43.93333,29.7,76.8,25.17994,0,1,1,1,111
149,2026-06-01T04:55:59.260Z,4.066667,46.86666,43.93333,29.7,76.8,25.17994,0,1,1,1,111
150,2026-06-01T04:57:59.255Z,4.066667,46.86666,43.93333,29.7,76.8,25.17994,0,1,1,1,111
151,2026-06-01T04:59:59.250Z,4.066667,46.86666,43.93333,29.7,76.8,25.17994,0,1,1,1,111
152,2026-06-01T05:01:59.245Z,4.066667,46.86666,43.93333,29.7,76.8,25.17994,0,1,1,1,111
153,2026-06-01T05:03:59.240Z,4.066667,46.86666,43.93333,29.7,76.8,25.17994,0,1,1,1,111
154,2026-06-01T05:05:59.235Z,0,49.6,42.06667,29.6,77.1,25.14889,0,1,1,1,111
155,2026-06-01T05:07:59.230Z,0,49.6,42.06667,29.6,77.1,25.14889,0,1,1,1,111
156,2026-06-01T05:09:59.225Z,0,49.6,42.06667,29.6,77.1,25.14889,0,1,1,1,111
157,2026-06-01T05:11:59.220Z,0,49.6,42.06667,29.6,77.1,25.14889,0,1,1,1,111
158,2026-06-01T05:13:59.215Z,0,49.6,42.06667,29.6,77.1,25.14889,0,1,1,1,111
159,2026-06-01T05:15:59.210Z,0,49.6,42.06667,29.6,77.1,25.14889,0,1,1,1,111
160,2026-06-01T05:17:59.205Z,0,49.6,42.06667,29.6,77.1,25.14889,0,1,1,1,111
161,2026-06-01T05:19:59.200Z,50,49.6,42.06667,29.6,77.1,25.14889,0,0,1,1,11
162,2026-06-01T05:21:59.195Z,53.2,49.6,42.06667,29.6,77.1,25.14889,0,0,1,1,11
163,2026-06-01T05:23:59.190Z,56.4,49.6,42.06667,29.6,77.1,25.14889,0,0,1,1,11
164,2026-06-01T05:25:59.185Z,59.6,49.6,42.06667,29.6,77.1,25.14889,0,0,1,1,11
165,2026-06-01T05:27:59.180Z,62.8,47.6,43.93333,29.6,77.3,25.1925,0,0,1,1,11
166,2026-06-01T05:29:59.175Z,66,47.6,43.93333,29.6,77.3,25.1925,0,0,1,1,11
167,2026-06-01T05:31:59.170Z,69.2,47.6,43.93333,29.6,77.3,25.1925,0,0,1,1,11
168,2026-06-01T05:33:59.165Z,72.4,47.6,43.93333,29.6,77.3,25.1925,0,0,1,1,11
169,2026-06-01T05:35:59.160Z,75.6,47.6,43.93333,29.6,77.3,25.1925,0,0,1,1,11
170,2026-06-01T05:37:59.155Z,78.8,47.6,43.93333,29.6,77.3,25.1925,0,0,1,1,11
171,2026-06-01T05:39:59.150Z,82,47.6,43.93333,29.6,77.3,25.1925,0,0,1,1,11
172,2026-06-01T05:41:59.145Z,85.2,47.6,43.93333,29.6,77.3,25.1925,0,0,1,1,11
173,2026-06-01T05:43:59.140Z,88.4,47.6,43.93333,29.6,77.3,25.1925,0,0,1,1,11
174,2026-06-01T05:45:59.135Z,91.6,47.6,43.93333,29.6,77.3,25.1925,0,0,1,1,11
175,2026-06-01T05:47:59.130Z,94.8,46.33333,43.66667,29.6,77.5,25.23601,0,0,1,1,11
176,2026-06-01T05:49:59.125Z,98,46.33333,43.66667,29.6,77.5,25.23601,0,0,1,1,11
177,2026-06-01T05:51:59.120Z,95.5,46.33333,43.66667,29.6,77.5,25.23601,0,0,1,1,11
178,2026-06-01T05:53:59.115Z,93,46.33333,43.66667,29.6,77.5,25.23601,0,0,1,1,11
179,2026-06-01T05:55:59.110Z,90.5,46.33333,43.66667,29.6,77.5,25.23601,0,0,1,1,11
180,2026-06-01T05:57:59.105Z,88,46.33333,43.66667,29.6,77.5,25.23601,0,0,1,1,11
181,2026-06-01T05:59:59.100Z,85.5,46.33333,43.66667,29.6,77.5,25.23601,0,0,1,1,11
182,2026-06-01T06:01:59.095Z,83,46.33333,43.66667,29.6,77.5,25.23601,0,0,1,1,11
183,2026-06-01T06:03:59.090Z,80.5,48.6,40,29.6,78.5,25.4521,0,0,1,1,11
184,2026-06-01T06:05:59.085Z,78,48.6,40,29.6,78.5,25.4521,0,0,1,1,11
185,2026-06-01T06:07:59.080Z,75.5,48.6,40,29.6,78.5,25.4521,0,0,1,1,11
186,2026-06-01T06:09:59.075Z,73,48.6,40,29.6,78.5,25.4521,0,0,1,1,11
187,2026-06-01T06:11:59.070Z,70.5,48.6,40,29.6,78.5,25.4521,0,0,1,1,11
188,2026-06-01T06:13:59.065Z,68,48.6,40,29.6,78.5,25.4521,0,0,1,1,11
189,2026-06-01T06:15:59.060Z,65.5,48.6,40,29.6,78.5,25.4521,0,0,1,1,11
190,2026-06-01T06:17:59.055Z,63,48.6,40,29.6,78.5,25.4521,0,0,1,1,11
191,2026-06-01T06:19:59.050Z,60.5,48.6,40,29.6,78.5,25.4521,0,0,1,1,11
192,2026-06-01T06:21:59.045Z,58,48.6,40,29.6,78.5,25.4521,0,0,1,1,11
193,2026-06-01T06:23:59.040Z,55.5,48.6,40,29.6,78.5,25.4521,0,0,1,1,11
194,2026-06-01T06:25:59.035Z,53,48.46667,43.26667,29.6,78.7,25.49503,0,0,1,1,11
195,2026-06-01T06:27:59.030Z,50.5,48.46667,43.26667,29.6,78.7,25.49503,0,0,1,1,11
196,2026-06-01T06:29:59.025Z,48,48.46667,43.26667,29.6,78.7,25.49503,0,1,1,1,111
197,2026-06-01T06:31:59.020Z,45.5,48.46667,43.26667,29.6,78.7,25.49503,0,1,1,1,111
198,2026-06-01T06:33:59.015Z,43,48.46667,43.26667,29.6,78.7,25.49503,0,1,1,1,111
199,2026-06-01T06:35:59.010Z,40.5,48.46667,43.26667,29.6,78.7,25.49503,0,1,1,1,111
200,2026-06-01T06:37:59.005Z,38,48.46667,43.26667,29.6,78.7,25.49503,0,1,1,1,111
201,2026-06-01T06:39:59.000Z,35.5,48.46667,43.26667,29.6,78.7,25.49503,0,1,1,1,111
202,2026-06-01T06:41:58.995Z,33,48.46667,43.26667,29.6,78.7,25.49503,0,1,1,1,111
203,2026-06-01T06:43:58.990Z,30.5,48.46667,43.26667,29.6,78.7,25.49503,0,1,1,1,111
204,2026-06-01T06:45:58.985Z,28,51.33333,40.46667,29.6,79.2,25.60195,0,1,0,1,101
205,2026-06-01T06:47:58.980Z,25.5,51.33333,40.46667,29.6,79.2,25.60195,0,1,0,1,101
206,2026-06-01T06:49:58.975Z,23,51.33333,40.46667,29.6,79.2,25.60195,0,1,0,1,101
207,2026-06-01T06:51:58.970Z,20.5,51.33333,40.46667,29.6,79.2,25.60195,0,1,0,1,101
208,2026-06-01T06:53:58.965Z,18,51.33333,40.46667,29.6,79.2,25.60195,0,1,0,1,101
209,2026-06-01T06:55:58.960Z,15.5,51.33333,40.46667,29.6,79.2,25.60195,0,1,0,1,101
210,2026-06-01T06:57:58.955Z,13,51.33333,40.46667,29.6,79.2,25.60195,0,1,0,1,101
211,2026-06-01T06:59:58.950Z,10.5,51.33333,40.46667,29.6,79.2,25.60195,0,1,0,1,101
212,2026-06-01T07:01:58.945Z,8,51.33333,40.46667,29.6,79.2,25.60195,0,1,0,1,101
213,2026-06-01T07:03:58.940Z,5.5,51.33333,40.46667,29.6,79.2,25.60195,0,1,0,1,101
214,2026-06-01T07:05:58.935Z,3,51.33333,40.46667,29.6,79.2,25.60195,0,1,0,1,101
215,2026-06-01T07:07:58.930Z,0.5,47.2,40.6,29.6,79.1,25.58061,0,1,1,1,111
216,2026-06-01T07:09:58.925Z,0,47.2,40.6,29.6,79.1,25.58061,0,1,1,1,111
217,2026-06-01T07:11:58.920Z,0,47.2,40.6,29.6,79.1,25.58061,0,1,1,1,111
218,2026-06-01T07:13:58.915Z,0,47.2,40.6,29.6,79.1,25.58061,0,1,1,1,111
219,2026-06-01T07:15:58.910Z,0,47.2,40.6,29.6,79.1,25.58061,0,1,1,1,111
220,2026-06-01T07:17:58.905Z,0,47.2,40.6,29.6,79.1,25.58061,0,1,1,1,111
221,2026-06-01T07:19:58.900Z,0,47.2,40.6,29.6,79.1,25.58061,0,1,1,1,111
222,2026-06-01T07:21:58.895Z,0,47.2,40.6,29.6,79.1,25.58061,0,1,1,1,111
223,2026-06-01T07:23:58.890Z,0,47.2,40.6,29.6,79.1,25.58061,0,1,1,1,111
224,2026-06-01T07:25:58.885Z,0,47.2,40.6,29.6,79.1,25.58061,0,1,1,1,111
225,2026-06-01T07:27:58.880Z,0,47.06667,39.53333,29.6,79.3,25.62326,0,1,1,1,111
226,2026-06-01T07:29:58.875Z,0,47.06667,39.53333,29.6,79.3,25.62326,0,1,1,1,111
227,2026-06-01T07:31:58.870Z,0,47.06667,39.53333,29.6,79.3,25.62326,0,1,1,1,111
228,2026-06-01T07:33:58.865Z,0,47.06667,39.53333,29.6,79.3,25.62326,0,1,1,1,111
229,2026-06-01T07:35:58.860Z,0,47.06667,39.53333,29.6,79.3,25.62326,0,1,1,1,111
230,2026-06-01T07:37:58.855Z,0,47.06667,39.53333,29.6,79.3,25.62326,0,1,1,1,111
231,2026-06-01T07:39:58.850Z,0,47.06667,39.53333,29.6,79.3,25.62326,0,1,1,1,111
232,2026-06-01T07:41:58.845Z,0,47.06667,39.53333,29.6,79.3,25.62326,0,1,1,1,111
233,2026-06-01T07:43:58.840Z,0,47.06667,39.53333,29.6,79.3,25.62326,0,1,1,1,111
234,2026-06-01T07:45:58.835Z,0,47.06667,39.53333,29.6,79.3,25.62326,0,1,1,1,111
235,2026-06-01T07:47:58.830Z,0,48.33333,44.2,29.6,79.8,25.72947,0,1,1,1,111
236,2026-06-01T07:49:58.825Z,0,48.33333,44.2,29.6,79.8,25.72947,0,1,1,1,111
237,2026-06-01T07:51:58.820Z,0,48.33333,44.2,29.6,79.8,25.72947,0,1,1,1,111
238,2026-06-01T07:53:58.815Z,0,48.33333,44.2,29.6,79.8,25.72947,0,1,1,1,111
239,2026-06-01T07:55:58.810Z,0,48.33333,44.2,29.6,79.8,25.72947,0,1,1,1,111
240,2026-06-01T07:57:58.805Z,0,48.33333,44.2,29.6,79.8,25.72947,0,1,1,1,111
241,2026-06-01T07:59:58.800Z,0,48.33333,44.2,29.6,79.8,25.72947,0,1,1,1,111
242,2026-06-01T08:01:58.795Z,0,48.33333,44.2,29.6,79.8,25.72947,0,1,1,1,111
243,2026-06-01T08:03:58.790Z,0,48.33333,44.2,29.6,79.8,25.72947,0,1,1,1,111
244,2026-06-01T08:05:58.785Z,0,48.33333,44.2,29.6,79.8,25.72947,0,1,1,1,111
245,2026-06-01T08:07:58.780Z,30,48.33333,44.2,29.6,79.8,25.72947,0,1,1,1,111
246,2026-06-01T08:09:58.775Z,30,48.53333,40.8,29.6,80.6,25.8982,0,1,1,1,111
247,2026-06-01T08:11:58.770Z,30,48.53333,40.8,29.6,80.6,25.8982,0,1,1,1,111
248,2026-06-01T08:13:58.765Z,30,48.53333,40.8,29.6,80.6,25.8982,0,1,1,1,111
249,2026-06-01T08:15:58.760Z,30,48.53333,40.8,29.6,80.6,25.8982,0,1,1,1,111
250,2026-06-01T08:17:58.755Z,8.133333,48.53333,40.8,29.6,80.6,25.8982,0,1,1,1,111
251,2026-06-01T08:19:58.750Z,8.133333,48.53333,40.8,29.6,80.6,25.8982,0,1,1,1,111
252,2026-06-01T08:21:58.745Z,8.133333,48.53333,40.8,29.6,80.6,25.8982,0,1,1,1,111
253,2026-06-01T08:23:58.740Z,8.133333,48.53333,40.8,29.6,80.6,25.8982,0,1,1,1,111
254,2026-06-01T08:25:58.735Z,8.133333,48.53333,40.8,29.6,80.6,25.8982,0,1,1,1,111
255,2026-06-01T08:27:58.730Z,8.133333,48.53333,40.8,29.6,80.6,25.8982,0,1,1,1,111
256,2026-06-01T08:29:58.725Z,8.133333,50,38.2,29.6,79.7,25.70827,0,1,0,1,101
257,2026-06-01T08:31:58.720Z,8.133333,50,38.2,29.6,79.7,25.70827,0,1,0,1,101
258,2026-06-01T08:33:58.715Z,8.133333,50,38.2,29.6,79.7,25.70827,0,1,0,1,101
259,2026-06-01T08:35:58.710Z,6.4,50,38.2,29.6,79.7,25.70827,0,1,0,1,101
260,2026-06-01T08:37:58.705Z,6.4,50,38.2,29.6,79.7,25.70827,0,1,0,1,101
261,2026-06-01T08:39:58.700Z,6.4,50,38.2,29.6,79.7,25.70827,0,1,0,1,101
262,2026-06-01T08:41:58.695Z,6.4,50,38.2,29.6,79.7,25.70827,0,1,0,1,101
263,2026-06-01T08:43:58.690Z,6.4,50,38.2,29.6,79.7,25.70827,0,1,0,1,101
264,2026-06-01T08:45:58.685Z,6.4,50,38.2,29.6,79.7,25.70827,0,1,0,1,101
265,2026-06-01T08:47:58.680Z,6.4,50,38.2,29.6,79.7,25.70827,0,1,0,1,101
266,2026-06-01T08:49:58.675Z,6.4,50,38.2,29.6,79.7,25.70827,0,1,0,1,101
267,2026-06-01T08:51:58.670Z,6.4,47.13334,40.4,29.6,79.5,25.66581,0,1,1,1,111
268,2026-06-01T08:53:58.665Z,6.4,47.13334,40.4,29.6,79.5,25.66581,0,1,1,1,111
269,2026-06-01T08:55:58.660Z,13.8,47.13334,40.4,29.6,79.5,25.66581,0,1,1,1,111
270,2026-06-01T08:57:58.655Z,13.8,47.13334,40.4,29.6,79.5,25.66581,0,1,1,1,111
271,2026-06-01T08:59:58.650Z,13.8,47.13334,40.4,29.6,79.5,25.66581,0,1,1,1,111
272,2026-06-01T09:01:58.645Z,13.8,47.13334,40.4,29.6,79.5,25.66581,0,1,1,1,111
273,2026-06-01T09:03:58.640Z,13.8,47.13334,40.4,29.6,79.5,25.66581,0,1,1,1,111
274,2026-06-01T09:05:58.635Z,13.8,47.13334,40.4,29.6,79.5,25.66581,0,1,1,1,111
275,2026-06-01T09:07:58.630Z,13.8,47.13334,40.4,29.6,79.5,25.66581,0,1,1,1,111
276,2026-06-01T09:09:58.625Z,13.8,47.13334,40.4,29.6,79.5,25.66581,0,1,1,1,111
277,2026-06-01T09:11:58.620Z,13.8,48.13334,37.13334,29.6,79.5,25.66581,0,1,1,1,111
278,2026-06-01T09:13:58.615Z,13.8,48.13334,37.13334,29.6,79.5,25.66581,0,1,1,1,111
279,2026-06-01T09:15:58.610Z,13.8,48.13334,37.13334,29.6,79.5,25.66581,0,1,1,1,111
280,2026-06-01T09:17:58.605Z,10.8,48.13334,37.13334,29.6,79.5,25.66581,0,1,1,1,111
281,2026-06-01T09:19:58.600Z,10.8,48.13334,37.13334,29.6,79.5,25.66581,0,1,1,1,111
282,2026-06-01T09:21:58.595Z,10.8,48.13334,37.13334,29.6,79.5,25.66581,0,1,1,1,111
283,2026-06-01T09:23:58.590Z,10.8,48.13334,37.13334,29.6,79.5,25.66581,0,1,1,1,111
284,2026-06-01T09:25:58.585Z,10.8,48.13334,37.13334,29.6,79.5,25.66581,0,1,1,1,111
285,2026-06-01T09:27:58.580Z,10.8,48.13334,37.13334,29.6,79.5,25.66581,0,1,1,1,111
286,2026-06-01T09:29:58.575Z,10.8,48.13334,37.13334,29.6,79.5,25.66581,0,1,1,1,111
287,2026-06-01T09:31:58.570Z,10.8,48.13334,37.13334,29.6,79.5,25.66581,0,1,1,1,111
288,2026-06-01T09:33:58.565Z,10.8,48.4,36.06667,29.5,79.4,25.54748,0,1,1,1,111
289,2026-06-01T09:35:58.560Z,10.8,48.4,36.06667,29.5,79.4,25.54748,0,1,1,1,111
290,2026-06-01T09:37:58.555Z,7.4,48.4,36.06667,29.5,79.4,25.54748,0,1,1,1,111
291,2026-06-01T09:39:58.550Z,7.4,48.4,36.06667,29.5,79.4,25.54748,0,1,1,1,111
292,2026-06-01T09:41:58.545Z,7.4,48.4,36.06667,29.5,79.4,25.54748,0,1,1,1,111
293,2026-06-01T09:43:58.540Z,7.4,48.4,36.06667,29.5,79.4,25.54748,0,1,1,1,111
294,2026-06-01T09:45:58.535Z,7.4,48.4,36.06667,29.5,79.4,25.54748,0,1,1,1,111
295,2026-06-01T09:47:58.530Z,7.4,48.4,36.06667,29.5,79.4,25.54748,0,1,1,1,111
296,2026-06-01T09:49:58.525Z,7.4,48.4,36.06667,29.5,79.4,25.54748,0,1,1,1,111
297,2026-06-01T09:51:58.520Z,7.4,48.4,36.06667,29.5,79.4,25.54748,0,1,1,1,111
298,2026-06-01T09:53:58.515Z,7.4,48.4,36.06667,29.5,79.4,25.54748,0,1,1,1,111
299,2026-06-01T09:55:58.510Z,7.4,48.46667,36,29.5,79.5,25.56873,0,1,1,1,111
300,2026-06-01T09:57:58.505Z,4.066667,48.46667,36,29.5,79.5,25.56873,0,1,1,1,111
301,2026-06-01T09:59:58.500Z,4.066667,48.46667,36,29.5,79.5,25.56873,0,1,1,1,111
302,2026-06-01T10:01:58.495Z,4.066667,48.46667,36,29.5,79.5,25.56873,0,1,1,1,111
303,2026-06-01T10:03:58.490Z,4.066667,48.46667,36,29.5,79.5,25.56873,0,1,1,1,111
304,2026-06-01T10:05:58.485Z,4.066667,48.46667,36,29.5,79.5,25.56873,0,1,1,1,111
305,2026-06-01T10:07:58.480Z,4.066667,48.46667,36,29.5,79.5,25.56873,0,1,1,1,111
306,2026-06-01T10:09:58.475Z,4.066667,48.46667,36,29.5,79.5,25.56873,0,1,1,1,111
307,2026-06-01T10:11:58.470Z,4.066667,48.46667,36,29.5,79.5,25.56873,0,1,1,1,111
308,2026-06-01T10:13:58.465Z,4.066667,48.46667,36,29.5,79.5,25.56873,0,1,1,1,111
309,2026-06-01T10:15:58.460Z,3.189474105,47.6,37.6,29.5,79.7,25.61116,0,1,1,1,111
310,2026-06-01T10:17:58.455Z,2.926316237,47.6,37.6,29.5,79.7,25.61116,0,1,1,1,111
311,2026-06-01T10:19:58.450Z,2.663158368,47.6,37.6,29.5,79.7,25.61116,0,1,1,1,111
312,2026-06-01T10:21:58.445Z,2.4000005,47.6,37.6,29.5,79.7,25.61116,0,1,1,1,111
313,2026-06-01T10:23:58.440Z,2.136842632,47.6,37.6,29.5,79.7,25.61116,0,1,1,1,111
314,2026-06-01T10:25:58.435Z,1.873684763,47.6,37.6,29.5,79.7,25.61116,0,1,1,1,111
315,2026-06-01T10:27:58.430Z,1.610526895,47.6,37.6,29.5,79.7,25.61116,0,1,1,1,111
316,2026-06-01T10:29:58.425Z,1.347369026,47.6,37.6,29.5,79.7,25.61116,0,1,1,1,111
317,2026-06-01T10:31:58.420Z,1.084211158,47.6,37.6,29.5,79.7,25.61116,0,1,1,1,111
318,2026-06-01T10:33:58.415Z,0.821053289,47.6,37.6,29.5,79.7,25.61116,0,1,1,1,111
319,2026-06-01T10:35:58.410Z,0.557895421,47.6,37.6,29.5,79.7,25.61116,0,1,1,1,111
320,2026-06-01T10:37:58.405Z,0.294737553,47.73333,32.8,29.5,80,25.67463,0,1,1,1,111
321,2026-06-01T10:39:58.400Z,0.031579684,47.73333,32.8,29.5,80,25.67463,0,1,1,1,111
322,2026-06-01T10:41:58.395Z,0,47.73333,32.8,29.5,80,25.67463,0,1,1,1,111
323,2026-06-01T10:43:58.390Z,0,47.73333,32.8,29.5,80,25.67463,0,1,1,1,111
324,2026-06-01T10:45:58.385Z,0,47.73333,32.8,29.5,80,25.67463,0,1,1,1,111
325,2026-06-01T10:47:58.380Z,0,47.73333,32.8,29.5,80,25.67463,0,1,1,1,111
326,2026-06-01T10:49:58.375Z,0,47.73333,32.8,29.5,80,25.67463,0,1,1,1,111
327,2026-06-01T10:51:58.370Z,0,47.73333,32.8,29.5,80,25.67463,0,1,1,1,111
328,2026-06-01T10:53:58.365Z,0,47.73333,32.8,29.5,80,25.67463,0,1,1,1,111
329,2026-06-01T10:55:58.360Z,0,47.73333,32.8,29.5,80,25.67463,0,1,1,1,111
330,2026-06-01T10:57:58.355Z,0,47.53333,30.8,29.5,80.1,25.69574,0,1,1,1,111
331,2026-06-01T10:59:58.350Z,0,47.53333,30.8,29.5,80.1,25.69574,0,1,1,1,111
332,2026-06-01T11:01:58.345Z,0,47.53333,30.8,29.5,80.1,25.69574,0,1,1,1,111
333,2026-06-01T11:03:58.340Z,0,47.53333,30.8,29.5,80.1,25.69574,0,1,1,1,111
334,2026-06-01T11:05:58.335Z,0,47.53333,30.8,29.5,80.1,25.69574,0,1,1,1,111
335,2026-06-01T11:07:58.330Z,0,47.53333,30.8,29.5,80.1,25.69574,0,1,1,1,111
336,2026-06-01T11:09:58.325Z,0,47.53333,30.8,29.5,80.1,25.69574,0,1,1,1,111
337,2026-06-01T11:11:58.320Z,0,47.53333,30.8,29.5,80.1,25.69574,0,1,1,1,111
338,2026-06-01T11:13:58.315Z,0,47.53333,30.8,29.5,80.1,25.69574,0,1,1,1,111
339,2026-06-01T11:15:58.310Z,0,47.53333,30.8,29.5,80.1,25.69574,0,1,1,1,111
340,2026-06-01T11:17:58.305Z,0,47.06667,26.6,29.5,80.5,25.77995,0,1,1,1,111
341,2026-06-01T11:19:58.300Z,0,47.06667,26.6,29.5,80.5,25.77995,0,1,1,1,111
342,2026-06-01T11:21:58.295Z,0,47.06667,26.6,29.5,80.5,25.77995,0,1,1,1,111
343,2026-06-01T11:23:58.290Z,0,47.06667,26.6,29.5,80.5,25.77995,0,1,1,1,111
344,2026-06-01T11:25:58.285Z,0,47.06667,26.6,29.5,80.5,25.77995,0,1,1,1,111
345,2026-06-01T11:27:58.280Z,0,47.06667,26.6,29.5,80.5,25.77995,0,1,1,1,111
346,2026-06-01T11:29:58.275Z,0,47.06667,26.6,29.5,80.5,25.77995,0,1,1,1,111
347,2026-06-01T11:31:58.270Z,0,47.06667,26.6,29.5,80.5,25.77995,0,1,1,1,111
348,2026-06-01T11:33:58.265Z,0,47.06667,26.6,29.5,80.5,25.77995,0,1,1,1,111
349,2026-06-01T11:35:58.260Z,0,47.06667,26.6,29.5,80.5,25.77995,0,1,1,1,111
350,2026-06-01T11:37:58.255Z,0,48.33333,26.73333,29.5,80.7,25.82192,0,1,1,1,111
351,2026-06-01T11:39:58.250Z,0,48.33333,26.73333,29.5,80.7,25.82192,0,1,1,1,111
352,2026-06-01T11:41:58.245Z,0,48.33333,26.73333,29.5,80.7,25.82192,0,1,1,1,111
353,2026-06-01T11:43:58.240Z,0,48.33333,26.73333,29.5,80.7,25.82192,0,1,1,1,111
354,2026-06-01T11:45:58.235Z,0,48.33333,26.73333,29.5,80.7,25.82192,0,1,1,1,111
355,2026-06-01T11:47:58.230Z,0,48.33333,26.73333,29.5,80.7,25.82192,0,1,1,1,111
356,2026-06-01T11:49:58.225Z,0,48.33333,26.73333,29.5,80.7,25.82192,0,1,1,1,111
357,2026-06-01T11:51:58.220Z,0,48.33333,26.73333,29.5,80.7,25.82192,0,1,1,1,111
358,2026-06-01T11:53:58.215Z,0,48.33333,26.73333,29.5,80.7,25.82192,0,1,1,1,111
359,2026-06-01T11:55:58.210Z,0,48.33333,26.73333,29.5,80.7,25.82192,0,1,1,1,111
360,2026-06-01T11:57:58.205Z,0,47.8,25.53333,29.6,82,26.19001,0,1,1,1,111
361,2026-06-01T11:59:58.000Z,0,47.8,25.53333,29.6,82,26.19001,0,1,1,1,111
362,2026-06-01T12:01:58.195Z,0,47.8,25.53333,29.6,82,26.19001,0,1,1,1,111
363,2026-06-01T12:03:58.190Z,0,47.8,25.53333,29.6,82,26.19001,0,1,1,1,111
364,2026-06-01T12:05:58.185Z,0,47.8,25.53333,29.6,82,26.19001,0,1,1,1,111
365,2026-06-01T12:07:58.180Z,0,47.8,25.53333,29.6,82,26.19001,0,1,1,1,111
366,2026-06-01T12:09:58.175Z,0,47.8,25.53333,29.6,82,26.19001,0,1,1,1,111
367,2026-06-01T12:11:58.170Z,0,47.8,25.53333,29.6,82,26.19001,0,1,1,1,111
368,2026-06-01T12:13:58.165Z,0,47.8,25.53333,29.6,82,26.19001,0,1,1,1,111
369,2026-06-01T12:15:58.160Z,0,47.8,25.53333,29.6,82,26.19001,0,1,1,1,111
370,2026-06-01T12:17:58.155Z,0,48.4,28.2,29.6,83,26.39579,0,1,1,1,111
371,2026-06-01T12:19:58.150Z,0,48.4,28.2,29.6,83,26.39579,0,1,1,1,111
372,2026-06-01T12:21:58.145Z,0,48.4,28.2,29.6,83,26.39579,0,1,1,1,111
373,2026-06-01T12:23:58.140Z,0,48.4,28.2,29.6,83,26.39579,0,1,1,1,111
374,2026-06-01T12:25:58.135Z,0,48.4,28.2,29.6,83,26.39579,0,1,1,1,111
375,2026-06-01T12:27:58.130Z,0,48.4,28.2,29.6,83,26.39579,0,1,1,1,111
376,2026-06-01T12:29:58.125Z,0,48.4,28.2,29.6,83,26.39579,0,1,1,1,111
377,2026-06-01T12:31:58.120Z,0,48.4,28.2,29.6,83,26.39579,0,1,1,1,111
378,2026-06-01T12:33:58.115Z,0,48.4,28.2,29.6,83,26.39579,0,1,1,1,111
379,2026-06-01T12:35:58.110Z,0,48.4,28.2,29.6,83,26.39579,0,1,1,1,111
380,2026-06-01T12:37:58.105Z,0,48.4,28.2,29.6,83,26.39579,0,1,1,1,111
381,2026-06-01T12:39:58.100Z,0,47.26667,23.93333,29.6,83.7,26.53856,0,1,1,1,111
382,2026-06-01T12:41:58.095Z,0,47.26667,23.93333,29.6,83.7,26.53856,0,1,1,1,111
383,2026-06-01T12:43:58.090Z,0,47.26667,23.93333,29.6,83.7,26.53856,0,1,1,1,111
384,2026-06-01T12:45:58.085Z,0,47.26667,23.93333,29.6,83.7,26.53856,0,1,1,1,111
385,2026-06-01T12:47:58.080Z,0,47.26667,23.93333,29.6,83.7,26.53856,0,1,1,1,111
386,2026-06-01T12:49:58.075Z,0,47.26667,23.93333,29.6,83.7,26.53856,0,1,1,1,111
387,2026-06-01T12:51:58.070Z,0,47.26667,23.93333,29.6,83.7,26.53856,0,1,1,1,111
388,2026-06-01T12:53:58.065Z,0,47.26667,23.93333,29.6,83.7,26.53856,0,1,1,1,111
389,2026-06-01T12:55:58.060Z,0,47.26667,23.93333,29.6,83.7,26.53856,0,1,1,1,111
390,2026-06-01T12:57:58.055Z,0,47.26667,23.93333,29.6,83.7,26.53856,0,1,1,1,111
391,2026-06-01T12:59:58.050Z,0,47.06667,24.6,29.6,84.2,26.6399,0,1,1,1,111
392,2026-06-01T13:01:58.045Z,0,47.06667,24.6,29.6,84.2,26.6399,0,1,1,1,111
393,2026-06-01T13:03:58.040Z,0,47.06667,24.6,29.6,84.2,26.6399,0,1,1,1,111
394,2026-06-01T13:05:58.035Z,0,47.06667,24.6,29.6,84.2,26.6399,0,1,1,1,111
395,2026-06-01T13:07:58.030Z,0,47.06667,24.6,29.6,84.2,26.6399,0,1,1,1,111
396,2026-06-01T13:09:58.025Z,0,47.06667,24.6,29.6,84.2,26.6399,0,1,1,1,111
397,2026-06-01T13:11:58.020Z,0,47.06667,24.6,29.6,84.2,26.6399,0,1,1,1,111
398,2026-06-01T13:13:58.015Z,0,47.06667,24.6,29.6,84.2,26.6399,0,1,1,1,111
399,2026-06-01T13:15:58.010Z,0,47.06667,24.6,29.6,84.2,26.6399,0,1,1,1,111
400,2026-06-01T13:17:58.005Z,0,47.06667,24.6,29.6,84.2,26.6399,0,1,1,1,111
401,2026-06-01T13:19:58.000Z,0,49.13334,24,29.6,84.5,26.70046,0,1,1,1,111
402,2026-06-01T13:21:57.995Z,0,49.13334,24,29.6,84.5,26.70046,0,1,1,1,111
403,2026-06-01T13:23:57.990Z,0,49.13334,24,29.6,84.5,26.70046,0,1,1,1,111
404,2026-06-01T13:25:57.985Z,0,49.13334,24,29.6,84.5,26.70046,0,1,1,1,111
405,2026-06-01T13:27:57.980Z,0,49.13334,24,29.6,84.5,26.70046,0,1,1,1,111
406,2026-06-01T13:29:57.975Z,0,49.13334,24,29.6,84.5,26.70046,0,1,1,1,111
407,2026-06-01T13:31:57.970Z,0,49.13334,24,29.6,84.5,26.70046,0,1,1,1,111
408,2026-06-01T13:33:57.965Z,0,49.13334,24,29.6,84.5,26.70046,0,1,1,1,111
409,2026-06-01T13:35:57.960Z,0,49.13334,24,29.6,84.5,26.70046,0,1,1,1,111
410,2026-06-01T13:37:57.955Z,0,49.13334,24,29.6,84.5,26.70046,0,1,1,1,111
411,2026-06-01T13:39:57.950Z,0,49.13334,24,29.6,84.5,26.70046,0,1,1,1,111
412,2026-06-01T13:41:57.945Z,0,48.26667,21.86667,29.5,84.8,26.66293,0,1,1,1,111
413,2026-06-01T13:43:57.940Z,0,48.26667,21.86667,29.5,84.8,26.66293,0,1,1,1,111
414,2026-06-01T13:45:57.935Z,0,48.26667,21.86667,29.5,84.8,26.66293,0,1,1,1,111
415,2026-06-01T13:47:57.930Z,0,48.26667,21.86667,29.5,84.8,26.66293,0,1,1,1,111
416,2026-06-01T13:49:57.925Z,0,48.26667,21.86667,29.5,84.8,26.66293,0,1,1,1,111
417,2026-06-01T13:51:57.920Z,0,48.26667,21.86667,29.5,84.8,26.66293,0,1,1,1,111
418,2026-06-01T13:53:57.915Z,0,48.26667,21.86667,29.5,84.8,26.66293,0,1,1,1,111
419,2026-06-01T13:55:57.910Z,0,48.26667,21.86667,29.5,84.8,26.66293,0,1,1,1,111
420,2026-06-01T13:57:57.905Z,0,48.26667,21.86667,29.5,84.8,26.66293,0,1,1,1,111
421,2026-06-01T13:59:57.900Z,0,48.26667,21.86667,29.5,84.8,26.66293,0,1,1,1,111
422,2026-06-01T14:01:57.895Z,0,48.26667,21.86667,29.5,84.8,26.66293,0,1,1,1,111
423,2026-06-01T14:03:57.890Z,0,47.66667,23.06667,29.5,85.1,26.72307,0,1,1,1,111
424,2026-06-01T14:05:57.885Z,0,47.66667,23.06667,29.5,85.1,26.72307,0,1,1,1,111
425,2026-06-01T14:07:57.880Z,0,47.66667,23.06667,29.5,85.1,26.72307,0,1,1,1,111
426,2026-06-01T14:09:57.875Z,0,47.66667,23.06667,29.5,85.1,26.72307,0,1,1,1,111
427,2026-06-01T14:11:57.870Z,0,47.66667,23.06667,29.5,85.1,26.72307,0,1,1,1,111
428,2026-06-01T14:13:57.865Z,0,47.66667,23.06667,29.5,85.1,26.72307,0,1,1,1,111
429,2026-06-01T14:15:57.860Z,0,47.66667,23.06667,29.5,85.1,26.72307,0,1,1,1,111
430,2026-06-01T14:17:57.855Z,0,47.66667,23.06667,29.5,85.1,26.72307,0,1,1,1,111
431,2026-06-01T14:19:57.850Z,0,47.66667,23.06667,29.5,85.1,26.72307,0,1,1,1,111
432,2026-06-01T14:21:57.845Z,0,47.66667,23.06667,29.5,85.1,26.72307,0,1,1,1,111
433,2026-06-01T14:23:57.840Z,0,48.26667,19.86667,29.5,85.4,26.78302,0,1,1,1,111
434,2026-06-01T14:25:57.835Z,0,48.26667,19.86667,29.5,85.4,26.78302,0,1,1,1,111
435,2026-06-01T14:27:57.830Z,0,48.26667,19.86667,29.5,85.4,26.78302,0,1,1,1,111
436,2026-06-01T14:29:57.825Z,0,48.26667,19.86667,29.5,85.4,26.78302,0,1,1,1,111
437,2026-06-01T14:31:57.820Z,0,48.26667,19.86667,29.5,85.4,26.78302,0,1,1,1,111
438,2026-06-01T14:33:57.815Z,0,48.26667,19.86667,29.5,85.4,26.78302,0,1,1,1,111
439,2026-06-01T14:35:57.810Z,0,48.26667,19.86667,29.5,85.4,26.78302,0,1,1,1,111
440,2026-06-01T14:37:57.805Z,0,48.26667,19.86667,29.5,85.4,26.78302,0,1,1,1,111
441,2026-06-01T14:39:57.800Z,0,48.26667,19.86667,29.5,85.4,26.78302,0,1,1,1,111
442,2026-06-01T14:41:57.795Z,0,48.26667,19.86667,29.5,85.4,26.78302,0,1,1,1,111
443,2026-06-01T14:43:57.790Z,0,46.53333,18.86667,29.5,85,26.70304,0,1,1,1,111
444,2026-06-01T14:45:57.785Z,0,46.53333,18.86667,29.5,85,26.70304,0,1,1,1,111
445,2026-06-01T14:47:57.780Z,0,46.53333,18.86667,29.5,85,26.70304,0,1,1,1,111
446,2026-06-01T14:49:57.775Z,0,46.53333,18.86667,29.5,85,26.70304,0,1,1,1,111
447,2026-06-01T14:51:57.770Z,0,46.53333,18.86667,29.5,85,26.70304,0,1,1,1,111
448,2026-06-01T14:53:57.765Z,0,46.53333,18.86667,29.5,85,26.70304,0,1,1,1,111
449,2026-06-01T14:55:57.760Z,0,46.53333,18.86667,29.5,85,26.70304,0,1,1,1,111
450,2026-06-01T14:57:57.755Z,0,46.53333,18.86667,29.5,85,26.70304,0,1,1,1,111
451,2026-06-01T14:59:57.750Z,0,46.53333,18.86667,29.5,85,26.70304,0,1,1,1,111
452,2026-06-01T15:01:57.745Z,0,46.53333,18.86667,29.5,85,26.70304,0,1,1,1,111
453,2026-06-01T15:03:57.740Z,0,49.33333,20.93333,29.5,85,26.70304,0,1,1,1,111
454,2026-06-01T15:05:57.735Z,0,49.33333,20.93333,29.5,85,26.70304,0,1,1,1,111
455,2026-06-01T15:07:57.730Z,0,49.33333,20.93333,29.5,85,26.70304,0,1,1,1,111
456,2026-06-01T15:09:57.725Z,0,49.33333,20.93333,29.5,85,26.70304,0,1,1,1,111
457,2026-06-01T15:11:57.720Z,0,49.33333,20.93333,29.5,85,26.70304,0,1,1,1,111
458,2026-06-01T15:13:57.715Z,0,49.33333,20.93333,29.5,85,26.70304,0,1,1,1,111
459,2026-06-01T15:15:57.710Z,0,49.33333,20.93333,29.5,85,26.70304,0,1,1,1,111
460,2026-06-01T15:17:57.705Z,0,49.33333,20.93333,29.5,85,26.70304,0,1,1,1,111
461,2026-06-01T15:19:57.700Z,0,49.33333,20.93333,29.5,85,26.70304,0,1,1,1,111
462,2026-06-01T15:21:57.695Z,0,49.33333,20.93333,29.5,85,26.70304,0,1,1,1,111
463,2026-06-01T15:23:57.690Z,0,49.33333,20.93333,29.5,85,26.70304,0,1,1,1,111
464,2026-06-01T15:25:57.685Z,0,49.86666,21.2,29.5,85.1,26.72307,0,1,1,1,111
465,2026-06-01T15:27:57.680Z,0,49.86666,21.2,29.5,85.1,26.72307,0,1,1,1,111
466,2026-06-01T15:29:57.675Z,0,49.86666,21.2,29.5,85.1,26.72307,0,1,1,1,111
467,2026-06-01T15:31:57.670Z,0,49.86666,21.2,29.5,85.1,26.72307,0,1,1,1,111
468,2026-06-01T15:33:57.665Z,0,49.86666,21.2,29.5,85.1,26.72307,0,1,1,1,111
469,2026-06-01T15:35:57.660Z,0,49.86666,21.2,29.5,85.1,26.72307,0,1,1,1,111
470,2026-06-01T15:37:57.655Z,0,49.86666,21.2,29.5,85.1,26.72307,0,1,1,1,111
471,2026-06-01T15:39:57.650Z,0,49.86666,21.2,29.5,85.1,26.72307,0,1,1,1,111
472,2026-06-01T15:41:57.645Z,0,49.86666,21.2,29.5,85.1,26.72307,0,1,1,1,111
473,2026-06-01T15:43:57.640Z,0,49.86666,21.2,29.5,85.1,26.72307,0,1,1,1,111
474,2026-06-01T15:45:57.635Z,0,49.2,22.06667,29.5,84.4,26.58246,0,1,1,1,111
475,2026-06-01T15:47:57.630Z,0,49.2,22.06667,29.5,84.4,26.58246,0,1,1,1,111
476,2026-06-01T15:49:57.625Z,0,49.2,22.06667,29.5,84.4,26.58246,0,1,1,1,111
477,2026-06-01T15:51:57.620Z,0,49.2,22.06667,29.5,84.4,26.58246,0,1,1,1,111
478,2026-06-01T15:53:57.615Z,0,49.2,22.06667,29.5,84.4,26.58246,0,1,1,1,111
479,2026-06-01T15:55:57.610Z,0,49.2,22.06667,29.5,84.4,26.58246,0,1,1,1,111
480,2026-06-01T15:57:57.605Z,0,49.2,22.06667,29.5,84.4,26.58246,0,1,1,1,111
481,2026-06-01T15:59:57.600Z,0,49.2,22.06667,29.5,84.4,26.58246,0,1,1,1,111
482,2026-06-01T16:01:57.595Z,0,49.2,22.06667,29.5,84.4,26.58246,0,1,1,1,111
483,2026-06-01T16:03:57.590Z,0,49.2,22.06667,29.5,84.4,26.58246,0,1,1,1,111
484,2026-06-01T16:05:57.585Z,0,49.2,22.06667,29.5,84.4,26.58246,0,1,1,1,111
485,2026-06-01T16:07:57.580Z,0,48.86666,19.4,29.5,84.2,26.5421,0,1,1,1,111
486,2026-06-01T16:09:57.575Z,0,48.86666,19.4,29.5,84.2,26.5421,0,1,1,1,111
487,2026-06-01T16:11:57.570Z,0,48.86666,19.4,29.5,84.2,26.5421,0,1,1,1,111
488,2026-06-01T16:13:57.565Z,0,48.86666,19.4,29.5,84.2,26.5421,0,1,1,1,111
489,2026-06-01T16:15:57.560Z,0,48.86666,19.4,29.5,84.2,26.5421,0,1,1,1,111
490,2026-06-01T16:17:57.555Z,0,48.86666,19.4,29.5,84.2,26.5421,0,1,1,1,111
491,2026-06-01T16:19:57.550Z,0,48.86666,19.4,29.5,84.2,26.5421,0,1,1,1,111
492,2026-06-01T16:21:57.545Z,0,48.86666,19.4,29.5,84.2,26.5421,0,1,1,1,111
493,2026-06-01T16:23:57.540Z,0,48.86666,19.4,29.5,84.2,26.5421,0,1,1,1,111
494,2026-06-01T16:25:57.535Z,0,52.13334,15.06667,29.5,84.2,26.5421,0,1,0,1,101
495,2026-06-01T16:27:57.530Z,0,52.13334,15.06667,29.5,84.2,26.5421,0,1,0,1,101
496,2026-06-01T16:29:57.525Z,0,52.13334,15.06667,29.5,84.2,26.5421,0,1,0,1,101
497,2026-06-01T16:31:57.520Z,0,52.13334,15.06667,29.5,84.2,26.5421,0,1,0,1,101
498,2026-06-01T16:33:57.515Z,0,52.13334,15.06667,29.5,84.2,26.5421,0,1,0,1,101
499,2026-06-01T16:35:57.510Z,0,52.13334,15.06667,29.5,84.2,26.5421,0,1,0,1,101
500,2026-06-01T16:37:57.505Z,0,52.13334,15.06667,29.5,84.2,26.5421,0,1,0,1,101
501,2026-06-01T16:39:57.500Z,0,52.13334,15.06667,29.5,84.2,26.5421,0,1,0,1,101
502,2026-06-01T16:41:57.495Z,0,52.13334,15.06667,29.5,84.2,26.5421,0,1,0,1,101
503,2026-06-01T16:43:57.490Z,0,52.13334,15.06667,29.5,84.2,26.5421,0,1,0,1,101
504,2026-06-01T16:45:57.485Z,0,52.13334,15.06667,29.5,84.2,26.5421,0,1,0,1,101
505,2026-06-01T16:47:57.480Z,0,46.93333,18.33333,29.5,83.9,26.48141,0,1,1,1,111
506,2026-06-01T16:49:57.475Z,0,46.93333,18.33333,29.5,83.9,26.48141,0,1,1,1,111
507,2026-06-01T16:51:57.470Z,0,46.93333,18.33333,29.5,83.9,26.48141,0,1,1,1,111
508,2026-06-01T16:53:57.465Z,0,46.93333,18.33333,29.5,83.9,26.48141,0,1,1,1,111
509,2026-06-01T16:55:57.460Z,0,46.93333,18.33333,29.5,83.9,26.48141,0,1,1,1,111
510,2026-06-01T16:57:57.455Z,0,46.93333,18.33333,29.5,83.9,26.48141,0,1,1,1,111
511,2026-06-01T16:59:57.450Z,0,46.93333,18.33333,29.5,83.9,26.48141,0,1,1,1,111
512,2026-06-01T17:01:57.445Z,0,46.93333,18.33333,29.5,83.9,26.48141,0,1,1,1,111
513,2026-06-01T17:03:57.440Z,0,46.93333,18.33333,29.5,83.9,26.48141,0,1,1,1,111
514,2026-06-01T17:05:57.435Z,0,46.93333,18.33333,29.5,83.9,26.48141,0,1,1,1,111
515,2026-06-01T17:07:57.430Z,0,46.93333,18.33333,29.5,83.9,26.48141,0,1,1,1,111
516,2026-06-01T17:09:57.425Z,0,49.06667,15.8,29.5,83.5,26.40018,0,1,1,1,111
517,2026-06-01T17:11:57.420Z,0,49.06667,15.8,29.5,83.5,26.40018,0,1,1,1,111
518,2026-06-01T17:13:57.415Z,0,49.06667,15.8,29.5,83.5,26.40018,0,1,1,1,111
519,2026-06-01T17:15:57.410Z,0,49.06667,15.8,29.5,83.5,26.40018,0,1,1,1,111
520,2026-06-01T17:17:57.405Z,0,49.06667,15.8,29.5,83.5,26.40018,0,1,1,1,111
521,2026-06-01T17:19:57.400Z,0,49.06667,15.8,29.5,83.5,26.40018,0,1,1,1,111
522,2026-06-01T17:21:57.395Z,0,49.06667,15.8,29.5,83.5,26.40018,0,1,1,1,111
523,2026-06-01T17:23:57.390Z,0,49.06667,15.8,29.5,83.5,26.40018,0,1,1,1,111
524,2026-06-01T17:25:57.385Z,0,49.06667,15.8,29.5,83.5,26.40018,0,1,1,1,111
525,2026-06-01T17:27:57.380Z,0,49.06667,15.8,29.5,83.5,26.40018,0,1,1,1,111
526,2026-06-01T17:29:57.375Z,0,49.06667,15.8,29.5,83.5,26.40018,0,1,1,1,111
527,2026-06-01T17:31:57.370Z,0,50.2,15.53333,29.5,83.3,26.35944,0,1,0,1,101
528,2026-06-01T17:33:57.365Z,0,50.2,15.53333,29.5,83.3,26.35944,0,1,0,1,101
529,2026-06-01T17:35:57.360Z,0,50.2,15.53333,29.5,83.3,26.35944,0,1,0,1,101
530,2026-06-01T17:37:57.355Z,0,50.2,15.53333,29.5,83.3,26.35944,0,1,0,1,101
531,2026-06-01T17:39:57.350Z,0,50.2,15.53333,29.5,83.3,26.35944,0,1,0,1,101
532,2026-06-01T17:41:57.345Z,0,50.2,15.53333,29.5,83.3,26.35944,0,1,0,1,101
533,2026-06-01T17:43:57.340Z,0,50.2,15.53333,29.5,83.3,26.35944,0,1,0,1,101
534,2026-06-01T17:45:57.335Z,0,50.2,15.53333,29.5,83.3,26.35944,0,1,0,1,101
535,2026-06-01T17:47:57.330Z,0,50.2,15.53333,29.5,83.3,26.35944,0,1,0,1,101
536,2026-06-01T17:49:57.325Z,0,50.2,15.53333,29.5,83.3,26.35944,0,1,0,1,101
537,2026-06-01T17:51:57.320Z,0,50.2,15.53333,29.5,83.3,26.35944,0,1,0,1,101
538,2026-06-01T17:53:57.315Z,0,53.4,12.53333,29.5,82.6,26.21618,0,1,0,1,101
539,2026-06-01T17:55:57.310Z,0,53.4,12.53333,29.5,82.6,26.21618,0,1,0,1,101
540,2026-06-01T17:57:57.305Z,0,53.4,12.53333,29.5,82.6,26.21618,0,1,0,1,101
541,2026-06-01T17:59:57.300Z,0,53.4,12.53333,29.5,82.6,26.21618,0,1,0,1,101
542,2026-06-01T18:01:57.295Z,0,53.4,12.53333,29.5,82.6,26.21618,0,1,0,1,101
543,2026-06-01T18:03:57.290Z,0,53.4,12.53333,29.5,82.6,26.21618,0,1,0,1,101
544,2026-06-01T18:05:57.285Z,0,53.4,12.53333,29.5,82.6,26.21618,0,1,0,1,101
545,2026-06-01T18:07:57.280Z,0,53.4,12.53333,29.5,82.6,26.21618,0,1,0,1,101
546,2026-06-01T18:09:57.275Z,0,53.4,12.53333,29.5,82.6,26.21618,0,1,0,1,101
547,2026-06-01T18:11:57.270Z,0,53.4,12.53333,29.5,82.6,26.21618,0,1,0,1,101
548,2026-06-01T18:13:57.265Z,0,53.4,12.53333,29.5,82.6,26.21618,0,1,0,1,101
549,2026-06-01T18:15:57.260Z,0,48.4,12.13333,29.5,82.1,26.1132,0,1,1,1,111
550,2026-06-01T18:17:57.255Z,0,48.4,12.13333,29.5,82.1,26.1132,0,1,1,1,111
551,2026-06-01T18:19:57.250Z,0,48.4,12.13333,29.5,82.1,26.1132,0,1,1,1,111
552,2026-06-01T18:21:57.245Z,0,48.4,12.13333,29.5,82.1,26.1132,0,1,1,1,111
553,2026-06-01T18:23:57.240Z,0,48.4,12.13333,29.5,82.1,26.1132,0,1,1,1,111
554,2026-06-01T18:25:57.235Z,0,48.4,12.13333,29.5,82.1,26.1132,0,1,1,1,111
555,2026-06-01T18:27:57.230Z,0,48.4,12.13333,29.5,82.1,26.1132,0,1,1,1,111
556,2026-06-01T18:29:57.225Z,0,48.4,12.13333,29.5,82.1,26.1132,0,1,1,1,111
557,2026-06-01T18:31:57.220Z,0,48.4,12.13333,29.5,82.1,26.1132,0,1,1,1,111
558,2026-06-01T18:33:57.215Z,0,48.4,12.13333,29.5,82.1,26.1132,0,1,1,1,111
559,2026-06-01T18:35:57.210Z,0,48.4,12.13333,29.5,82.1,26.1132,0,1,1,1,111
560,2026-06-01T18:37:57.205Z,0,50.66667,8.2,29.5,81.8,26.05115,0,1,0,1,101
561,2026-06-01T18:39:57.200Z,0,50.66667,8.2,29.5,81.8,26.05115,0,1,0,1,101
562,2026-06-01T18:41:57.195Z,0,50.66667,8.2,29.5,81.8,26.05115,0,1,0,1,101
563,2026-06-01T18:43:57.190Z,0,50.66667,8.2,29.5,81.8,26.05115,0,1,0,1,101
564,2026-06-01T18:45:57.185Z,0,50.66667,8.2,29.5,81.8,26.05115,0,1,0,1,101
565,2026-06-01T18:47:57.180Z,0,50.66667,8.2,29.5,81.8,26.05115,0,1,0,1,101
566,2026-06-01T18:49:57.175Z,0,50.66667,8.2,29.5,81.8,26.05115,0,1,0,1,101
567,2026-06-01T18:51:57.170Z,0,50.66667,8.2,29.5,81.8,26.05115,0,1,0,1,101
568,2026-06-01T18:53:57.165Z,0,50.66667,8.2,29.5,81.8,26.05115,0,1,0,1,101
569,2026-06-01T18:55:57.160Z,0,50.66667,8.2,29.5,81.8,26.05115,0,1,0,1,101
570,2026-06-01T18:57:57.155Z,0,50.66667,8.2,29.5,81.8,26.05115,0,1,0,1,101
571,2026-06-01T18:59:57.150Z,0,48.86666,10.13333,29.4,80.4,25.66172,0,1,1,1,111
572,2026-06-01T19:01:57.145Z,0,48.86666,10.13333,29.4,80.4,25.66172,0,1,1,1,111
573,2026-06-01T19:03:57.140Z,0,48.86666,10.13333,29.4,80.4,25.66172,0,1,1,1,111
574,2026-06-01T19:05:57.135Z,0,48.86666,10.13333,29.4,80.4,25.66172,0,1,1,1,111
575,2026-06-01T19:07:57.130Z,0,48.86666,10.13333,29.4,80.4,25.66172,0,1,1,1,111
576,2026-06-01T19:09:57.125Z,0,48.86666,10.13333,29.4,80.4,25.66172,0,1,1,1,111
577,2026-06-01T19:11:57.120Z,0,48.86666,10.13333,29.4,80.4,25.66172,0,1,1,1,111
578,2026-06-01T19:13:57.115Z,0,48.86666,10.13333,29.4,80.4,25.66172,0,1,1,1,111
579,2026-06-01T19:15:57.110Z,0,48.86666,10.13333,29.4,80.4,25.66172,0,1,1,1,111
580,2026-06-01T19:17:57.105Z,0,48.86666,10.13333,29.4,80.4,25.66172,0,1,1,1,111
581,2026-06-01T19:19:57.100Z,0,48.86666,10.13333,29.4,80.4,25.66172,0,1,1,1,111
582,2026-06-01T19:21:57.095Z,0,54.26667,5.666667,29.4,79.8,25.53522,0,1,0,1,101
583,2026-06-01T19:23:57.090Z,0,54.26667,5.666667,29.4,79.8,25.53522,0,1,0,1,101
584,2026-06-01T19:25:57.085Z,0,54.26667,5.666667,29.4,79.8,25.53522,0,1,0,1,101
585,2026-06-01T19:27:57.080Z,0,54.26667,5.666667,29.4,79.8,25.53522,0,1,0,1,101
586,2026-06-01T19:29:57.075Z,0,54.26667,5.666667,29.4,79.8,25.53522,0,1,0,1,101
587,2026-06-01T19:31:57.070Z,0,54.26667,5.666667,29.4,79.8,25.53522,0,1,0,1,101
588,2026-06-01T19:33:57.065Z,0,54.26667,5.666667,29.4,79.8,25.53522,0,1,0,1,101
589,2026-06-01T19:35:57.060Z,0,54.26667,5.666667,29.4,79.8,25.53522,0,1,0,1,101
590,2026-06-01T19:37:57.055Z,0,54.26667,5.666667,29.4,79.8,25.53522,0,1,0,1,101
591,2026-06-01T19:39:57.050Z,0,54.26667,5.666667,29.4,79.8,25.53522,0,1,0,1,101
592,2026-06-01T19:41:57.045Z,0,54.26667,5.666667,29.4,79.8,25.53522,0,1,0,1,101
593,2026-06-01T19:43:57.040Z,0,48.86666,6.066667,29.4,79.8,25.53522,0,1,1,1,111
594,2026-06-01T19:45:57.035Z,0,48.86666,6.066667,29.4,79.8,25.53522,0,1,1,1,111
595,2026-06-01T19:47:57.030Z,0,48.86666,6.066667,29.4,79.8,25.53522,0,1,1,1,111
596,2026-06-01T19:49:57.025Z,0,48.86666,6.066667,29.4,79.8,25.53522,0,1,1,1,111
597,2026-06-01T19:51:57.020Z,0,48.86666,6.066667,29.4,79.8,25.53522,0,1,1,1,111
598,2026-06-01T19:53:57.015Z,0,48.86666,6.066667,29.4,79.8,25.53522,0,1,1,1,111
599,2026-06-01T19:55:57.010Z,0,48.86666,6.066667,29.4,79.8,25.53522,0,1,1,1,111
600,2026-06-01T19:57:57.005Z,0,48.86666,6.066667,29.4,79.8,25.53522,0,1,1,1,111
601,2026-06-01T19:59:57.000Z,0,48.86666,6.066667,29.4,79.8,25.53522,0,1,1,1,111
602,2026-06-01T20:01:56.995Z,0,48.86666,6.066667,29.4,79.8,25.53522,0,1,1,1,111
603,2026-06-01T20:03:56.990Z,0,49.73333,8.133333,29.4,80.2,25.61964,0,1,1,1,111
604,2026-06-01T20:05:56.985Z,0,49.73333,8.133333,29.4,80.2,25.61964,0,1,1,1,111
605,2026-06-01T20:07:56.980Z,0,49.73333,8.133333,29.4,80.2,25.61964,0,1,1,1,111
606,2026-06-01T20:09:56.975Z,0,49.73333,8.133333,29.4,80.2,25.61964,0,1,1,1,111
607,2026-06-01T20:11:56.970Z,0,49.73333,8.133333,29.4,80.2,25.61964,0,1,1,1,111
608,2026-06-01T20:13:56.965Z,0,49.73333,8.133333,29.4,80.2,25.61964,0,1,1,1,111
609,2026-06-01T20:15:56.960Z,0,49.73333,8.133333,29.4,80.2,25.61964,0,1,1,1,111
610,2026-06-01T20:17:56.955Z,0,49.73333,8.133333,29.4,80.2,25.61964,0,1,1,1,111
611,2026-06-01T20:19:56.950Z,0,49.73333,8.133333,29.4,80.2,25.61964,0,1,1,1,111
612,2026-06-01T20:21:56.945Z,0,49.73333,8.133333,29.4,80.2,25.61964,0,1,1,1,111
613,2026-06-01T20:23:56.940Z,0,49.73333,8.133333,29.4,80.2,25.61964,0,1,1,1,111
614,2026-06-01T20:25:56.935Z,0,50.8,1.333333,29.4,80.1,25.59857,0,1,0,1,101
615,2026-06-01T20:27:56.930Z,0,50.8,1.333333,29.4,80.1,25.59857,0,1,0,1,101
616,2026-06-01T20:29:56.925Z,0,50.8,1.333333,29.4,80.1,25.59857,0,1,0,1,101
617,2026-06-01T20:31:56.920Z,0,50.8,1.333333,29.4,80.1,25.59857,0,1,0,1,101
618,2026-06-01T20:33:56.915Z,0,50.8,1.333333,29.4,80.1,25.59857,0,1,0,1,101
619,2026-06-01T20:35:56.910Z,0,50.8,1.333333,29.4,80.1,25.59857,0,1,0,1,101
620,2026-06-01T20:37:56.905Z,0,50.8,1.333333,29.4,80.1,25.59857,0,1,0,1,101
621,2026-06-01T20:39:56.900Z,0,50.8,1.333333,29.4,80.1,25.59857,0,1,0,1,101
622,2026-06-01T20:41:56.895Z,0,50.8,1.333333,29.4,80.1,25.59857,0,1,0,1,101
623,2026-06-01T20:43:56.890Z,0,50.8,1.333333,29.4,80.1,25.59857,0,1,0,1,101
624,2026-06-01T20:45:56.885Z,0,50.8,1.333333,29.4,80.1,25.59857,0,1,0,1,101
625,2026-06-01T20:47:56.880Z,0,48.73333,0,29.3,79.8,25.43809,0,1,1,1,111
626,2026-06-01T20:49:56.875Z,0,48.73333,0,29.3,79.8,25.43809,0,1,1,1,111
627,2026-06-01T20:51:56.870Z,0,48.73333,0,29.3,79.8,25.43809,0,1,1,1,111
628,2026-06-01T20:53:56.865Z,0,48.73333,0,29.3,79.8,25.43809,0,1,1,1,111
629,2026-06-01T20:55:56.860Z,0,48.73333,0,29.3,79.8,25.43809,0,1,1,1,111
630,2026-06-01T20:57:56.855Z,0,48.73333,0,29.3,79.8,25.43809,0,1,1,1,111
631,2026-06-01T20:59:56.850Z,0,48.73333,0,29.3,79.8,25.43809,0,1,1,1,111
632,2026-06-01T21:01:56.845Z,0,48.73333,0,29.3,79.8,25.43809,0,1,1,1,111
633,2026-06-01T21:03:56.840Z,0,48.73333,0,29.3,79.8,25.43809,0,1,1,1,111
634,2026-06-01T21:05:56.835Z,0,48.73333,0,29.3,79.8,25.43809,0,1,1,1,111
635,2026-06-01T21:07:56.830Z,0,48.73333,0,29.3,79.8,25.43809,0,1,1,1,111
636,2026-06-01T21:09:56.825Z,0,51.4,0,29.3,80.1,25.50139,0,1,0,1,101
637,2026-06-01T21:11:56.820Z,0,51.4,0,29.3,80.1,25.50139,0,1,0,1,101
638,2026-06-01T21:13:56.815Z,0,51.4,0,29.3,80.1,25.50139,0,1,0,1,101
639,2026-06-01T21:15:56.810Z,0,51.4,0,29.3,80.1,25.50139,0,1,0,1,101
640,2026-06-01T21:17:56.805Z,0,51.4,0,29.3,80.1,25.50139,0,1,0,1,101
641,2026-06-01T21:19:56.800Z,0,51.4,0,29.3,80.1,25.50139,0,1,0,1,101
642,2026-06-01T21:21:56.795Z,0,51.4,0,29.3,80.1,25.50139,0,1,0,1,101
643,2026-06-01T21:23:56.790Z,0,51.4,0,29.3,80.1,25.50139,0,1,0,1,101
644,2026-06-01T21:25:56.785Z,0,51.4,0,29.3,80.1,25.50139,0,1,0,1,101
645,2026-06-01T21:27:56.780Z,0,51.4,0,29.3,80.1,25.50139,0,1,0,1,101
646,2026-06-01T21:29:56.775Z,0,51.4,0,29.3,80.1,25.50139,0,1,0,1,101
647,2026-06-01T21:31:56.770Z,0,48.73333,0,29.3,80.6,25.60645,0,1,1,1,111
648,2026-06-01T21:33:56.765Z,0,48.73333,0,29.3,80.6,25.60645,0,1,1,1,111
649,2026-06-01T21:35:56.760Z,0,48.73333,0,29.3,80.6,25.60645,0,1,1,1,111
650,2026-06-01T21:37:56.755Z,0,48.73333,0,29.3,80.6,25.60645,0,1,1,1,111
651,2026-06-01T21:39:56.750Z,0,48.73333,0,29.3,80.6,25.60645,0,1,1,1,111
652,2026-06-01T21:41:56.745Z,0,48.73333,0,29.3,80.6,25.60645,0,1,1,1,111
653,2026-06-01T21:43:56.740Z,0,48.73333,0,29.3,80.6,25.60645,0,1,1,1,111
654,2026-06-01T21:45:56.735Z,0,48.73333,0,29.3,80.6,25.60645,0,1,1,1,111
655,2026-06-01T21:47:56.730Z,0,48.73333,0,29.3,80.6,25.60645,0,1,1,1,111
656,2026-06-01T21:49:56.725Z,0,48.73333,0,29.3,80.6,25.60645,0,1,1,1,111
657,2026-06-01T21:51:56.720Z,0,48.73333,0,29.3,80.6,25.60645,0,1,1,1,111
658,2026-06-01T21:53:56.715Z,0,52.4,0,29.3,81.2,25.73176,0,1,0,1,101
659,2026-06-01T21:55:56.710Z,0,52.4,0,29.3,81.2,25.73176,0,1,0,1,101
660,2026-06-01T21:57:56.705Z,0,52.4,0,29.3,81.2,25.73176,0,1,0,1,101
661,2026-06-01T21:59:56.700Z,0,52.4,0,29.3,81.2,25.73176,0,1,0,1,101
662,2026-06-01T22:01:56.695Z,0,52.4,0,29.3,81.2,25.73176,0,1,0,1,101
663,2026-06-01T22:03:56.690Z,0,52.4,0,29.3,81.2,25.73176,0,1,0,1,101
664,2026-06-01T22:05:56.685Z,0,52.4,0,29.3,81.2,25.73176,0,1,0,1,101
665,2026-06-01T22:07:56.680Z,0,52.4,0,29.3,81.2,25.73176,0,1,0,1,101
666,2026-06-01T22:09:56.675Z,0,52.4,0,29.3,81.2,25.73176,0,1,0,1,101
667,2026-06-01T22:11:56.670Z,0,52.4,0,29.3,81.2,25.73176,0,1,0,1,101
668,2026-06-01T22:13:56.665Z,0,52.4,0,29.3,81.2,25.73176,0,1,0,1,101
669,2026-06-01T22:15:56.660Z,0,48.93333,0,29.3,80.7,25.62739,0,1,1,1,111
670,2026-06-01T22:17:56.655Z,0,48.93333,0,29.3,80.7,25.62739,0,1,1,1,111
671,2026-06-01T22:19:56.650Z,0,48.93333,0,29.3,80.7,25.62739,0,1,1,1,111
672,2026-06-01T22:21:56.645Z,0,48.93333,0,29.3,80.7,25.62739,0,1,1,1,111
673,2026-06-01T22:23:56.640Z,0,48.93333,0,29.3,80.7,25.62739,0,1,1,1,111
674,2026-06-01T22:25:56.635Z,0,48.93333,0,29.3,80.7,25.62739,0,1,1,1,111
675,2026-06-01T22:27:56.630Z,0,48.93333,0,29.3,80.7,25.62739,0,1,1,1,111
676,2026-06-01T22:29:56.625Z,0,48.93333,0,29.3,80.7,25.62739,0,1,1,1,111
677,2026-06-01T22:31:56.620Z,0,48.93333,0,29.3,80.7,25.62739,0,1,1,1,111
678,2026-06-01T22:33:56.615Z,0,48.93333,0,29.3,80.7,25.62739,0,1,1,1,111
679,2026-06-01T22:35:56.610Z,0,48.93333,0,29.3,80.7,25.62739,0,1,1,1,111
680,2026-06-01T22:37:56.605Z,0,51.6,0,29.3,80.5,25.58548,0,1,0,1,101
681,2026-06-01T22:39:56.600Z,0,51.6,0,29.3,80.5,25.58548,0,1,0,1,101
682,2026-06-01T22:41:56.595Z,0,51.6,0,29.3,80.5,25.58548,0,1,0,1,101
683,2026-06-01T22:43:56.590Z,0,51.6,0,29.3,80.5,25.58548,0,1,0,1,101
684,2026-06-01T22:45:56.585Z,0,51.6,0,29.3,80.5,25.58548,0,1,0,1,101
685,2026-06-01T22:47:56.580Z,0,51.6,0,29.3,80.5,25.58548,0,1,0,1,101
686,2026-06-01T22:49:56.575Z,0,51.6,0,29.3,80.5,25.58548,0,1,0,1,101
687,2026-06-01T22:51:56.570Z,0,51.6,0,29.3,80.5,25.58548,0,1,0,1,101
688,2026-06-01T22:53:56.565Z,0,51.6,0,29.3,80.5,25.58548,0,1,0,1,101
689,2026-06-01T22:55:56.560Z,0,51.6,0,29.3,80.5,25.58548,0,1,0,1,101
690,2026-06-01T22:57:56.555Z,0,51.6,0,29.3,80.5,25.58548,0,1,0,1,101
691,2026-06-01T22:59:56.550Z,0,48.33333,0,29.3,81.7,25.83558,0,1,1,1,111
692,2026-06-01T23:01:56.545Z,0,48.33333,0,29.3,81.7,25.83558,0,1,1,1,111
693,2026-06-01T23:03:56.540Z,0,48.33333,0,29.3,81.7,25.83558,0,1,1,1,111
694,2026-06-01T23:05:56.535Z,0,48.33333,0,29.3,81.7,25.83558,0,1,1,1,111
695,2026-06-01T23:07:56.530Z,0,48.33333,0,29.3,81.7,25.83558,0,1,1,1,111
696,2026-06-01T23:09:56.525Z,0,48.33333,0,29.3,81.7,25.83558,0,1,1,1,111
697,2026-06-01T23:11:56.520Z,0,48.33333,0,29.3,81.7,25.83558,0,1,1,1,111
698,2026-06-01T23:13:56.515Z,0,48.33333,0,29.3,81.7,25.83558,0,1,1,1,111
699,2026-06-01T23:15:56.510Z,0,48.33333,0,29.3,81.7,25.83558,0,1,1,1,111
700,2026-06-01T23:17:56.505Z,0,48.33333,0,29.3,81.7,25.83558,0,1,1,1,111
701,2026-06-01T23:19:56.500Z,0,48.33333,0,29.3,81.7,25.83558,0,1,1,1,111
702,2026-06-01T23:21:56.495Z,0,50.2,0,29.3,82.2,25.93885,0,1,0,1,101
703,2026-06-01T23:23:56.490Z,0,50.2,0,29.3,82.2,25.93885,0,1,0,1,101
704,2026-06-01T23:25:56.485Z,0,50.2,0,29.3,82.2,25.93885,0,1,0,1,101
705,2026-06-01T23:27:56.480Z,0,50.2,0,29.3,82.2,25.93885,0,1,0,1,101
706,2026-06-01T23:29:56.475Z,0,50.2,0,29.3,82.2,25.93885,0,1,0,1,101
707,2026-06-01T23:31:56.470Z,0,50.2,0,29.3,82.2,25.93885,0,1,0,1,101
708,2026-06-01T23:33:56.465Z,0,50.2,0,29.3,82.2,25.93885,0,1,0,1,101
709,2026-06-01T23:35:56.460Z,0,50.2,0,29.3,82.2,25.93885,0,1,0,1,101
710,2026-06-01T23:37:56.455Z,0,50.2,0,29.3,82.2,25.93885,0,1,0,1,101
711,2026-06-01T23:39:56.450Z,0,50.2,0,29.3,82.2,25.93885,0,1,0,1,101
712,2026-06-01T23:41:56.445Z,0,50.2,0,29.3,82.2,25.93885,0,1,0,1,101
713,2026-06-01T23:43:56.440Z,0,48.33333,0,29.3,83.2,26.14374,0,1,1,1,111
714,2026-06-01T23:45:56.435Z,0,48.33333,0,29.3,83.2,26.14374,0,1,1,1,111
715,2026-06-01T23:47:56.430Z,0,48.33333,0,29.3,83.2,26.14374,0,1,1,1,111
716,2026-06-01T23:49:56.425Z,0,48.33333,0,29.3,83.2,26.14374,0,1,1,1,111
717,2026-06-01T23:51:56.420Z,0,48.33333,0,29.3,83.2,26.14374,0,1,1,1,111
718,2026-06-01T23:53:56.415Z,0,48.33333,0,29.3,83.2,26.14374,0,1,1,1,111
719,2026-06-01T23:55:56.410Z,0,48.33333,0,29.3,83.2,26.14374,0,1,1,1,111
720,2026-06-01T23:57:56.405Z,0,48.33333,0,29.3,83.2,26.14374,0,1,1,1,111
721,2026-06-01T23:59:56.400Z,0,48.33333,0,29.3,83.2,26.14374,0,1,1,1,111
722,2026-06-02T00:01:56.395Z,0,48.33333,0,29.3,83.2,26.14374,0,1,1,1,111
723,2026-06-02T00:03:56.390Z,0,48.33333,0,29.3,83.2,26.14374,0,1,1,1,111
724,2026-06-02T00:05:56.385Z,0,55.26667,0,29.3,83.7,26.24539,0,1,0,1,101
725,2026-06-02T00:07:56.380Z,0,55.26667,0,29.3,83.7,26.24539,0,1,0,1,101
726,2026-06-02T00:09:56.375Z,0,55.26667,0,29.3,83.7,26.24539,0,1,0,1,101
727,2026-06-02T00:11:56.370Z,0,55.26667,0,29.3,83.7,26.24539,0,1,0,1,101
728,2026-06-02T00:13:56.365Z,0,55.26667,0,29.3,83.7,26.24539,0,1,0,1,101
729,2026-06-02T00:15:56.360Z,0,55.26667,0,29.3,83.7,26.24539,0,1,0,1,101
730,2026-06-02T00:17:56.355Z,0,55.26667,0,29.3,83.7,26.24539,0,1,0,1,101
731,2026-06-02T00:19:56.350Z,0,55.26667,0,29.3,83.7,26.24539,0,1,0,1,101
732,2026-06-02T00:21:56.345Z,0,55.26667,0,29.3,83.7,26.24539,0,1,0,1,101
733,2026-06-02T00:23:56.340Z,0,55.26667,0,29.3,83.7,26.24539,0,1,0,1,101
734,2026-06-02T00:25:56.335Z,0,55.26667,0,29.3,83.7,26.24539,0,1,0,1,101
735,2026-06-02T00:27:56.330Z,0,48.46667,0,29.3,83,26.10293,0,1,1,1,111
736,2026-06-02T00:29:56.325Z,0,48.46667,0,29.3,83,26.10293,0,1,1,1,111
737,2026-06-02T00:31:56.320Z,0,48.46667,0,29.3,83,26.10293,0,1,1,1,111
738,2026-06-02T00:33:56.315Z,0,48.46667,0,29.3,83,26.10293,0,1,1,1,111
739,2026-06-02T00:35:56.310Z,0,48.46667,0,29.3,83,26.10293,0,1,1,1,111
740,2026-06-02T00:37:56.305Z,0,48.46667,0,29.3,83,26.10293,0,1,1,1,111
741,2026-06-02T00:39:56.300Z,0,48.46667,0,29.3,83,26.10293,0,1,1,1,111
742,2026-06-02T00:41:56.295Z,0,48.46667,0,29.3,83,26.10293,0,1,1,1,111
743,2026-06-02T00:43:56.290Z,0,48.46667,0,29.3,83,26.10293,0,1,1,1,111
744,2026-06-02T00:45:56.285Z,0,48.46667,0,29.3,83,26.10293,0,1,1,1,111
745,2026-06-02T00:47:56.280Z,0,48.46667,0,29.3,83,26.10293,0,1,1,1,111
746,2026-06-02T00:49:56.275Z,0,47.8,0,29.3,82.1,25.91824,0,1,1,1,111
747,2026-06-02T00:51:56.270Z,0,47.8,0,29.3,82.1,25.91824,0,1,1,1,111
748,2026-06-02T00:53:56.265Z,0,47.8,0,29.3,82.1,25.91824,0,1,1,1,111
749,2026-06-02T00:55:56.260Z,0,47.8,0,29.3,82.1,25.91824,0,1,1,1,111
750,2026-06-02T00:57:56.255Z,0,47.8,0,29.3,82.1,25.91824,0,1,1,1,111
751,2026-06-02T00:59:56.250Z,0,47.8,0,29.3,82.1,25.91824,0,1,1,1,111
752,2026-06-02T01:01:56.245Z,0,47.8,0,29.3,82.1,25.91824,0,1,1,1,111
753,2026-06-02T01:03:56.240Z,0,47.8,0,29.3,82.1,25.91824,0,1,1,1,111
754,2026-06-02T01:05:56.235Z,0,47.8,0,29.3,82.1,25.91824,0,1,1,1,111
755,2026-06-02T01:07:56.230Z,0,47.8,0,29.3,82.1,25.91824,0,1,1,1,111
756,2026-06-02T01:09:56.225Z,0,47.8,0,29.3,82.1,25.91824,0,1,1,1,111
757,2026-06-02T01:11:56.220Z,0,49.2,0,29.2,81.7,25.73816,0,1,1,1,111
758,2026-06-02T01:13:56.215Z,0,49.2,0,29.2,81.7,25.73816,0,1,1,1,111
759,2026-06-02T01:15:56.210Z,0,49.2,0,29.2,81.7,25.73816,0,1,1,1,111
760,2026-06-02T01:17:56.205Z,0,49.2,0,29.2,81.7,25.73816,0,1,1,1,111
761,2026-06-02T01:19:56.200Z,0,49.2,0,29.2,81.7,25.73816,0,1,1,1,111
762,2026-06-02T01:21:56.195Z,0,49.2,0,29.2,81.7,25.73816,0,1,1,1,111
763,2026-06-02T01:23:56.190Z,0,49.2,0,29.2,81.7,25.73816,0,1,1,1,111
764,2026-06-02T01:25:56.185Z,0,49.2,0,29.2,81.7,25.73816,0,1,1,1,111
765,2026-06-02T01:27:56.180Z,0,49.2,0,29.2,81.7,25.73816,0,1,1,1,111
766,2026-06-02T01:29:56.175Z,0,49.2,0,29.2,81.7,25.73816,0,1,1,1,111
767,2026-06-02T01:31:56.170Z,0,49.2,0,29.2,81.7,25.73816,0,1,1,1,111
768,2026-06-02T01:33:56.165Z,0,49.2,0,29.2,81.7,25.73816,0,1,1,1,111
769,2026-06-02T01:35:56.160Z,0,48.33333,0,29.2,82.2,25.84135,0,1,1,1,111
770,2026-06-02T01:37:56.155Z,0,48.33333,0,29.2,82.2,25.84135,0,1,1,1,111
771,2026-06-02T01:39:56.150Z,0,48.33333,0,29.2,82.2,25.84135,0,1,1,1,111
772,2026-06-02T01:41:56.145Z,0,48.33333,0,29.2,82.2,25.84135,0,1,1,1,111
773,2026-06-02T01:43:56.140Z,0,48.33333,0,29.2,82.2,25.84135,0,1,1,1,111
774,2026-06-02T01:45:56.135Z,0,48.33333,0,29.2,82.2,25.84135,0,1,1,1,111
775,2026-06-02T01:47:56.130Z,0,48.33333,0,29.2,82.2,25.84135,0,1,1,1,111
776,2026-06-02T01:49:56.125Z,0,48.33333,0,29.2,82.2,25.84135,0,1,1,1,111
777,2026-06-02T01:51:56.120Z,0,48.33333,0,29.2,82.2,25.84135,0,1,1,1,111
778,2026-06-02T01:53:56.115Z,0,48.33333,0,29.2,82.2,25.84135,0,1,1,1,111
779,2026-06-02T01:55:56.110Z,0,48.13334,0,29.2,82.4,25.88247,0,1,1,1,111
780,2026-06-02T01:57:56.105Z,0,48.13334,0,29.2,82.4,25.88247,0,1,1,1,111
781,2026-06-02T01:59:56.100Z,0,48.13334,0,29.2,82.4,25.88247,0,1,1,1,111
782,2026-06-02T02:01:56.095Z,0,48.13334,0,29.2,82.4,25.88247,0,1,1,1,111
783,2026-06-02T02:03:56.090Z,0,48.13334,0,29.2,82.4,25.88247,0,1,1,1,111
784,2026-06-02T02:05:56.085Z,0,48.13334,0,29.2,82.4,25.88247,0,1,1,1,111
785,2026-06-02T02:07:56.080Z,0,48.13334,0,29.2,82.4,25.88247,0,1,1,1,111
786,2026-06-02T02:09:56.075Z,0,48.13334,0,29.2,82.4,25.88247,0,1,1,1,111
787,2026-06-02T02:11:56.070Z,0,48.13334,0,29.2,82.4,25.88247,0,1,1,1,111
788,2026-06-02T02:13:56.065Z,0,48.13334,0,29.2,82.4,25.88247,0,1,1,1,111
789,2026-06-02T02:15:56.060Z,0,48.13334,0,29.2,82.4,25.88247,0,1,1,1,111
790,2026-06-02T02:17:56.055Z,0,52.26667,0,29.2,82.1,25.82076,0,1,0,1,101
791,2026-06-02T02:19:56.050Z,0,52.26667,0,29.2,82.1,25.82076,0,1,0,1,101
792,2026-06-02T02:21:56.045Z,0,52.26667,0,29.2,82.1,25.82076,0,1,0,1,101
793,2026-06-02T02:23:56.040Z,0,52.26667,0,29.2,82.1,25.82076,0,1,0,1,101
794,2026-06-02T02:25:56.035Z,0,52.26667,0,29.2,82.1,25.82076,0,1,0,1,101
795,2026-06-02T02:27:56.030Z,0,52.26667,0,29.2,82.1,25.82076,0,1,0,1,101
796,2026-06-02T02:29:56.025Z,0,52.26667,0,29.2,82.1,25.82076,0,1,0,1,101
797,2026-06-02T02:31:56.020Z,0,52.26667,0,29.2,82.1,25.82076,0,1,0,1,101
798,2026-06-02T02:33:56.015Z,0,52.26667,0,29.2,82.1,25.82076,0,1,0,1,101
799,2026-06-02T02:35:56.010Z,0,52.26667,0,29.2,82.1,25.82076,0,1,0,1,101
800,2026-06-02T02:37:56.005Z,0,52.26667,0,29.2,82.1,25.82076,0,1,0,1,101
801,2026-06-02T02:39:56.000Z,0,48.33333,0,29.2,81.6,25.71746,0,1,1,1,111
802,2026-06-02T02:41:55.995Z,0,48.33333,0,29.2,81.6,25.71746,0,1,1,1,111
803,2026-06-02T02:43:55.990Z,0,48.33333,0,29.2,81.6,25.71746,0,1,1,1,111
804,2026-06-02T02:45:55.985Z,0,48.33333,0,29.2,81.6,25.71746,0,1,1,1,111
805,2026-06-02T02:47:55.980Z,0,48.33333,0,29.2,81.6,25.71746,0,1,1,1,111
806,2026-06-02T02:49:55.975Z,0,48.33333,0,29.2,81.6,25.71746,0,1,1,1,111
807,2026-06-02T02:51:55.970Z,0,48.33333,0,29.2,81.6,25.71746,0,1,1,1,111
808,2026-06-02T02:53:55.965Z,0,48.33333,0,29.2,81.6,25.71746,0,1,1,1,111
809,2026-06-02T02:55:55.960Z,0,48.33333,0,29.2,81.6,25.71746,0,1,1,1,111
810,2026-06-02T02:57:55.955Z,0,48.33333,0,29.2,81.6,25.71746,0,1,1,1,111
811,2026-06-02T02:59:55.950Z,0,48.33333,0,29.2,81.6,25.71746,0,1,1,1,111
812,2026-06-02T03:01:55.945Z,0,51,0,29.2,81.9,25.7795,0,1,0,1,101
813,2026-06-02T03:03:55.940Z,0,51,0,29.2,81.9,25.7795,0,1,0,1,101
814,2026-06-02T03:05:55.935Z,0,51,0,29.2,81.9,25.7795,0,1,0,1,101
815,2026-06-02T03:07:55.930Z,0,51,0,29.2,81.9,25.7795,0,1,0,1,101
816,2026-06-02T03:09:55.925Z,0,51,0,29.2,81.9,25.7795,0,1,0,1,101
817,2026-06-02T03:11:55.920Z,0,51,0,29.2,81.9,25.7795,0,1,0,1,101
818,2026-06-02T03:13:55.915Z,0,51,0,29.2,81.9,25.7795,0,1,0,1,101
819,2026-06-02T03:15:55.910Z,0,51,0,29.2,81.9,25.7795,0,1,0,1,101
820,2026-06-02T03:17:55.905Z,0,51,0,29.2,81.9,25.7795,0,1,0,1,101
821,2026-06-02T03:19:55.900Z,0,51,0,29.2,81.9,25.7795,0,1,0,1,101
822,2026-06-02T03:21:55.895Z,0,51,0,29.2,81.9,25.7795,0,1,0,1,101
823,2026-06-02T03:23:55.890Z,0,48.4,0,29.2,81.7,25.73816,0,1,1,1,111
824,2026-06-02T03:25:55.885Z,0,48.4,0,29.2,81.7,25.73816,0,1,1,1,111
825,2026-06-02T03:27:55.880Z,0,48.4,0,29.2,81.7,25.73816,0,1,1,1,111
826,2026-06-02T03:29:55.875Z,0,48.4,0,29.2,81.7,25.73816,0,1,1,1,111
827,2026-06-02T03:31:55.870Z,0,48.4,0,29.2,81.7,25.73816,0,1,1,1,111
828,2026-06-02T03:33:55.865Z,0,48.4,0,29.2,81.7,25.73816,0,1,1,1,111
829,2026-06-02T03:35:55.860Z,0,48.4,0,29.2,81.7,25.73816,0,1,1,1,111
830,2026-06-02T03:37:55.855Z,0,48.4,0,29.2,81.7,25.73816,0,1,1,1,111
831,2026-06-02T03:39:55.850Z,0,48.4,0,29.2,81.7,25.73816,0,1,1,1,111
832,2026-06-02T03:41:55.845Z,0,48.4,0,29.2,81.7,25.73816,0,1,1,1,111
833,2026-06-02T03:43:55.840Z,0,48.4,0,29.2,81.7,25.73816,0,1,1,1,111
834,2026-06-02T03:45:55.835Z,0,51.06667,0,29.1,81.8,25.66141,0,1,0,1,101
835,2026-06-02T03:47:55.830Z,0,51.06667,0,29.1,81.8,25.66141,0,1,0,1,101
836,2026-06-02T03:49:55.825Z,0,51.06667,0,29.1,81.8,25.66141,0,1,0,1,101
837,2026-06-02T03:51:55.820Z,0,51.06667,0,29.1,81.8,25.66141,0,1,0,1,101
838,2026-06-02T03:53:55.815Z,0,51.06667,0,29.1,81.8,25.66141,0,1,0,1,101
839,2026-06-02T03:55:55.810Z,0,51.06667,0,29.1,81.8,25.66141,0,1,0,1,101
840,2026-06-02T03:57:55.805Z,0,51.06667,0,29.1,81.8,25.66141,0,1,0,1,101
841,2026-06-02T03:59:55.800Z,0,51.06667,0,29.1,81.8,25.66141,0,1,0,1,101
842,2026-06-02T04:01:55.795Z,0,51.06667,0,29.1,81.8,25.66141,0,1,0,1,101
843,2026-06-02T04:03:55.790Z,0,51.06667,0,29.1,81.8,25.66141,0,1,0,1,101
844,2026-06-02T04:05:55.785Z,0,51.06667,0,29.1,81.8,25.66141,0,1,0,1,101
845,2026-06-02T04:07:55.780Z,0,48.93333,0,29.1,81.8,25.66141,0,1,1,1,111
846,2026-06-02T04:09:55.775Z,0,48.93333,0,29.1,81.8,25.66141,0,1,1,1,111
847,2026-06-02T04:11:55.770Z,0,48.93333,0,29.1,81.8,25.66141,0,1,1,1,111
848,2026-06-02T04:13:55.765Z,0,48.93333,0,29.1,81.8,25.66141,0,1,1,1,111
849,2026-06-02T04:15:55.760Z,0,48.93333,0,29.1,81.8,25.66141,0,1,1,1,111
850,2026-06-02T04:17:55.755Z,0,48.93333,0,29.1,81.8,25.66141,0,1,1,1,111
851,2026-06-02T04:19:55.750Z,0,48.93333,0,29.1,81.8,25.66141,0,1,1,1,111
852,2026-06-02T04:21:55.745Z,0,48.93333,0,29.1,81.8,25.66141,0,1,1,1,111
853,2026-06-02T04:23:55.740Z,0,48.93333,0,29.1,81.8,25.66141,0,1,1,1,111
854,2026-06-02T04:25:55.735Z,0,48.93333,0,29.1,81.8,25.66141,0,1,1,1,111
855,2026-06-02T04:27:55.730Z,0,48.93333,0,29.1,81.8,25.66141,0,1,1,1,111
856,2026-06-02T04:29:55.725Z,0,50.86666,0,29.2,82,25.80014,0,1,0,1,101
857,2026-06-02T04:31:55.720Z,0,50.86666,0,29.2,82,25.80014,0,1,0,1,101
858,2026-06-02T04:33:55.715Z,0,50.86666,0,29.2,82,25.80014,0,1,0,1,101
859,2026-06-02T04:35:55.710Z,0,50.86666,0,29.2,82,25.80014,0,1,0,1,101
860,2026-06-02T04:37:55.705Z,0,50.86666,0,29.2,82,25.80014,0,1,0,1,101
861,2026-06-02T04:39:55.700Z,0,50.86666,0,29.2,82,25.80014,0,1,0,1,101
862,2026-06-02T04:41:55.695Z,0,50.86666,0,29.2,82,25.80014,0,1,0,1,101
863,2026-06-02T04:43:55.690Z,0,50.86666,0,29.2,82,25.80014,0,1,0,1,101
864,2026-06-02T04:45:55.685Z,0,50.86666,0,29.2,82,25.80014,0,1,0,1,101
865,2026-06-02T04:47:55.680Z,0,50.86666,0,29.2,82,25.80014,0,1,0,1,101
866,2026-06-02T04:49:55.675Z,0,50.86666,0,29.2,82,25.80014,0,1,0,1,101
867,2026-06-02T04:51:55.670Z,0,47.53333,0,29.2,82.1,25.82076,0,1,1,1,111
868,2026-06-02T04:53:55.665Z,0,47.53333,0,29.2,82.1,25.82076,0,1,1,1,111
869,2026-06-02T04:55:55.660Z,0,47.53333,0,29.2,82.1,25.82076,0,1,1,1,111
870,2026-06-02T04:57:55.655Z,0,47.53333,0,29.2,82.1,25.82076,0,1,1,1,111
871,2026-06-02T04:59:55.650Z,0,47.53333,0,29.2,82.1,25.82076,0,1,1,1,111
872,2026-06-02T05:01:55.645Z,0,47.53333,0,29.2,82.1,25.82076,0,1,1,1,111
873,2026-06-02T05:03:55.640Z,0,47.53333,0,29.2,82.1,25.82076,0,1,1,1,111
874,2026-06-02T05:05:55.635Z,0,47.53333,0,29.2,82.1,25.82076,0,1,1,1,111
875,2026-06-02T05:07:55.630Z,0,47.53333,0,29.2,82.1,25.82076,0,1,1,1,111
876,2026-06-02T05:09:55.625Z,0,47.53333,0,29.2,82.1,25.82076,0,1,1,1,111
877,2026-06-02T05:11:55.620Z,0,47.53333,0,29.2,82.1,25.82076,0,1,1,1,111
878,2026-06-02T05:13:55.615Z,0,50.93333,0,29.1,81.8,25.66141,0,1,0,1,101
879,2026-06-02T05:15:55.610Z,0,50.93333,0,29.1,81.8,25.66141,0,1,0,1,101
880,2026-06-02T05:17:55.605Z,0,50.93333,0,29.1,81.8,25.66141,0,1,0,1,101
881,2026-06-02T05:19:55.600Z,0,50.93333,0,29.1,81.8,25.66141,0,1,0,1,101
882,2026-06-02T05:21:55.595Z,0,50.93333,0,29.1,81.8,25.66141,0,1,0,1,101
883,2026-06-02T05:23:55.590Z,0,50.93333,0,29.1,81.8,25.66141,0,1,0,1,101
884,2026-06-02T05:25:55.585Z,0,50.93333,0,29.1,81.8,25.66141,0,1,0,1,101
885,2026-06-02T05:27:55.580Z,0,50.93333,0,29.1,81.8,25.66141,0,1,0,1,101
886,2026-06-02T05:29:55.575Z,0,50.93333,0,29.1,81.8,25.66141,0,1,0,1,101
887,2026-06-02T05:31:55.570Z,0,50.93333,0,29.1,81.8,25.66141,0,1,0,1,101
888,2026-06-02T05:33:55.565Z,0,50.93333,0,29.1,81.8,25.66141,0,1,0,1,101
889,2026-06-02T05:35:55.560Z,0,48.06667,0,29.1,81.4,25.57861,0,1,1,1,111
890,2026-06-02T05:37:55.555Z,0,48.06667,0,29.1,81.4,25.57861,0,1,1,1,111
891,2026-06-02T05:39:55.550Z,0,48.06667,0,29.1,81.4,25.57861,0,1,1,1,111
892,2026-06-02T05:41:55.545Z,0,48.06667,0,29.1,81.4,25.57861,0,1,1,1,111
893,2026-06-02T05:43:55.540Z,0,48.06667,0,29.1,81.4,25.57861,0,1,1,1,111
894,2026-06-02T05:45:55.535Z,0,48.06667,0,29.1,81.4,25.57861,0,1,1,1,111
895,2026-06-02T05:47:55.530Z,0,48.06667,0,29.1,81.4,25.57861,0,1,1,1,111
896,2026-06-02T05:49:55.525Z,0,48.06667,0,29.1,81.4,25.57861,0,1,1,1,111
897,2026-06-02T05:51:55.520Z,0,48.06667,0,29.1,81.4,25.57861,0,1,1,1,111
898,2026-06-02T05:53:55.515Z,0,48.06667,0,29.1,81.4,25.57861,0,1,1,1,111
899,2026-06-02T05:55:55.510Z,0,48.06667,0,29.1,81.4,25.57861,0,1,1,1,111
900,2026-06-02T05:57:55.505Z,0,50.73333,0,29.1,81.3,25.55785,0,1,0,1,101
901,2026-06-02T05:59:55.500Z,0,50.73333,0,29.1,81.3,25.55785,0,1,0,1,101
902,2026-06-02T06:01:55.495Z,0,50.73333,0,29.1,81.3,25.55785,0,1,0,1,101
903,2026-06-02T06:03:55.490Z,0,50.73333,0,29.1,81.3,25.55785,0,1,0,1,101
904,2026-06-02T06:05:55.485Z,0,50.73333,0,29.1,81.3,25.55785,0,1,0,1,101
905,2026-06-02T06:07:55.480Z,0,50.73333,0,29.1,81.3,25.55785,0,1,0,1,101
906,2026-06-02T06:09:55.475Z,0,50.73333,0,29.1,81.3,25.55785,0,1,0,1,101
907,2026-06-02T06:11:55.470Z,0,50.73333,0,29.1,81.3,25.55785,0,1,0,1,101
908,2026-06-02T06:13:55.465Z,0,50.73333,0,29.1,81.3,25.55785,0,1,0,1,101
909,2026-06-02T06:15:55.460Z,0,50.73333,0,29.1,81.3,25.55785,0,1,0,1,101
910,2026-06-02T06:17:55.455Z,0,50.73333,0,29.1,81.3,25.55785,0,1,0,1,101
911,2026-06-02T06:19:55.450Z,0,48.73333,0,29.1,81,25.49545,0,1,1,1,111
912,2026-06-02T06:21:55.445Z,0,48.73333,0,29.1,81,25.49545,0,1,1,1,111
913,2026-06-02T06:23:55.440Z,0,48.73333,0,29.1,81,25.49545,0,1,1,1,111
914,2026-06-02T06:25:55.435Z,0,48.73333,0,29.1,81,25.49545,0,1,1,1,111
915,2026-06-02T06:27:55.430Z,0,48.73333,0,29.1,81,25.49545,0,1,1,1,111
916,2026-06-02T06:29:55.425Z,0,48.73333,0,29.1,81,25.49545,0,1,1,1,111
917,2026-06-02T06:31:55.420Z,0,48.73333,0,29.1,81,25.49545,0,1,1,1,111
918,2026-06-02T06:33:55.415Z,0,48.73333,0,29.1,81,25.49545,0,1,1,1,111
919,2026-06-02T06:35:55.410Z,0,48.73333,0,29.1,81,25.49545,0,1,1,1,111
920,2026-06-02T06:37:55.405Z,0,48.73333,0,29.1,81,25.49545,0,1,1,1,111
921,2026-06-02T06:39:55.400Z,0,48.73333,0,29.1,81,25.49545,0,1,1,1,111
922,2026-06-02T06:41:55.395Z,0,50.86666,0,29.1,81.5,25.59934,0,1,0,1,101
923,2026-06-02T06:43:55.390Z,0,50.86666,0,29.1,81.5,25.59934,0,1,0,1,101
924,2026-06-02T06:45:55.385Z,0,50.86666,0,29.1,81.5,25.59934,0,1,0,1,101
925,2026-06-02T06:47:55.380Z,0,50.86666,0,29.1,81.5,25.59934,0,1,0,1,101
926,2026-06-02T06:49:55.375Z,0,50.86666,0,29.1,81.5,25.59934,0,1,0,1,101
927,2026-06-02T06:51:55.370Z,0,50.86666,0,29.1,81.5,25.59934,0,1,0,1,101
928,2026-06-02T06:53:55.365Z,0,50.86666,0,29.1,81.5,25.59934,0,1,0,1,101
929,2026-06-02T06:55:55.360Z,0,50.86666,0,29.1,81.5,25.59934,0,1,0,1,101
930,2026-06-02T06:57:55.355Z,0,50.86666,0,29.1,81.5,25.59934,0,1,0,1,101
931,2026-06-02T06:59:55.350Z,0,50.86666,0,29.1,81.5,25.59934,0,1,0,1,101
932,2026-06-02T07:01:55.345Z,0,50.86666,0,29.1,81.5,25.59934,0,1,0,1,101
933,2026-06-02T07:03:55.340Z,0,50,0,29.1,82.6,25.82595,0,1,0,1,101
934,2026-06-02T07:05:55.335Z,0,50,0,29.1,82.6,25.82595,0,1,0,1,101
935,2026-06-02T07:07:55.330Z,0,50,0,29.1,82.6,25.82595,0,1,0,1,101
936,2026-06-02T07:09:55.325Z,0,50,0,29.1,82.6,25.82595,0,1,0,1,101
937,2026-06-02T07:11:55.320Z,0,50,0,29.1,82.6,25.82595,0,1,0,1,101
938,2026-06-02T07:13:55.315Z,0,50,0,29.1,82.6,25.82595,0,1,0,1,101
939,2026-06-02T07:15:55.310Z,0,50,0,29.1,82.6,25.82595,0,1,0,1,101
940,2026-06-02T07:17:55.305Z,0,50,0,29.1,82.6,25.82595,0,1,0,1,101
941,2026-06-02T07:19:55.300Z,0,50,0,29.1,82.6,25.82595,0,1,0,1,101
942,2026-06-02T07:21:55.295Z,0,50,0,29.1,82.6,25.82595,0,1,0,1,101
943,2026-06-02T07:23:55.290Z,0,50,0,29.1,82.6,25.82595,0,1,0,1,101
944,2026-06-02T07:25:55.285Z,0,49.53333,0,29.1,83.2,25.94844,0,1,1,1,111
945,2026-06-02T07:27:55.280Z,0,49.53333,0,29.1,83.2,25.94844,0,1,1,1,111
946,2026-06-02T07:29:55.275Z,0,49.53333,0,29.1,83.2,25.94844,0,1,1,1,111
947,2026-06-02T07:31:55.270Z,0,49.53333,0,29.1,83.2,25.94844,0,1,1,1,111
948,2026-06-02T07:33:55.265Z,0,49.53333,0,29.1,83.2,25.94844,0,1,1,1,111
949,2026-06-02T07:35:55.260Z,0,49.53333,0,29.1,83.2,25.94844,0,1,1,1,111
950,2026-06-02T07:37:55.255Z,0,49.53333,0,29.1,83.2,25.94844,0,1,1,1,111
951,2026-06-02T07:39:55.250Z,0,49.53333,0,29.1,83.2,25.94844,0,1,1,1,111
952,2026-06-02T07:41:55.245Z,0,49.53333,0,29.1,83.2,25.94844,0,1,1,1,111
953,2026-06-02T07:43:55.240Z,0,49.53333,0,29.1,83.2,25.94844,0,1,1,1,111
954,2026-06-02T07:45:55.235Z,0,49.53333,0,29.1,83.2,25.94844,0,1,1,1,111
955,2026-06-02T07:47:55.230Z,0,48.86666,0,29.1,83.8,26.07018,0,1,1,1,111
956,2026-06-02T07:49:55.225Z,0,48.86666,0,29.1,83.8,26.07018,0,1,1,1,111
957,2026-06-02T07:51:55.220Z,0,48.86666,0,29.1,83.8,26.07018,0,1,1,1,111
958,2026-06-02T07:53:55.215Z,0,48.86666,0,29.1,83.8,26.07018,0,1,1,1,111
959,2026-06-02T07:55:55.210Z,0,48.86666,0,29.1,83.8,26.07018,0,1,1,1,111
960,2026-06-02T07:57:55.205Z,0,48.86666,0,29.1,83.8,26.07018,0,1,1,1,111
961,2026-06-02T07:59:55.200Z,0,48.86666,0,29.1,83.8,26.07018,0,1,1,1,111
962,2026-06-02T08:01:55.195Z,0,48.86666,0,29.1,83.8,26.07018,0,1,1,1,111
963,2026-06-02T08:03:55.190Z,0,48.86666,0,29.1,83.8,26.07018,0,1,1,1,111
964,2026-06-02T08:05:55.185Z,0,48.86666,0,29.1,83.8,26.07018,0,1,1,1,111
965,2026-06-02T08:07:55.180Z,0,48.86666,0,29.1,83.8,26.07018,0,1,1,1,111
966,2026-06-02T08:09:55.175Z,0,49.66667,0,29.2,84.4,26.28898,0,1,1,1,111
967,2026-06-02T08:11:55.170Z,0,49.66667,0,29.2,84.4,26.28898,0,1,1,1,111
968,2026-06-02T08:13:55.165Z,0,49.66667,0,29.2,84.4,26.28898,0,1,1,1,111
969,2026-06-02T08:15:55.160Z,0,49.66667,0,29.2,84.4,26.28898,0,1,1,1,111
970,2026-06-02T08:17:55.155Z,0,49.66667,0,29.2,84.4,26.28898,0,1,1,1,111
971,2026-06-02T08:19:55.150Z,0,49.66667,0,29.2,84.4,26.28898,0,1,1,1,111
972,2026-06-02T08:21:55.145Z,0,49.66667,0,29.2,84.4,26.28898,0,1,1,1,111
973,2026-06-02T08:23:55.140Z,0,49.66667,0,29.2,84.4,26.28898,0,1,1,1,111
974,2026-06-02T08:25:55.135Z,0,49.66667,0,29.2,84.4,26.28898,0,1,1,1,111
975,2026-06-02T08:27:55.130Z,0,49.66667,0,29.2,84.4,26.28898,0,1,1,1,111
976,2026-06-02T08:29:55.125Z,0,49.66667,0,29.2,84.4,26.28898,0,1,1,1,111
977,2026-06-02T08:31:55.120Z,0,48.66667,0,29.2,85.2,26.44923,0,1,1,1,111
978,2026-06-02T08:33:55.115Z,0,48.66667,0,29.2,85.2,26.44923,0,1,1,1,111
979,2026-06-02T08:35:55.110Z,0,48.66667,0,29.2,85.2,26.44923,0,1,1,1,111
980,2026-06-02T08:37:55.105Z,0,48.66667,0,29.2,85.2,26.44923,0,1,1,1,111
981,2026-06-02T08:39:55.100Z,0,48.66667,0,29.2,85.2,26.44923,0,1,1,1,111
982,2026-06-02T08:41:55.095Z,0,48.66667,0,29.2,85.2,26.44923,0,1,1,1,111
983,2026-06-02T08:43:55.090Z,0,48.66667,0,29.2,85.2,26.44923,0,1,1,1,111
984,2026-06-02T08:45:55.085Z,0,48.66667,0,29.2,85.2,26.44923,0,1,1,1,111
985,2026-06-02T08:47:55.080Z,0,48.66667,0,29.2,85.2,26.44923,0,1,1,1,111
986,2026-06-02T08:49:55.075Z,0,48.66667,0,29.2,85.2,26.44923,0,1,1,1,111
987,2026-06-02T08:51:55.070Z,0,48.66667,0,29.2,85.2,26.44923,0,1,1,1,111
988,2026-06-02T08:53:55.065Z,0,52.93333,0,29.2,85.6,26.52887,0,1,0,1,101
989,2026-06-02T08:55:55.060Z,0,52.93333,0,29.2,85.6,26.52887,0,1,0,1,101
990,2026-06-02T08:57:55.055Z,0,52.93333,0,29.2,85.6,26.52887,0,1,0,1,101
991,2026-06-02T08:59:55.050Z,0,52.93333,0,29.2,85.6,26.52887,0,1,0,1,101
992,2026-06-02T09:01:55.045Z,0,52.93333,0,29.2,85.6,26.52887,0,1,0,1,101
993,2026-06-02T09:03:55.040Z,0,52.93333,0,29.2,85.6,26.52887,0,1,0,1,101
994,2026-06-02T09:05:55.035Z,0,52.93333,0,29.2,85.6,26.52887,0,1,0,1,101
995,2026-06-02T09:07:55.030Z,0,52.93333,0,29.2,85.6,26.52887,0,1,0,1,101
996,2026-06-02T09:09:55.025Z,0,52.93333,0,29.2,85.6,26.52887,0,1,0,1,101
997,2026-06-02T09:11:55.020Z,0,52.93333,0,29.2,85.6,26.52887,0,1,0,1,101
998,2026-06-02T09:13:55.015Z,0,52.93333,0,29.2,85.6,26.52887,0,1,0,1,101
999,2026-06-02T09:15:55.010Z,0,45.73333,0,29.2,85.7,26.54873,0,1,1,1,111
1000,2026-06-02T09:17:55.005Z,0,45.73333,0,29.2,85.7,26.54873,0,1,1,1,111
1001,2026-06-02T09:19:55.000Z,0,45.73333,0,29.2,85.7,26.54873,0,1,1,1,111
1002,2026-06-02T09:21:54.995Z,0,45.73333,0,29.2,85.7,26.54873,0,1,1,1,111
1003,2026-06-02T09:23:54.990Z,0,45.73333,0,29.2,85.7,26.54873,0,1,1,1,111
1004,2026-06-02T09:25:54.985Z,0,45.73333,0,29.2,85.7,26.54873,0,1,1,1,111
1005,2026-06-02T09:27:54.980Z,0,45.73333,0,29.2,85.7,26.54873,0,1,1,1,111
1006,2026-06-02T09:29:54.975Z,0,45.73333,0,29.2,85.7,26.54873,0,1,1,1,111
1007,2026-06-02T09:31:54.970Z,0,45.73333,0,29.2,85.7,26.54873,0,1,1,1,111
1008,2026-06-02T09:33:54.965Z,0,45.73333,0,29.2,85.7,26.54873,0,1,1,1,111
1009,2026-06-02T09:35:54.960Z,0,45.73333,0,29.2,85.7,26.54873,0,1,1,1,111
1010,2026-06-02T09:37:54.955Z,0,51.13334,0,29.2,85.7,26.54873,0,1,0,1,101
1011,2026-06-02T09:39:54.950Z,0,51.13334,0,29.2,85.7,26.54873,0,1,0,1,101
1012,2026-06-02T09:41:54.945Z,0,51.13334,0,29.2,85.7,26.54873,0,1,0,1,101
1013,2026-06-02T09:43:54.940Z,0,51.13334,0,29.2,85.7,26.54873,0,1,0,1,101
1014,2026-06-02T09:45:54.935Z,0,51.13334,0,29.2,85.7,26.54873,0,1,0,1,101
1015,2026-06-02T09:47:54.930Z,0,51.13334,0,29.2,85.7,26.54873,0,1,0,1,101
1016,2026-06-02T09:49:54.925Z,0,51.13334,0,29.2,85.7,26.54873,0,1,0,1,101
1017,2026-06-02T09:51:54.920Z,0,51.13334,0,29.2,85.7,26.54873,0,1,0,1,101
1018,2026-06-02T09:53:54.915Z,0,51.13334,0,29.2,85.7,26.54873,0,1,0,1,101
1019,2026-06-02T09:55:54.910Z,0,51.13334,0,29.2,85.7,26.54873,0,1,0,1,101
1020,2026-06-02T09:57:54.905Z,0,51.13334,0,29.2,85.7,26.54873,0,1,0,1,101
1021,2026-06-02T09:59:54.900Z,0,48.86666,0,29.2,86.1,26.62796,0,1,1,1,111
1022,2026-06-02T10:01:54.895Z,0,48.86666,0,29.2,86.1,26.62796,0,1,1,1,111
1023,2026-06-02T10:03:54.890Z,0,48.86666,0,29.2,86.1,26.62796,0,1,1,1,111
1024,2026-06-02T10:05:54.885Z,0,48.86666,0,29.2,86.1,26.62796,0,1,1,1,111
1025,2026-06-02T10:07:54.880Z,0,48.86666,0,29.2,86.1,26.62796,0,1,1,1,111
1026,2026-06-02T10:09:54.875Z,0,48.86666,0,29.2,86.1,26.62796,0,1,1,1,111
1027,2026-06-02T10:11:54.870Z,0,48.86666,0,29.2,86.1,26.62796,0,1,1,1,111
1028,2026-06-02T10:13:54.865Z,0,48.86666,0,29.2,86.1,26.62796,0,1,1,1,111
1029,2026-06-02T10:15:54.860Z,0,48.86666,0,29.2,86.1,26.62796,0,1,1,1,111
1030,2026-06-02T10:17:54.855Z,0,48.86666,0,29.2,86.1,26.62796,0,1,1,1,111
1031,2026-06-02T10:19:54.850Z,0,48.6,0,29.2,86.4,26.68717,0,1,1,1,111
1032,2026-06-02T10:21:54.845Z,0,48.6,0,29.2,86.4,26.68717,0,1,1,1,111
1033,2026-06-02T10:23:54.840Z,0,48.6,0,29.2,86.4,26.68717,0,1,1,1,111
1034,2026-06-02T10:25:54.835Z,0,48.6,0,29.2,86.4,26.68717,0,1,1,1,111
1035,2026-06-02T10:27:54.830Z,0,48.6,0,29.2,86.4,26.68717,0,1,1,1,111
1036,2026-06-02T10:29:54.825Z,0,48.6,0,29.2,86.4,26.68717,0,1,1,1,111
1037,2026-06-02T10:31:54.820Z,0,48.6,0,29.2,86.4,26.68717,0,1,1,1,111
1038,2026-06-02T10:33:54.815Z,0,48.6,0,29.2,86.4,26.68717,0,1,1,1,111
1039,2026-06-02T10:35:54.810Z,0,48.6,0,29.2,86.4,26.68717,0,1,1,1,111
1040,2026-06-02T10:37:54.805Z,0,48.6,0,29.2,86.4,26.68717,0,1,1,1,111
1041,2026-06-02T10:39:54.800Z,0,48.6,0,29.2,86.4,26.68717,0,1,1,1,111
1042,2026-06-02T10:41:54.795Z,0,48.73333,0,29.2,86.4,26.68717,0,1,1,1,111
1043,2026-06-02T10:43:54.790Z,0,48.73333,0,29.2,86.4,26.68717,0,1,1,1,111
1044,2026-06-02T10:45:54.785Z,0,48.73333,0,29.2,86.4,26.68717,0,1,1,1,111
1045,2026-06-02T10:47:54.780Z,0,48.73333,0,29.2,86.4,26.68717,0,1,1,1,111
1046,2026-06-02T10:49:54.775Z,0,48.73333,0,29.2,86.4,26.68717,0,1,1,1,111
1047,2026-06-02T10:51:54.770Z,0,48.73333,0,29.2,86.4,26.68717,0,1,1,1,111
1048,2026-06-02T10:53:54.765Z,0,48.73333,0,29.2,86.4,26.68717,0,1,1,1,111
1049,2026-06-02T10:55:54.760Z,0,48.73333,0,29.2,86.4,26.68717,0,1,1,1,111
1050,2026-06-02T10:57:54.755Z,0,48.73333,0,29.2,86.4,26.68717,0,1,1,1,111
1051,2026-06-02T10:59:54.750Z,0,48.73333,0,29.2,86.4,26.68717,0,1,1,1,111
1052,2026-06-02T11:01:54.745Z,0,48.73333,0,29.2,86.4,26.68717,0,1,1,1,111
1053,2026-06-02T11:03:54.740Z,0,50.2,0,29.1,86.3,26.56934,0,1,0,1,101
1054,2026-06-02T11:05:54.735Z,0,50.2,0,29.1,86.3,26.56934,0,1,0,1,101
1055,2026-06-02T11:07:54.730Z,0,50.2,0,29.1,86.3,26.56934,0,1,0,1,101
1056,2026-06-02T11:09:54.725Z,0,50.2,0,29.1,86.3,26.56934,0,1,0,1,101
1057,2026-06-02T11:11:54.720Z,0,50.2,0,29.1,86.3,26.56934,0,1,0,1,101
1058,2026-06-02T11:13:54.715Z,0,50.2,0,29.1,86.3,26.56934,0,1,0,1,101
1059,2026-06-02T11:15:54.710Z,0,50.2,0,29.1,86.3,26.56934,0,1,0,1,101
1060,2026-06-02T11:17:54.705Z,0,50.2,0,29.1,86.3,26.56934,0,1,0,1,101
1061,2026-06-02T11:19:54.700Z,0,50.2,0,29.1,86.3,26.56934,0,1,0,1,101
1062,2026-06-02T11:21:54.695Z,0,50.2,0,29.1,86.3,26.56934,0,1,0,1,101
1063,2026-06-02T11:23:54.690Z,0,50.2,0,29.1,86.3,26.56934,0,1,0,1,101
1064,2026-06-02T11:25:54.685Z,0,47.66667,0,29.1,86.5,26.60873,0,1,1,1,111
1065,2026-06-02T11:27:54.680Z,0,47.66667,0,29.1,86.5,26.60873,0,1,1,1,111
1066,2026-06-02T11:29:54.675Z,0,47.66667,0,29.1,86.5,26.60873,0,1,1,1,111
1067,2026-06-02T11:31:54.670Z,0,47.66667,0,29.1,86.5,26.60873,0,1,1,1,111
1068,2026-06-02T11:33:54.665Z,0,47.66667,0,29.1,86.5,26.60873,0,1,1,1,111
1069,2026-06-02T11:35:54.660Z,0,47.66667,0,29.1,86.5,26.60873,0,1,1,1,111
1070,2026-06-02T11:37:54.655Z,0,47.66667,0,29.1,86.5,26.60873,0,1,1,1,111
1071,2026-06-02T11:39:54.650Z,0,47.66667,0,29.1,86.5,26.60873,0,1,1,1,111
1072,2026-06-02T11:41:54.645Z,0,47.66667,0,29.1,86.5,26.60873,0,1,1,1,111
1073,2026-06-02T11:43:54.640Z,0,47.66667,0,29.1,86.5,26.60873,0,1,1,1,111
1074,2026-06-02T11:45:54.635Z,0,47.66667,0,29.1,86.5,26.60873,0,1,1,1,111
1075,2026-06-02T11:47:54.630Z,0,50.86666,0,29.1,86.7,26.64804,0,1,0,1,101
1076,2026-06-02T11:49:54.625Z,0,50.86666,0,29.1,86.7,26.64804,0,1,0,1,101
1077,2026-06-02T11:51:54.620Z,0,50.86666,0,29.1,86.7,26.64804,0,1,0,1,101
1078,2026-06-02T11:53:54.615Z,0,50.86666,0,29.1,86.7,26.64804,0,1,0,1,101
1079,2026-06-02T11:55:54.610Z,0,50.86666,0,29.1,86.7,26.64804,0,1,0,1,101
1080,2026-06-02T11:57:54.605Z,0,50.86666,0,29.1,86.7,26.64804,0,1,0,1,101
1081,2026-06-02T11:59:54.600Z,0,50.86666,0,29.1,86.7,26.64804,0,1,0,1,101
1082,2026-06-02T12:01:54.595Z,0,50.86666,0,29.1,86.7,26.64804,0,1,0,1,101
1083,2026-06-02T12:03:54.590Z,0,50.86666,0,29.1,86.7,26.64804,0,1,0,1,101
1084,2026-06-02T12:05:54.585Z,0,50.86666,0,29.1,86.7,26.64804,0,1,0,1,101
1085,2026-06-02T12:07:54.580Z,0,50.86666,0,29.1,86.7,26.64804,0,1,0,1,101
1086,2026-06-02T12:09:54.575Z,0,48.13334,0,29.1,86.7,26.64804,0,1,1,1,111
1087,2026-06-02T12:11:54.570Z,0,48.13334,0,29.1,86.7,26.64804,0,1,1,1,111
1088,2026-06-02T12:13:54.565Z,0,48.13334,0,29.1,86.7,26.64804,0,1,1,1,111
1089,2026-06-02T12:15:54.560Z,0,48.13334,0,29.1,86.7,26.64804,0,1,1,1,111
1090,2026-06-02T12:17:54.555Z,0,48.13334,0,29.1,86.7,26.64804,0,1,1,1,111
1091,2026-06-02T12:19:54.550Z,0,48.13334,0,29.1,86.7,26.64804,0,1,1,1,111
1092,2026-06-02T12:21:54.545Z,0,48.13334,0,29.1,86.7,26.64804,0,1,1,1,111
1093,2026-06-02T12:23:54.540Z,0,48.13334,0,29.1,86.7,26.64804,0,1,1,1,111
1094,2026-06-02T12:25:54.535Z,0,48.13334,0,29.1,86.7,26.64804,0,1,1,1,111
1095,2026-06-02T12:27:54.530Z,0,48.13334,0,29.1,86.7,26.64804,0,1,1,1,111
1096,2026-06-02T12:29:54.525Z,0,48.13334,0,29.1,86.7,26.64804,0,1,1,1,111
1097,2026-06-02T12:31:54.520Z,0,50.2,0,29.1,86.7,26.64804,0,1,0,1,101
1098,2026-06-02T12:33:54.515Z,0,50.2,0,29.1,86.7,26.64804,0,1,0,1,101
1099,2026-06-02T12:35:54.510Z,0,50.2,0,29.1,86.7,26.64804,0,1,0,1,101
1100,2026-06-02T12:37:54.505Z,0,50.2,0,29.1,86.7,26.64804,0,1,0,1,101
1101,2026-06-02T12:39:54.500Z,0,50.2,0,29.1,86.7,26.64804,0,1,0,1,101
1102,2026-06-02T12:41:54.495Z,0,50.2,0,29.1,86.7,26.64804,0,1,0,1,101
1103,2026-06-02T12:43:54.490Z,0,50.2,0,29.1,86.7,26.64804,0,1,0,1,101
1104,2026-06-02T12:45:54.485Z,0,50.2,0,29.1,86.7,26.64804,0,1,0,1,101
1105,2026-06-02T12:47:54.480Z,0,50.2,0,29.1,86.7,26.64804,0,1,0,1,101
1106,2026-06-02T12:49:54.475Z,0,50.2,0,29.1,86.7,26.64804,0,1,0,1,101
1107,2026-06-02T12:51:54.470Z,0,50.2,0,29.1,86.7,26.64804,0,1,0,1,101
1108,2026-06-02T12:53:54.465Z,0,48.26667,0,29.1,87,26.70685,0,1,1,1,111
1109,2026-06-02T12:55:54.460Z,0,48.26667,0,29.1,87,26.70685,0,1,1,1,111
1110,2026-06-02T12:57:54.455Z,0,48.26667,0,29.1,87,26.70685,0,1,1,1,111
1111,2026-06-02T12:59:54.450Z,0,48.26667,0,29.1,87,26.70685,0,1,1,1,111
1112,2026-06-02T13:01:54.445Z,0,48.26667,0,29.1,87,26.70685,0,1,1,1,111
1113,2026-06-02T13:03:54.440Z,0,48.26667,0,29.1,87,26.70685,0,1,1,1,111
1114,2026-06-02T13:05:54.435Z,0,48.26667,0,29.1,87,26.70685,0,1,1,1,111
1115,2026-06-02T13:07:54.430Z,0,48.26667,0,29.1,87,26.70685,0,1,1,1,111
1116,2026-06-02T13:09:54.425Z,0,48.26667,0,29.1,87,26.70685,0,1,1,1,111
1117,2026-06-02T13:11:54.420Z,0,48.26667,0,29.1,87,26.70685,0,1,1,1,111
1118,2026-06-02T13:13:54.415Z,0,48.26667,0,29.1,87,26.70685,0,1,1,1,111
1119,2026-06-02T13:15:54.410Z,0,51.53333,0,29.1,86.8,26.66766,0,1,0,1,101
1120,2026-06-02T13:17:54.405Z,0,51.53333,0,29.1,86.8,26.66766,0,1,0,1,101
1121,2026-06-02T13:19:54.400Z,0,51.53333,0,29.1,86.8,26.66766,0,1,0,1,101
1122,2026-06-02T13:21:54.395Z,0,51.53333,0,29.1,86.8,26.66766,0,1,0,1,101
1123,2026-06-02T13:23:54.390Z,0,51.53333,0,29.1,86.8,26.66766,0,1,0,1,101
1124,2026-06-02T13:25:54.385Z,0,51.53333,0,29.1,86.8,26.66766,0,1,0,1,101
1125,2026-06-02T13:27:54.380Z,0,51.53333,0,29.1,86.8,26.66766,0,1,0,1,101
1126,2026-06-02T13:29:54.375Z,0,51.53333,0,29.1,86.8,26.66766,0,1,0,1,101
1127,2026-06-02T13:31:54.370Z,0,51.53333,0,29.1,86.8,26.66766,0,1,0,1,101
1128,2026-06-02T13:33:54.365Z,0,51.53333,0,29.1,86.8,26.66766,0,1,0,1,101
1129,2026-06-02T13:35:54.360Z,0,51.53333,0,29.1,86.8,26.66766,0,1,0,1,101
1130,2026-06-02T13:37:54.355Z,0,50.2,0,29.1,86.1,26.52987,0,1,0,1,101
1131,2026-06-02T13:39:54.350Z,0,50.2,0,29.1,86.1,26.52987,0,1,0,1,101
1132,2026-06-02T13:41:54.345Z,0,50.2,0,29.1,86.1,26.52987,0,1,0,1,101
1133,2026-06-02T13:43:54.340Z,0,50.2,0,29.1,86.1,26.52987,0,1,0,1,101
1134,2026-06-02T13:45:54.335Z,0,50.2,0,29.1,86.1,26.52987,0,1,0,1,101
1135,2026-06-02T13:47:54.330Z,0,50.2,0,29.1,86.1,26.52987,0,1,0,1,101
1136,2026-06-02T13:49:54.325Z,0,50.2,0,29.1,86.1,26.52987,0,1,0,1,101
1137,2026-06-02T13:51:54.320Z,0,50.2,0,29.1,86.1,26.52987,0,1,0,1,101
1138,2026-06-02T13:53:54.315Z,0,50.2,0,29.1,86.1,26.52987,0,1,0,1,101
1139,2026-06-02T13:55:54.310Z,0,50.2,0,29.1,86.1,26.52987,0,1,0,1,101
1140,2026-06-02T13:57:54.305Z,0,50.2,0,29.1,86.1,26.52987,0,1,0,1,101
1141,2026-06-02T13:59:54.300Z,0,52,0,29.1,85.9,26.49033,0,1,0,1,101
1142,2026-06-02T14:01:54.295Z,0,52,0,29.1,85.9,26.49033,0,1,0,1,101
1143,2026-06-02T14:03:54.290Z,0,52,0,29.1,85.9,26.49033,0,1,0,1,101
1144,2026-06-02T14:05:54.285Z,0,52,0,29.1,85.9,26.49033,0,1,0,1,101
1145,2026-06-02T14:07:54.280Z,0,52,0,29.1,85.9,26.49033,0,1,0,1,101
1146,2026-06-02T14:09:54.275Z,0,52,0,29.1,85.9,26.49033,0,1,0,1,101
1147,2026-06-02T14:11:54.270Z,0,52,0,29.1,85.9,26.49033,0,1,0,1,101
1148,2026-06-02T14:13:54.265Z,0,52,0,29.1,85.9,26.49033,0,1,0,1,101
1149,2026-06-02T14:15:54.260Z,0,52,0,29.1,85.9,26.49033,0,1,0,1,101
1150,2026-06-02T14:17:54.255Z,0,52,0,29.1,85.9,26.49033,0,1,0,1,101
1151,2026-06-02T14:19:54.250Z,0,52,0,29.1,85.9,26.49033,0,1,0,1,101
1152,2026-06-02T14:21:54.245Z,0,48.6,0,29.1,85.7,26.4507,0,1,1,1,111
1153,2026-06-02T14:23:54.240Z,0,48.6,0,29.1,85.7,26.4507,0,1,1,1,111
1154,2026-06-02T14:25:54.235Z,0,48.6,0,29.1,85.7,26.4507,0,1,1,1,111
1155,2026-06-02T14:27:54.230Z,0,48.6,0,29.1,85.7,26.4507,0,1,1,1,111
1156,2026-06-02T14:29:54.225Z,0,48.6,0,29.1,85.7,26.4507,0,1,1,1,111
1157,2026-06-02T14:31:54.220Z,0,48.6,0,29.1,85.7,26.4507,0,1,1,1,111
1158,2026-06-02T14:33:54.215Z,0,48.6,0,29.1,85.7,26.4507,0,1,1,1,111
1159,2026-06-02T14:35:54.210Z,0,48.6,0,29.1,85.7,26.4507,0,1,1,1,111
1160,2026-06-02T14:37:54.205Z,0,48.6,0,29.1,85.7,26.4507,0,1,1,1,111
1161,2026-06-02T14:39:54.200Z,0,48.6,0,29.1,85.7,26.4507,0,1,1,1,111
1162,2026-06-02T14:41:54.195Z,0,48.6,0,29.1,85.7,26.4507,0,1,1,1,111
1163,2026-06-02T14:43:54.190Z,0,50.8,0,29.1,85.8,26.47053,0,1,0,1,101
1164,2026-06-02T14:45:54.185Z,0,50.8,0,29.1,85.8,26.47053,0,1,0,1,101
1165,2026-06-02T14:47:54.180Z,0,50.8,0,29.1,85.8,26.47053,0,1,0,1,101
1166,2026-06-02T14:49:54.175Z,0,50.8,0,29.1,85.8,26.47053,0,1,0,1,101
1167,2026-06-02T14:51:54.170Z,0,50.8,0,29.1,85.8,26.47053,0,1,0,1,101
1168,2026-06-02T14:53:54.165Z,0,50.8,0,29.1,85.8,26.47053,0,1,0,1,101
1169,2026-06-02T14:55:54.160Z,0,50.8,0,29.1,85.8,26.47053,0,1,0,1,101
1170,2026-06-02T14:57:54.155Z,0,50.8,0,29.1,85.8,26.47053,0,1,0,1,101
1171,2026-06-02T14:59:54.150Z,0,50.8,0,29.1,85.8,26.47053,0,1,0,1,101
1172,2026-06-02T15:01:54.145Z,0,50.8,0,29.1,85.8,26.47053,0,1,0,1,101
1173,2026-06-02T15:03:54.140Z,0,50.8,0,29.1,85.8,26.47053,0,1,0,1,101
1174,2026-06-02T15:05:54.135Z,0,47,0,29.1,85.5,26.411,0,1,1,1,111
1175,2026-06-02T15:07:54.130Z,0,47,0,29.1,85.5,26.411,0,1,1,1,111
1176,2026-06-02T15:09:54.125Z,0,47,0,29.1,85.5,26.411,0,1,1,1,111
1177,2026-06-02T15:11:54.120Z,0,47,0,29.1,85.5,26.411,0,1,1,1,111
1178,2026-06-02T15:13:54.115Z,0,47,0,29.1,85.5,26.411,0,1,1,1,111
1179,2026-06-02T15:15:54.110Z,0,47,0,29.1,85.5,26.411,0,1,1,1,111
1180,2026-06-02T15:17:54.105Z,0,47,0,29.1,85.5,26.411,0,1,1,1,111
1181,2026-06-02T15:19:54.100Z,0,47,0,29.1,85.5,26.411,0,1,1,1,111
1182,2026-06-02T15:21:54.095Z,0,47,0,29.1,85.5,26.411,0,1,1,1,111
1183,2026-06-02T15:23:54.090Z,0,47,0,29.1,85.5,26.411,0,1,1,1,111
1184,2026-06-02T15:25:54.085Z,0,47,0,29.1,85.5,26.411,0,1,1,1,111
1185,2026-06-02T15:27:54.080Z,0,47,0,29.1,85.5,26.411,0,1,1,1,111
1186,2026-06-02T15:29:54.075Z,0,50.66667,0,29.1,85.5,26.411,0,1,0,1,101
1187,2026-06-02T15:31:54.070Z,0,50.66667,0,29.1,85.5,26.411,0,1,0,1,101
1188,2026-06-02T15:33:54.065Z,0,50.66667,0,29.1,85.5,26.411,0,1,0,1,101
1189,2026-06-02T15:35:54.060Z,0,50.66667,0,29.1,85.5,26.411,0,1,0,1,101
1190,2026-06-02T15:37:54.055Z,0,50.66667,0,29.1,85.5,26.411,0,1,0,1,101
1191,2026-06-02T15:39:54.050Z,0,50.66667,0,29.1,85.5,26.411,0,1,0,1,101
1192,2026-06-02T15:41:54.045Z,0,50.66667,0,29.1,85.5,26.411,0,1,0,1,101
1193,2026-06-02T15:43:54.040Z,0,50.66667,0,29.1,85.5,26.411,0,1,0,1,101
1194,2026-06-02T15:45:54.035Z,0,50.66667,0,29.1,85.5,26.411,0,1,0,1,101
1195,2026-06-02T15:47:54.030Z,0,50.66667,0,29.1,85.5,26.411,0,1,0,1,101
1196,2026-06-02T15:49:54.025Z,0,50.6,1.066667,29.1,85.6,26.43086,0,1,0,1,101
1197,2026-06-02T15:51:54.020Z,0,50.6,1.066667,29.1,85.6,26.43086,0,1,0,1,101
1198,2026-06-02T15:53:54.015Z,0,50.6,1.066667,29.1,85.6,26.43086,0,1,0,1,101
1199,2026-06-02T15:55:54.010Z,0,50.6,1.066667,29.1,85.6,26.43086,0,1,0,1,101
1200,2026-06-02T15:57:54.005Z,0,50.6,1.066667,29.1,85.6,26.43086,0,1,0,1,101
1201,2026-06-02T15:59:54.000Z,0,50.6,1.066667,29.1,85.6,26.43086,0,1,0,1,101
1202,2026-06-02T16:01:53.995Z,0,50.6,1.066667,29.1,85.6,26.43086,0,1,0,1,101
1203,2026-06-02T16:03:53.990Z,0,50.6,1.066667,29.1,85.6,26.43086,0,1,0,1,101
1204,2026-06-02T16:05:53.985Z,0,50.6,1.066667,29.1,85.6,26.43086,0,1,0,1,101
1205,2026-06-02T16:07:53.980Z,0,50.6,1.066667,29.1,85.6,26.43086,0,1,0,1,101
1206,2026-06-02T16:09:53.975Z,0,50.6,1.066667,29.1,85.6,26.43086,0,1,0,1,101
1207,2026-06-02T16:11:53.970Z,0,51.46667,0.133333,29.1,85.7,26.4507,0,1,0,1,101
1208,2026-06-02T16:13:53.965Z,0,51.46667,0.133333,29.1,85.7,26.4507,0,1,0,1,101
1209,2026-06-02T16:15:53.960Z,0,51.46667,0.133333,29.1,85.7,26.4507,0,1,0,1,101
1210,2026-06-02T16:17:53.955Z,0,51.46667,0.133333,29.1,85.7,26.4507,0,1,0,1,101
1211,2026-06-02T16:19:53.950Z,0,51.46667,0.133333,29.1,85.7,26.4507,0,1,0,1,101
1212,2026-06-02T16:21:53.945Z,0,51.46667,0.133333,29.1,85.7,26.4507,0,1,0,1,101
1213,2026-06-02T16:23:53.940Z,0,51.46667,0.133333,29.1,85.7,26.4507,0,1,0,1,101
1214,2026-06-02T16:25:53.935Z,0,51.46667,0.133333,29.1,85.7,26.4507,0,1,0,1,101
1215,2026-06-02T16:27:53.930Z,0,51.46667,0.133333,29.1,85.7,26.4507,0,1,0,1,101
1216,2026-06-02T16:29:53.925Z,0,51.46667,0.133333,29.1,85.7,26.4507,0,1,0,1,101
1217,2026-06-02T16:31:53.920Z,0,51.46667,0.133333,29.1,85.7,26.4507,0,1,0,1,101
1218,2026-06-02T16:33:53.915Z,0,50.6,0,29.1,85.3,26.37121,0,1,0,1,101
1219,2026-06-02T16:35:53.910Z,0,50.6,0,29.1,85.3,26.37121,0,1,0,1,101
1220,2026-06-02T16:37:53.905Z,0,50.6,0,29.1,85.3,26.37121,0,1,0,1,101
1221,2026-06-02T16:39:53.900Z,0,50.6,0,29.1,85.3,26.37121,0,1,0,1,101
1222,2026-06-02T16:41:53.895Z,0,50.6,0,29.1,85.3,26.37121,0,1,0,1,101
1223,2026-06-02T16:43:53.890Z,0,50.6,0,29.1,85.3,26.37121,0,1,0,1,101
1224,2026-06-02T16:45:53.885Z,0,50.6,0,29.1,85.3,26.37121,0,1,0,1,101
1225,2026-06-02T16:47:53.880Z,0,50.6,0,29.1,85.3,26.37121,0,1,0,1,101
1226,2026-06-02T16:49:53.875Z,0,50.6,0,29.1,85.3,26.37121,0,1,0,1,101
1227,2026-06-02T16:51:53.870Z,0,50.6,0,29.1,85.3,26.37121,0,1,0,1,101
1228,2026-06-02T16:53:53.865Z,0,50.6,0,29.1,85.3,26.37121,0,1,0,1,101
1229,2026-06-02T16:55:53.860Z,0,49.86666,0,29.1,85.3,26.37121,0,1,1,1,111
1230,2026-06-02T16:57:53.855Z,0,49.86666,0,29.1,85.3,26.37121,0,1,1,1,111
1231,2026-06-02T16:59:53.850Z,0,49.86666,0,29.1,85.3,26.37121,0,1,1,1,111
1232,2026-06-02T17:01:53.845Z,0,49.86666,0,29.1,85.3,26.37121,0,1,1,1,111
1233,2026-06-02T17:03:53.840Z,0,49.86666,0,29.1,85.3,26.37121,0,1,1,1,111
1234,2026-06-02T17:05:53.835Z,0,49.86666,0,29.1,85.3,26.37121,0,1,1,1,111
1235,2026-06-02T17:07:53.830Z,0,49.86666,0,29.1,85.3,26.37121,0,1,1,1,111
1236,2026-06-02T17:09:53.825Z,0,49.86666,0,29.1,85.3,26.37121,0,1,1,1,111
1237,2026-06-02T17:11:53.820Z,0,49.86666,0,29.1,85.3,26.37121,0,1,1,1,111
1238,2026-06-02T17:13:53.815Z,0,49.86666,0,29.1,85.3,26.37121,0,1,1,1,111
1239,2026-06-02T17:15:53.810Z,0,49.46667,0,29.1,84.2,26.15091,0,1,1,1,111
1240,2026-06-02T17:17:53.805Z,0,49.46667,0,29.1,84.2,26.15091,0,1,1,1,111
1241,2026-06-02T17:19:53.800Z,0,49.46667,0,29.1,84.2,26.15091,0,1,1,1,111
1242,2026-06-02T17:21:53.795Z,0,49.46667,0,29.1,84.2,26.15091,0,1,1,1,111
1243,2026-06-02T17:23:53.790Z,0,49.46667,0,29.1,84.2,26.15091,0,1,1,1,111
1244,2026-06-02T17:25:53.785Z,0,49.46667,0,29.1,84.2,26.15091,0,1,1,1,111
1245,2026-06-02T17:27:53.780Z,0,49.46667,0,29.1,84.2,26.15091,0,1,1,1,111
1246,2026-06-02T17:29:53.775Z,0,49.46667,0,29.1,84.2,26.15091,0,1,1,1,111
1247,2026-06-02T17:31:53.770Z,0,49.46667,0,29.1,84.2,26.15091,0,1,1,1,111
1248,2026-06-02T17:33:53.765Z,0,49.46667,0,29.1,84.2,26.15091,0,1,1,1,111
1249,2026-06-02T17:35:53.760Z,0,50.2,0,29.1,84.2,26.15091,0,1,0,1,101
1250,2026-06-02T17:37:53.755Z,0,50.2,0,29.1,84.2,26.15091,0,1,0,1,101
1251,2026-06-02T17:39:53.750Z,0,50.2,0,29.1,84.2,26.15091,0,1,0,1,101
1252,2026-06-02T17:41:53.745Z,0,50.2,0,29.1,84.2,26.15091,0,1,0,1,101
1253,2026-06-02T17:43:53.740Z,0,50.2,0,29.1,84.2,26.15091,0,1,0,1,101
1254,2026-06-02T17:45:53.735Z,0,50.2,0,29.1,84.2,26.15091,0,1,0,1,101
1255,2026-06-02T17:47:53.730Z,0,50.2,0,29.1,84.2,26.15091,0,1,0,1,101
1256,2026-06-02T17:49:53.725Z,0,50.2,0,29.1,84.2,26.15091,0,1,0,1,101
1257,2026-06-02T17:51:53.720Z,0,50.2,0,29.1,84.2,26.15091,0,1,0,1,101
1258,2026-06-02T17:53:53.715Z,0,50.2,0,29.1,84.2,26.15091,0,1,0,1,101
1259,2026-06-02T17:55:53.710Z,0,50.2,0,29.1,84.2,26.15091,0,1,0,1,101
1260,2026-06-02T17:57:53.705Z,0,49.06667,0,29.1,84.2,26.15091,0,1,1,1,111
1261,2026-06-02T17:59:53.700Z,0,49.06667,0,29.1,84.2,26.15091,0,1,1,1,111
1262,2026-06-02T18:01:53.695Z,0,49.06667,0,29.1,84.2,26.15091,0,1,1,1,111
1263,2026-06-02T18:03:53.690Z,0,49.06667,0,29.1,84.2,26.15091,0,1,1,1,111
1264,2026-06-02T18:05:53.685Z,0,49.06667,0,29.1,84.2,26.15091,0,1,1,1,111
1265,2026-06-02T18:07:53.680Z,0,49.06667,0,29.1,84.2,26.15091,0,1,1,1,111
1266,2026-06-02T18:09:53.675Z,0,49.06667,0,29.1,84.2,26.15091,0,1,1,1,111
1267,2026-06-02T18:11:53.670Z,0,49.06667,0,29.1,84.2,26.15091,0,1,1,1,111
1268,2026-06-02T18:13:53.665Z,0,49.06667,0,29.1,84.2,26.15091,0,1,1,1,111
1269,2026-06-02T18:15:53.660Z,0,49.06667,0,29.1,84.2,26.15091,0,1,1,1,111
1270,2026-06-02T18:17:53.655Z,0,49.06667,0,29.1,84.2,26.15091,0,1,1,1,111
1271,2026-06-02T18:19:53.650Z,0,54.93333,0,29,83.5,25.9117,0,1,0,1,101
1272,2026-06-02T18:21:53.645Z,0,54.93333,0,29,83.5,25.9117,0,1,0,1,101
1273,2026-06-02T18:23:53.640Z,0,54.93333,0,29,83.5,25.9117,0,1,0,1,101
1274,2026-06-02T18:25:53.635Z,0,54.93333,0,29,83.5,25.9117,0,1,0,1,101
1275,2026-06-02T18:27:53.630Z,0,54.93333,0,29,83.5,25.9117,0,1,0,1,101
1276,2026-06-02T18:29:53.625Z,0,54.93333,0,29,83.5,25.9117,0,1,0,1,101
1277,2026-06-02T18:31:53.620Z,0,54.93333,0,29,83.5,25.9117,0,1,0,1,101
1278,2026-06-02T18:33:53.615Z,0,54.93333,0,29,83.5,25.9117,0,1,0,1,101
1279,2026-06-02T18:35:53.610Z,0,54.93333,0,29,83.5,25.9117,0,1,0,1,101
1280,2026-06-02T18:37:53.605Z,0,54.93333,0,29,83.5,25.9117,0,1,0,1,101
1281,2026-06-02T18:39:53.600Z,0,54.93333,0,29,83.5,25.9117,0,1,0,1,101
1282,2026-06-02T18:41:53.595Z,0,49.13334,0,29,82.8,25.76927,0,1,1,1,111
1283,2026-06-02T18:43:53.590Z,0,49.13334,0,29,82.8,25.76927,0,1,1,1,111
1284,2026-06-02T18:45:53.585Z,0,49.13334,0,29,82.8,25.76927,0,1,1,1,111
1285,2026-06-02T18:47:53.580Z,0,49.13334,0,29,82.8,25.76927,0,1,1,1,111
1286,2026-06-02T18:49:53.575Z,0,49.13334,0,29,82.8,25.76927,0,1,1,1,111
1287,2026-06-02T18:51:53.570Z,0,49.13334,0,29,82.8,25.76927,0,1,1,1,111
1288,2026-06-02T18:53:53.565Z,0,49.13334,0,29,82.8,25.76927,0,1,1,1,111
1289,2026-06-02T18:55:53.560Z,0,49.13334,0,29,82.8,25.76927,0,1,1,1,111
1290,2026-06-02T18:57:53.555Z,0,49.13334,0,29,82.8,25.76927,0,1,1,1,111
1291,2026-06-02T18:59:53.550Z,0,49.13334,0,29,82.8,25.76927,0,1,1,1,111
1292,2026-06-02T19:01:53.545Z,0,49.13334,0,29,82.8,25.76927,0,1,1,1,111
1293,2026-06-02T19:03:53.540Z,0,53.4,0,29,82.8,25.76927,0,1,0,1,101
1294,2026-06-02T19:05:53.535Z,0,53.4,0,29,82.8,25.76927,0,1,0,1,101
1295,2026-06-02T19:07:53.530Z,0,53.4,0,29,82.8,25.76927,0,1,0,1,101
1296,2026-06-02T19:09:53.525Z,0,53.4,0,29,82.8,25.76927,0,1,0,1,101
1297,2026-06-02T19:11:53.520Z,0,53.4,0,29,82.8,25.76927,0,1,0,1,101
1298,2026-06-02T19:13:53.515Z,0,53.4,0,29,82.8,25.76927,0,1,0,1,101
1299,2026-06-02T19:15:53.510Z,0,53.4,0,29,82.8,25.76927,0,1,0,1,101
1300,2026-06-02T19:17:53.505Z,0,53.4,0,29,82.8,25.76927,0,1,0,1,101
1301,2026-06-02T19:19:53.500Z,0,53.4,0,29,82.8,25.76927,0,1,0,1,101
1302,2026-06-02T19:21:53.495Z,0,53.4,0,29,82.8,25.76927,0,1,0,1,101
1303,2026-06-02T19:23:53.490Z,0,53.4,0,29,82.8,25.76927,0,1,0,1,101
1304,2026-06-02T19:25:53.485Z,0,50.4,0,29,83.1,25.83044,0,1,0,1,101
1305,2026-06-02T19:27:53.480Z,0,50.4,0,29,83.1,25.83044,0,1,0,1,101
1306,2026-06-02T19:29:53.475Z,0,50.4,0,29,83.1,25.83044,0,1,0,1,101
1307,2026-06-02T19:31:53.470Z,0,50.4,0,29,83.1,25.83044,0,1,0,1,101
1308,2026-06-02T19:33:53.465Z,0,50.4,0,29,83.1,25.83044,0,1,0,1,101
1309,2026-06-02T19:35:53.460Z,0,50.4,0,29,83.1,25.83044,0,1,0,1,101
1310,2026-06-02T19:37:53.455Z,0,50.4,0,29,83.1,25.83044,0,1,0,1,101
1311,2026-06-02T19:39:53.450Z,0,50.4,0,29,83.1,25.83044,0,1,0,1,101
1312,2026-06-02T19:41:53.445Z,0,50.4,0,29,83.1,25.83044,0,1,0,1,101
1313,2026-06-02T19:43:53.440Z,0,50.4,0,29,83.1,25.83044,0,1,0,1,101
1314,2026-06-02T19:45:53.435Z,0,50.4,0,29,83.1,25.83044,0,1,0,1,101
1315,2026-06-02T19:47:53.430Z,0,53.26667,0,29.1,83.5,26.0094,0,1,0,1,101
1316,2026-06-02T19:49:53.425Z,0,53.26667,0,29.1,83.5,26.0094,0,1,0,1,101
1317,2026-06-02T19:51:53.420Z,0,53.26667,0,29.1,83.5,26.0094,0,1,0,1,101
1318,2026-06-02T19:53:53.415Z,0,53.26667,0,29.1,83.5,26.0094,0,1,0,1,101
1319,2026-06-02T19:55:53.410Z,0,53.26667,0,29.1,83.5,26.0094,0,1,0,1,101
1320,2026-06-02T19:57:53.405Z,0,53.26667,0,29.1,83.5,26.0094,0,1,0,1,101
1321,2026-06-02T19:59:53.400Z,0,53.26667,0,29.1,83.5,26.0094,0,1,0,1,101
1322,2026-06-02T20:01:53.395Z,0,53.26667,0,29.1,83.5,26.0094,0,1,0,1,101
1323,2026-06-02T20:03:53.390Z,0,53.26667,0,29.1,83.5,26.0094,0,1,0,1,101
1324,2026-06-02T20:05:53.385Z,0,53.26667,0,29.1,83.5,26.0094,0,1,0,1,101
1325,2026-06-02T20:07:53.380Z,0,53.26667,0,29.1,83.5,26.0094,0,1,0,1,101
1326,2026-06-02T20:09:53.375Z,0,51.4,0,29.1,83.6,26.02968,0,1,0,1,101
1327,2026-06-02T20:11:53.370Z,0,51.4,0,29.1,83.6,26.02968,0,1,0,1,101
1328,2026-06-02T20:13:53.365Z,0,51.4,0,29.1,83.6,26.02968,0,1,0,1,101
1329,2026-06-02T20:15:53.360Z,0,51.4,0,29.1,83.6,26.02968,0,1,0,1,101
1330,2026-06-02T20:17:53.355Z,0,51.4,0,29.1,83.6,26.02968,0,1,0,1,101
1331,2026-06-02T20:19:53.350Z,0,51.4,0,29.1,83.6,26.02968,0,1,0,1,101
1332,2026-06-02T20:21:53.345Z,0,51.4,0,29.1,83.6,26.02968,0,1,0,1,101
1333,2026-06-02T20:23:53.340Z,0,51.4,0,29.1,83.6,26.02968,0,1,0,1,101
1334,2026-06-02T20:25:53.335Z,0,51.4,0,29.1,83.6,26.02968,0,1,0,1,101
1335,2026-06-02T20:27:53.330Z,0,51.4,0,29.1,83.6,26.02968,0,1,0,1,101
1336,2026-06-02T20:29:53.325Z,0,50.86666,0,29.1,84.3,26.17104,0,1,0,1,101
1337,2026-06-02T20:31:53.320Z,0,50.86666,0,29.1,84.3,26.17104,0,1,0,1,101
1338,2026-06-02T20:33:53.315Z,0,50.86666,0,29.1,84.3,26.17104,0,1,0,1,101
1339,2026-06-02T20:35:53.310Z,0,50.86666,0,29.1,84.3,26.17104,0,1,0,1,101
1340,2026-06-02T20:37:53.305Z,0,50.86666,0,29.1,84.3,26.17104,0,1,0,1,101
1341,2026-06-02T20:39:53.300Z,0,50.86666,0,29.1,84.3,26.17104,0,1,0,1,101
1342,2026-06-02T20:41:53.295Z,0,50.86666,0,29.1,84.3,26.17104,0,1,0,1,101
1343,2026-06-02T20:43:53.290Z,0,50.86666,0,29.1,84.3,26.17104,0,1,0,1,101
1344,2026-06-02T20:45:53.285Z,0,50.86666,0,29.1,84.3,26.17104,0,1,0,1,101
1345,2026-06-02T20:47:53.280Z,0,50.86666,0,29.1,84.3,26.17104,0,1,0,1,101
1346,2026-06-02T20:49:53.275Z,0,50.86666,0,29.1,84.3,26.17104,0,1,0,1,101
1347,2026-06-02T20:51:53.270Z,0,52.93333,0,29.1,84.2,26.15091,0,1,0,1,101
1348,2026-06-02T20:53:53.265Z,0,52.93333,0,29.1,84.2,26.15091,0,1,0,1,101
1349,2026-06-02T20:55:53.260Z,0,52.93333,0,29.1,84.2,26.15091,0,1,0,1,101
1350,2026-06-02T20:57:53.255Z,0,52.93333,0,29.1,84.2,26.15091,0,1,0,1,101
1351,2026-06-02T20:59:53.250Z,0,52.93333,0,29.1,84.2,26.15091,0,1,0,1,101
1352,2026-06-02T21:01:53.245Z,0,52.93333,0,29.1,84.2,26.15091,0,1,0,1,101
1353,2026-06-02T21:03:53.240Z,0,52.93333,0,29.1,84.2,26.15091,0,1,0,1,101
1354,2026-06-02T21:05:53.235Z,0,52.93333,0,29.1,84.2,26.15091,0,1,0,1,101
1355,2026-06-02T21:07:53.230Z,0,52.93333,0,29.1,84.2,26.15091,0,1,0,1,101
1356,2026-06-02T21:09:53.225Z,0,52.93333,0,29.1,84.2,26.15091,0,1,0,1,101
1357,2026-06-02T21:11:53.220Z,0,52.93333,0,29.1,84.2,26.15091,0,1,0,1,101
1358,2026-06-02T21:13:53.215Z,0,49.33333,0,29.1,84.9,26.29139,0,1,1,1,111
1359,2026-06-02T21:15:53.210Z,0,49.33333,0,29.1,84.9,26.29139,0,1,1,1,111
1360,2026-06-02T21:17:53.205Z,0,49.33333,0,29.1,84.9,26.29139,0,1,1,1,111
1361,2026-06-02T21:19:53.200Z,0,49.33333,0,29.1,84.9,26.29139,0,1,1,1,111
1362,2026-06-02T21:21:53.195Z,0,49.33333,0,29.1,84.9,26.29139,0,1,1,1,111
1363,2026-06-02T21:23:53.190Z,0,49.33333,0,29.1,84.9,26.29139,0,1,1,1,111
1364,2026-06-02T21:25:53.185Z,0,49.33333,0,29.1,84.9,26.29139,0,1,1,1,111
1365,2026-06-02T21:27:53.180Z,0,49.33333,0,29.1,84.9,26.29139,0,1,1,1,111
1366,2026-06-02T21:29:53.175Z,0,49.33333,0,29.1,84.9,26.29139,0,1,1,1,111
1367,2026-06-02T21:31:53.170Z,0,49.33333,0,29.1,84.9,26.29139,0,1,1,1,111
1368,2026-06-02T21:33:53.165Z,0,49.33333,0,29.1,84.9,26.29139,0,1,1,1,111
1369,2026-06-02T21:35:53.160Z,0,52.06667,0,29.1,84.8,26.27138,0,1,0,1,101
1370,2026-06-02T21:37:53.155Z,0,52.06667,0,29.1,84.8,26.27138,0,1,0,1,101
1371,2026-06-02T21:39:53.150Z,0,52.06667,0,29.1,84.8,26.27138,0,1,0,1,101
1372,2026-06-02T21:41:53.145Z,0,52.06667,0,29.1,84.8,26.27138,0,1,0,1,101
1373,2026-06-02T21:43:53.140Z,0,52.06667,0,29.1,84.8,26.27138,0,1,0,1,101
1374,2026-06-02T21:45:53.135Z,0,52.06667,0,29.1,84.8,26.27138,0,1,0,1,101
1375,2026-06-02T21:47:53.130Z,0,52.06667,0,29.1,84.8,26.27138,0,1,0,1,101
1376,2026-06-02T21:49:53.125Z,0,52.06667,0,29.1,84.8,26.27138,0,1,0,1,101
1377,2026-06-02T21:51:53.120Z,0,52.06667,0,29.1,84.8,26.27138,0,1,0,1,101
1378,2026-06-02T21:53:53.115Z,0,52.06667,0,29.1,84.8,26.27138,0,1,0,1,101
1379,2026-06-02T21:55:53.110Z,0,52.06667,0,29.1,84.8,26.27138,0,1,0,1,101
1380,2026-06-02T21:57:53.105Z,0,53.53333,0,29.1,85.2,26.35128,0,1,0,1,101
1381,2026-06-02T21:59:53.100Z,0,53.53333,0,29.1,85.2,26.35128,0,1,0,1,101
1382,2026-06-02T22:01:53.095Z,0,53.53333,0,29.1,85.2,26.35128,0,1,0,1,101
1383,2026-06-02T22:03:53.090Z,0,53.53333,0,29.1,85.2,26.35128,0,1,0,1,101
1384,2026-06-02T22:05:53.085Z,0,53.53333,0,29.1,85.2,26.35128,0,1,0,1,101
1385,2026-06-02T22:07:53.080Z,0,53.53333,0,29.1,85.2,26.35128,0,1,0,1,101
1386,2026-06-02T22:09:53.075Z,0,53.53333,0,29.1,85.2,26.35128,0,1,0,1,101
1387,2026-06-02T22:11:53.070Z,0,53.53333,0,29.1,85.2,26.35128,0,1,0,1,101
1388,2026-06-02T22:13:53.065Z,0,53.53333,0,29.1,85.2,26.35128,0,1,0,1,101
1389,2026-06-02T22:15:53.060Z,0,53.53333,0,29.1,85.2,26.35128,0,1,0,1,101
1390,2026-06-02T22:17:53.055Z,0,53.53333,0,29.1,85.2,26.35128,0,1,0,1,101
1391,2026-06-02T22:19:53.050Z,0,51,0,29,84.1,26.03296,0,1,0,1,101
1392,2026-06-02T22:21:53.045Z,0,51,0,29,84.1,26.03296,0,1,0,1,101
1393,2026-06-02T22:23:53.040Z,0,51,0,29,84.1,26.03296,0,1,0,1,101
1394,2026-06-02T22:25:53.035Z,0,51,0,29,84.1,26.03296,0,1,0,1,101
1395,2026-06-02T22:27:53.030Z,0,51,0,29,84.1,26.03296,0,1,0,1,101
1396,2026-06-02T22:29:53.025Z,0,51,0,29,84.1,26.03296,0,1,0,1,101
1397,2026-06-02T22:31:53.020Z,0,51,0,29,84.1,26.03296,0,1,0,1,101
1398,2026-06-02T22:33:53.015Z,0,51,0,29,84.1,26.03296,0,1,0,1,101
1399,2026-06-02T22:35:53.010Z,0,51,0,29,84.1,26.03296,0,1,0,1,101
1400,2026-06-02T22:37:53.005Z,0,51,0,29,84.1,26.03296,0,1,0,1,101
1401,2026-06-02T22:39:53.000Z,0,51,0,29,84.1,26.03296,0,1,0,1,101
1402,2026-06-02T22:41:52.995Z,0,53.4,0,29,84.3,26.07322,0,1,0,1,101
1403,2026-06-02T22:43:52.990Z,0,53.4,0,29,84.3,26.07322,0,1,0,1,101
1404,2026-06-02T22:45:52.985Z,0,53.4,0,29,84.3,26.07322,0,1,0,1,101
1405,2026-06-02T22:47:52.980Z,0,53.4,0,29,84.3,26.07322,0,1,0,1,101
1406,2026-06-02T22:49:52.975Z,0,53.4,0,29,84.3,26.07322,0,1,0,1,101
1407,2026-06-02T22:51:52.970Z,0,53.4,0,29,84.3,26.07322,0,1,0,1,101
1408,2026-06-02T22:53:52.965Z,0,53.4,0,29,84.3,26.07322,0,1,0,1,101
1409,2026-06-02T22:55:52.960Z,0,53.4,0,29,84.3,26.07322,0,1,0,1,101
1410,2026-06-02T22:57:52.955Z,0,53.4,0,29,84.3,26.07322,0,1,0,1,101
1411,2026-06-02T22:59:52.950Z,0,53.4,0,29,84.3,26.07322,0,1,0,1,101
1412,2026-06-02T23:01:52.945Z,0,53.4,0,29,84.3,26.07322,0,1,0,1,101
1413,2026-06-02T23:03:52.940Z,0,51,0,29,84.7,26.15347,0,1,0,1,101
1414,2026-06-02T23:05:52.935Z,0,51,0,29,84.7,26.15347,0,1,0,1,101
1415,2026-06-02T23:07:52.930Z,0,51,0,29,84.7,26.15347,0,1,0,1,101
1416,2026-06-02T23:09:52.925Z,0,51,0,29,84.7,26.15347,0,1,0,1,101
1417,2026-06-02T23:11:52.920Z,0,51,0,29,84.7,26.15347,0,1,0,1,101
1418,2026-06-02T23:13:52.915Z,0,51,0,29,84.7,26.15347,0,1,0,1,101
1419,2026-06-02T23:15:52.910Z,0,51,0,29,84.7,26.15347,0,1,0,1,101
1420,2026-06-02T23:17:52.905Z,0,51,0,29,84.7,26.15347,0,1,0,1,101
1421,2026-06-02T23:19:52.900Z,0,51,0,29,84.7,26.15347,0,1,0,1,101
1422,2026-06-02T23:21:52.895Z,0,51,0,29,84.7,26.15347,0,1,0,1,101
1423,2026-06-02T23:23:52.890Z,0,51,0,29,84.7,26.15347,0,1,0,1,101
1424,2026-06-02T23:25:52.885Z,0,51.6,0,29,85.5,26.313,0,1,0,1,101
1425,2026-06-02T23:27:52.880Z,0,51.6,0,29,85.5,26.313,0,1,0,1,101
1426,2026-06-02T23:29:52.875Z,0,51.6,0,29,85.5,26.313,0,1,0,1,101
1427,2026-06-02T23:31:52.870Z,0,51.6,0,29,85.5,26.313,0,1,0,1,101
1428,2026-06-02T23:33:52.865Z,0,51.6,0,29,85.5,26.313,0,1,0,1,101
1429,2026-06-02T23:35:52.860Z,0,51.6,0,29,85.5,26.313,0,1,0,1,101
1430,2026-06-02T23:37:52.855Z,0,51.6,0,29,85.5,26.313,0,1,0,1,101
1431,2026-06-02T23:39:52.850Z,0,51.6,0,29,85.5,26.313,0,1,0,1,101
1432,2026-06-02T23:41:52.845Z,0,51.6,0,29,85.5,26.313,0,1,0,1,101
1433,2026-06-02T23:43:52.840Z,0,51.6,0,29,85.5,26.313,0,1,0,1,101
1434,2026-06-02T23:45:52.835Z,0,53.2,0,29,86,26.41204,0,1,0,1,101
1435,2026-06-02T23:47:52.830Z,0,53.2,0,29,86,26.41204,0,1,0,1,101
1436,2026-06-02T23:49:52.825Z,0,53.2,0,29,86,26.41204,0,1,0,1,101
1437,2026-06-02T23:51:52.820Z,0,53.2,0,29,86,26.41204,0,1,0,1,101
1438,2026-06-02T23:53:52.815Z,0,53.2,0,29,86,26.41204,0,1,0,1,101
1439,2026-06-02T23:55:52.810Z,0,53.2,0,29,86,26.41204,0,1,0,1,101
1440,2026-06-02T23:57:52.805Z,0,53.2,0,29,86,26.41204,0,1,0,1,101
1441,2026-06-02T23:59:52.800Z,0,53.2,0,29,86,26.41204,0,1,0,1,101
1442,2026-06-03T00:01:52.795Z,0,53.2,0,29,86,26.41204,0,1,0,1,101
1443,2026-06-03T00:03:52.790Z,0,53.2,0,29,86,26.41204,0,1,0,1,101
1444,2026-06-03T00:05:52.785Z,0,53.2,0,29,86,26.41204,0,1,0,1,101
1445,2026-06-03T00:07:52.780Z,0,51.13334,0,29,86.1,26.43179,0,1,0,1,101
1446,2026-06-03T00:09:52.775Z,0,51.13334,0,29,86.1,26.43179,0,1,0,1,101
1447,2026-06-03T00:11:52.770Z,0,51.13334,0,29,86.1,26.43179,0,1,0,1,101
1448,2026-06-03T00:13:52.765Z,0,51.13334,0,29,86.1,26.43179,0,1,0,1,101
1449,2026-06-03T00:15:52.760Z,0,51.13334,0,29,86.1,26.43179,0,1,0,1,101
1450,2026-06-03T00:17:52.755Z,0,51.13334,0,29,86.1,26.43179,0,1,0,1,101
1451,2026-06-03T00:19:52.750Z,0,51.13334,0,29,86.1,26.43179,0,1,0,1,101
1452,2026-06-03T00:21:52.745Z,0,51.13334,0,29,86.1,26.43179,0,1,0,1,101
1453,2026-06-03T00:23:52.740Z,0,51.13334,0,29,86.1,26.43179,0,1,0,1,101
1454,2026-06-03T00:25:52.735Z,0,51.13334,0,29,86.1,26.43179,0,1,0,1,101
1455,2026-06-03T00:27:52.730Z,0,51.13334,0,29,86.1,26.43179,0,1,0,1,101
1456,2026-06-03T00:29:52.725Z,0,51.06667,0,29,86.2,26.45152,0,1,0,1,101
1457,2026-06-03T00:31:52.720Z,0,51.06667,0,29,86.2,26.45152,0,1,0,1,101
1458,2026-06-03T00:33:52.715Z,0,51.06667,0,29,86.2,26.45152,0,1,0,1,101
1459,2026-06-03T00:35:52.710Z,0,51.06667,0,29,86.2,26.45152,0,1,0,1,101
1460,2026-06-03T00:37:52.705Z,0,51.06667,0,29,86.2,26.45152,0,1,0,1,101
1461,2026-06-03T00:39:52.700Z,0,51.06667,0,29,86.2,26.45152,0,1,0,1,101
1462,2026-06-03T00:41:52.695Z,0,51.06667,0,29,86.2,26.45152,0,1,0,1,101
1463,2026-06-03T00:43:52.690Z,0,51.06667,0,29,86.2,26.45152,0,1,0,1,101
1464,2026-06-03T00:45:52.685Z,0,51.06667,0,29,86.2,26.45152,0,1,0,1,101
1465,2026-06-03T00:47:52.680Z,0,51.06667,0,29,86.2,26.45152,0,1,0,1,101
1466,2026-06-03T00:49:52.675Z,0,51.06667,0,29,86.2,26.45152,0,1,0,1,101
1467,2026-06-03T00:51:52.670Z,0,51.53333,0,29,86.5,26.51059,0,1,0,1,101
1468,2026-06-03T00:53:52.665Z,0,51.53333,0,29,86.5,26.51059,0,1,0,1,101
1469,2026-06-03T00:55:52.660Z,0,51.53333,0,29,86.5,26.51059,0,1,0,1,101
1470,2026-06-03T00:57:52.655Z,0,51.53333,0,29,86.5,26.51059,0,1,0,1,101
1471,2026-06-03T00:59:52.650Z,0,51.53333,0,29,86.5,26.51059,0,1,0,1,101
1472,2026-06-03T01:01:52.645Z,0,51.53333,0,29,86.5,26.51059,0,1,0,1,101
1473,2026-06-03T01:03:52.640Z,0,51.53333,0,29,86.5,26.51059,0,1,0,1,101
1474,2026-06-03T01:05:52.635Z,0,51.53333,0,29,86.5,26.51059,0,1,0,1,101
1475,2026-06-03T01:07:52.630Z,0,51.53333,0,29,86.5,26.51059,0,1,0,1,101
1476,2026-06-03T01:09:52.625Z,0,51.53333,0,29,86.5,26.51059,0,1,0,1,101
1477,2026-06-03T01:11:52.620Z,0,51.53333,0,29,86.5,26.51059,0,1,0,1,101
1478,2026-06-03T01:13:52.615Z,0,51.13334,0,29,86.4,26.49092,0,1,0,1,101
1479,2026-06-03T01:15:52.610Z,0,51.13334,0,29,86.4,26.49092,0,1,0,1,101
1480,2026-06-03T01:17:52.605Z,0,51.13334,0,29,86.4,26.49092,0,1,0,1,101
1481,2026-06-03T01:19:52.600Z,0,51.13334,0,29,86.4,26.49092,0,1,0,1,101
1482,2026-06-03T01:21:52.595Z,0,51.13334,0,29,86.4,26.49092,0,1,0,1,101
1483,2026-06-03T01:23:52.590Z,0,51.13334,0,29,86.4,26.49092,0,1,0,1,101
1484,2026-06-03T01:25:52.585Z,0,51.13334,0,29,86.4,26.49092,0,1,0,1,101
1485,2026-06-03T01:27:52.580Z,0,51.13334,0,29,86.4,26.49092,0,1,0,1,101
1486,2026-06-03T01:29:52.575Z,0,51.13334,0,29,86.4,26.49092,0,1,0,1,101
1487,2026-06-03T01:31:52.570Z,0,51.13334,0,29,86.4,26.49092,0,1,0,1,101
1488,2026-06-03T01:33:52.565Z,0,51.13334,0,29,86.4,26.49092,0,1,0,1,101
1489,2026-06-03T01:35:52.560Z,0,51.13334,0,29,86.3,26.47123,0,1,0,1,101
1490,2026-06-03T01:37:52.555Z,0,51.13334,0,29,86.3,26.47123,0,1,0,1,101
1491,2026-06-03T01:39:52.550Z,0,51.13334,0,29,86.3,26.47123,0,1,0,1,101
1492,2026-06-03T01:41:52.545Z,0,51.13334,0,29,86.3,26.47123,0,1,0,1,101
1493,2026-06-03T01:43:52.540Z,0,51.13334,0,29,86.3,26.47123,0,1,0,1,101
1494,2026-06-03T01:45:52.535Z,0,51.13334,0,29,86.3,26.47123,0,1,0,1,101
1495,2026-06-03T01:47:52.530Z,0,51.13334,0,29,86.3,26.47123,0,1,0,1,101
1496,2026-06-03T01:49:52.525Z,0,51.13334,0,29,86.3,26.47123,0,1,0,1,101
1497,2026-06-03T01:51:52.520Z,0,51.13334,0,29,86.3,26.47123,0,1,0,1,101
1498,2026-06-03T01:53:52.515Z,0,51.13334,0,29,86.3,26.47123,0,1,0,1,101
1499,2026-06-03T01:55:52.510Z,0,51.13334,0,29,86.3,26.47123,0,1,0,1,101
1500,2026-06-03T01:57:52.505Z,0,50.8,0,29,86.4,26.49092,0,1,0,1,101
1501,2026-06-03T01:59:52.500Z,0,50.8,0,29,86.4,26.49092,0,1,0,1,101
1502,2026-06-03T02:01:52.495Z,0,50.8,0,29,86.4,26.49092,0,1,0,1,101
1503,2026-06-03T02:03:52.490Z,0,50.8,0,29,86.4,26.49092,0,1,0,1,101
1504,2026-06-03T02:05:52.485Z,0,50.8,0,29,86.4,26.49092,0,1,0,1,101
1505,2026-06-03T02:07:52.480Z,0,50.8,0,29,86.4,26.49092,0,1,0,1,101
1506,2026-06-03T02:09:52.475Z,0,50.8,0,29,86.4,26.49092,0,1,0,1,101
1507,2026-06-03T02:11:52.470Z,0,50.8,0,29,86.4,26.49092,0,1,0,1,101
1508,2026-06-03T02:13:52.465Z,0,50.8,0,29,86.4,26.49092,0,1,0,1,101
1509,2026-06-03T02:15:52.460Z,0,50.8,0,29,86.4,26.49092,0,1,0,1,101
1510,2026-06-03T02:17:52.455Z,0,50.8,0,29,86.4,26.49092,0,1,0,1,101
1511,2026-06-03T02:19:52.450Z,0,54.86666,0,29,85.8,26.37248,0,1,0,1,101
1512,2026-06-03T02:21:52.445Z,0,54.86666,0,29,85.8,26.37248,0,1,0,1,101
1513,2026-06-03T02:23:52.440Z,0,54.86666,0,29,85.8,26.37248,0,1,0,1,101
1514,2026-06-03T02:25:52.435Z,0,54.86666,0,29,85.8,26.37248,0,1,0,1,101
1515,2026-06-03T02:27:52.430Z,0,54.86666,0,29,85.8,26.37248,0,1,0,1,101
1516,2026-06-03T02:29:52.425Z,0,54.86666,0,29,85.8,26.37248,0,1,0,1,101
1517,2026-06-03T02:31:52.420Z,0,54.86666,0,29,85.8,26.37248,0,1,0,1,101
1518,2026-06-03T02:33:52.415Z,0,54.86666,0,29,85.8,26.37248,0,1,0,1,101
1519,2026-06-03T02:35:52.410Z,0,54.86666,0,29,85.8,26.37248,0,1,0,1,101
1520,2026-06-03T02:37:52.405Z,0,54.86666,0,29,85.8,26.37248,0,1,0,1,101
1521,2026-06-03T02:39:52.400Z,0,54.86666,0,29,85.8,26.37248,0,1,0,1,101
1522,2026-06-03T02:41:52.395Z,0,50.73333,0,29,85.7,26.35267,0,1,0,1,101
1523,2026-06-03T02:43:52.390Z,0,50.73333,0,29,85.7,26.35267,0,1,0,1,101
1524,2026-06-03T02:45:52.385Z,0,50.73333,0,29,85.7,26.35267,0,1,0,1,101
1525,2026-06-03T02:47:52.380Z,0,50.73333,0,29,85.7,26.35267,0,1,0,1,101
1526,2026-06-03T02:49:52.375Z,0,50.73333,0,29,85.7,26.35267,0,1,0,1,101
1527,2026-06-03T02:51:52.370Z,0,50.73333,0,29,85.7,26.35267,0,1,0,1,101
1528,2026-06-03T02:53:52.365Z,0,50.73333,0,29,85.7,26.35267,0,1,0,1,101
1529,2026-06-03T02:55:52.360Z,0,50.73333,0,29,85.7,26.35267,0,1,0,1,101
1530,2026-06-03T02:57:52.355Z,0,50.73333,0,29,85.7,26.35267,0,1,0,1,101
1531,2026-06-03T02:59:52.350Z,0,50.73333,0,29,85.7,26.35267,0,1,0,1,101
1532,2026-06-03T03:01:52.345Z,0,50.73333,0,29,85.7,26.35267,0,1,0,1,101
1533,2026-06-03T03:03:52.340Z,0,53.73333,0,29,86.1,26.43179,0,1,0,1,101
1534,2026-06-03T03:05:52.335Z,0,53.73333,0,29,86.1,26.43179,0,1,0,1,101
1535,2026-06-03T03:07:52.330Z,0,53.73333,0,29,86.1,26.43179,0,1,0,1,101
1536,2026-06-03T03:09:52.325Z,0,53.73333,0,29,86.1,26.43179,0,1,0,1,101
1537,2026-06-03T03:11:52.320Z,0,53.73333,0,29,86.1,26.43179,0,1,0,1,101
1538,2026-06-03T03:13:52.315Z,0,53.73333,0,29,86.1,26.43179,0,1,0,1,101
1539,2026-06-03T03:15:52.310Z,0,53.73333,0,29,86.1,26.43179,0,1,0,1,101
1540,2026-06-03T03:17:52.305Z,0,53.73333,0,29,86.1,26.43179,0,1,0,1,101
1541,2026-06-03T03:19:52.300Z,0,53.73333,0,29,86.1,26.43179,0,1,0,1,101
1542,2026-06-03T03:21:52.295Z,0,53.73333,0,29,86.1,26.43179,0,1,0,1,101
1543,2026-06-03T03:23:52.290Z,0,53.73333,0,29,86.1,26.43179,0,1,0,1,101
1544,2026-06-03T03:25:52.285Z,0,50.86666,0,29,86.5,26.51059,0,1,0,1,101
1545,2026-06-03T03:27:52.280Z,0,50.86666,0,29,86.5,26.51059,0,1,0,1,101
1546,2026-06-03T03:29:52.275Z,0,50.86666,0,29,86.5,26.51059,0,1,0,1,101
1547,2026-06-03T03:31:52.270Z,0,50.86666,0,29,86.5,26.51059,0,1,0,1,101
1548,2026-06-03T03:33:52.265Z,0,50.86666,0,29,86.5,26.51059,0,1,0,1,101
1549,2026-06-03T03:35:52.260Z,0,50.86666,0,29,86.5,26.51059,0,1,0,1,101
1550,2026-06-03T03:37:52.255Z,0,50.86666,0,29,86.5,26.51059,0,1,0,1,101
1551,2026-06-03T03:39:52.250Z,0,50.86666,0,29,86.5,26.51059,0,1,0,1,101
1552,2026-06-03T03:41:52.245Z,0,50.86666,0,29,86.5,26.51059,0,1,0,1,101
1553,2026-06-03T03:43:52.240Z,0,50.86666,0,29,86.5,26.51059,0,1,0,1,101
1554,2026-06-03T03:45:52.235Z,0,50.86666,0,29,86.5,26.51059,0,1,0,1,101
1555,2026-06-03T03:47:52.230Z,0,53.73333,0,29,86.8,26.56947,0,1,0,1,101
1556,2026-06-03T03:49:52.225Z,0,53.73333,0,29,86.8,26.56947,0,1,0,1,101
1557,2026-06-03T03:51:52.220Z,0,53.73333,0,29,86.8,26.56947,0,1,0,1,101
1558,2026-06-03T03:53:52.215Z,0,53.73333,0,29,86.8,26.56947,0,1,0,1,101
1559,2026-06-03T03:55:52.210Z,0,53.73333,0,29,86.8,26.56947,0,1,0,1,101
1560,2026-06-03T03:57:52.205Z,0,53.73333,0,29,86.8,26.56947,0,1,0,1,101
1561,2026-06-03T03:59:52.200Z,0,53.73333,0,29,86.8,26.56947,0,1,0,1,101
1562,2026-06-03T04:01:52.195Z,0,53.73333,0,29,86.8,26.56947,0,1,0,1,101
1563,2026-06-03T04:03:52.190Z,0,53.73333,0,29,86.8,26.56947,0,1,0,1,101
1564,2026-06-03T04:05:52.185Z,0,53.73333,0,29,86.8,26.56947,0,1,0,1,101
1565,2026-06-03T04:07:52.180Z,0,53.73333,0,29,86.8,26.56947,0,1,0,1,101
1566,2026-06-03T04:09:52.175Z,0,51.26667,0,29,86.7,26.54987,0,1,0,1,101
1567,2026-06-03T04:11:52.170Z,0,51.26667,0,29,86.7,26.54987,0,1,0,1,101
1568,2026-06-03T04:13:52.165Z,0,51.26667,0,29,86.7,26.54987,0,1,0,1,101
1569,2026-06-03T04:15:52.160Z,0,51.26667,0,29,86.7,26.54987,0,1,0,1,101
1570,2026-06-03T04:17:52.155Z,0,51.26667,0,29,86.7,26.54987,0,1,0,1,101
1571,2026-06-03T04:19:52.150Z,0,51.26667,0,29,86.7,26.54987,0,1,0,1,101
1572,2026-06-03T04:21:52.145Z,0,51.26667,0,29,86.7,26.54987,0,1,0,1,101
1573,2026-06-03T04:23:52.140Z,0,51.26667,0,29,86.7,26.54987,0,1,0,1,101
1574,2026-06-03T04:25:52.135Z,0,51.26667,0,29,86.7,26.54987,0,1,0,1,101
1575,2026-06-03T04:27:52.130Z,0,51.26667,0,29,86.7,26.54987,0,1,0,1,101
1576,2026-06-03T04:29:52.125Z,0,51.26667,0,29,86.7,26.54987,0,1,0,1,101
1577,2026-06-03T04:31:52.120Z,0,53.8,0,29,86.9,26.58907,0,1,0,1,101
1578,2026-06-03T04:33:52.115Z,0,53.8,0,29,86.9,26.58907,0,1,0,1,101
1579,2026-06-03T04:35:52.110Z,0,53.8,0,29,86.9,26.58907,0,1,0,1,101
1580,2026-06-03T04:37:52.105Z,0,53.8,0,29,86.9,26.58907,0,1,0,1,101
1581,2026-06-03T04:39:52.100Z,0,53.8,0,29,86.9,26.58907,0,1,0,1,101
1582,2026-06-03T04:41:52.095Z,0,53.8,0,29,86.9,26.58907,0,1,0,1,101
1583,2026-06-03T04:43:52.090Z,0,53.8,0,29,86.9,26.58907,0,1,0,1,101
1584,2026-06-03T04:45:52.085Z,0,53.8,0,29,86.9,26.58907,0,1,0,1,101
1585,2026-06-03T04:47:52.080Z,0,53.8,0,29,86.9,26.58907,0,1,0,1,101
1586,2026-06-03T04:49:52.075Z,0,53.8,0,29,86.9,26.58907,0,1,0,1,101
1587,2026-06-03T04:51:52.070Z,0,53.8,0,29,86.9,26.58907,0,1,0,1,101
1588,2026-06-03T04:53:52.065Z,0,50.8,0,29,86.8,26.56947,0,1,0,1,101
1589,2026-06-03T04:55:52.060Z,0,50.8,0,29,86.8,26.56947,0,1,0,1,101
1590,2026-06-03T04:57:52.055Z,0,50.8,0,29,86.8,26.56947,0,1,0,1,101
1591,2026-06-03T04:59:52.050Z,0,50.8,0,29,86.8,26.56947,0,1,0,1,101
1592,2026-06-03T05:01:52.045Z,0,50.8,0,29,86.8,26.56947,0,1,0,1,101
1593,2026-06-03T05:03:52.040Z,0,50.8,0,29,86.8,26.56947,0,1,0,1,101
1594,2026-06-03T05:05:52.035Z,0,50.8,0,29,86.8,26.56947,0,1,0,1,101
1595,2026-06-03T05:07:52.030Z,0,50.8,0,29,86.8,26.56947,0,1,0,1,101
1596,2026-06-03T05:09:52.025Z,0,50.8,0,29,86.8,26.56947,0,1,0,1,101
1597,2026-06-03T05:11:52.020Z,0,50.8,0,29,86.8,26.56947,0,1,0,1,101
1598,2026-06-03T05:13:52.015Z,0,50.8,0,29,86.8,26.56947,0,1,0,1,101
1599,2026-06-03T05:15:52.010Z,0,53.66667,0,29,86.7,26.54987,0,1,0,1,101
1600,2026-06-03T05:17:52.005Z,0,53.66667,0,29,86.7,26.54987,0,1,0,1,101
1601,2026-06-03T05:19:52.000Z,0,53.66667,0,29,86.7,26.54987,0,1,0,1,101
1602,2026-06-03T05:21:51.995Z,0,53.66667,0,29,86.7,26.54987,0,1,0,1,101
1603,2026-06-03T05:23:51.990Z,0,53.66667,0,29,86.7,26.54987,0,1,0,1,101
1604,2026-06-03T05:25:51.985Z,0,53.66667,0,29,86.7,26.54987,0,1,0,1,101
1605,2026-06-03T05:27:51.980Z,0,53.66667,0,29,86.7,26.54987,0,1,0,1,101
1606,2026-06-03T05:29:51.975Z,0,53.66667,0,29,86.7,26.54987,0,1,0,1,101
1607,2026-06-03T05:31:51.970Z,0,53.66667,0,29,86.7,26.54987,0,1,0,1,101
1608,2026-06-03T05:33:51.965Z,0,53.66667,0,29,86.7,26.54987,0,1,0,1,101
1609,2026-06-03T05:35:51.960Z,0,53.66667,0,29,86.7,26.54987,0,1,0,1,101
1610,2026-06-03T05:37:51.955Z,0,49.46667,0,29,85.9,26.39227,0,1,1,1,111
1611,2026-06-03T05:39:51.950Z,0,49.46667,0,29,85.9,26.39227,0,1,1,1,111
1612,2026-06-03T05:41:51.945Z,0,49.46667,0,29,85.9,26.39227,0,1,1,1,111
1613,2026-06-03T05:43:51.940Z,0,49.46667,0,29,85.9,26.39227,0,1,1,1,111
1614,2026-06-03T05:45:51.935Z,0,49.46667,0,29,85.9,26.39227,0,1,1,1,111
1615,2026-06-03T05:47:51.930Z,0,49.46667,0,29,85.9,26.39227,0,1,1,1,111
1616,2026-06-03T05:49:51.925Z,0,49.46667,0,29,85.9,26.39227,0,1,1,1,111
1617,2026-06-03T05:51:51.920Z,0,49.46667,0,29,85.9,26.39227,0,1,1,1,111
1618,2026-06-03T05:53:51.915Z,0,49.46667,0,29,85.9,26.39227,0,1,1,1,111
1619,2026-06-03T05:55:51.910Z,0,49.46667,0,29,85.9,26.39227,0,1,1,1,111
1620,2026-06-03T05:57:51.905Z,0,49.46667,0,29,85.9,26.39227,0,1,1,1,111
1621,2026-06-03T05:59:51.900Z,0,53.73333,0,29,85.5,26.313,0,1,0,1,101
1622,2026-06-03T06:01:51.895Z,0,53.73333,0,29,85.5,26.313,0,1,0,1,101
1623,2026-06-03T06:03:51.890Z,0,53.73333,0,29,85.5,26.313,0,1,0,1,101
1624,2026-06-03T06:05:51.885Z,0,53.73333,0,29,85.5,26.313,0,1,0,1,101
1625,2026-06-03T06:07:51.880Z,0,53.73333,0,29,85.5,26.313,0,1,0,1,101
1626,2026-06-03T06:09:51.875Z,0,53.73333,0,29,85.5,26.313,0,1,0,1,101
1627,2026-06-03T06:11:51.870Z,0,53.73333,0,29,85.5,26.313,0,1,0,1,101
1628,2026-06-03T06:13:51.865Z,0,53.73333,0,29,85.5,26.313,0,1,0,1,101
1629,2026-06-03T06:15:51.860Z,0,53.73333,0,29,85.5,26.313,0,1,0,1,101
1630,2026-06-03T06:17:51.855Z,0,53.73333,0,29,85.5,26.313,0,1,0,1,101
1631,2026-06-03T06:19:51.850Z,0,53.73333,0,29,85.5,26.313,0,1,0,1,101
1632,2026-06-03T06:21:51.845Z,0,51.93333,0,29,86.2,26.45152,0,1,0,1,101
1633,2026-06-03T06:23:51.840Z,0,51.93333,0,29,86.2,26.45152,0,1,0,1,101
1634,2026-06-03T06:25:51.835Z,0,51.93333,0,29,86.2,26.45152,0,1,0,1,101
1635,2026-06-03T06:27:51.830Z,0,51.93333,0,29,86.2,26.45152,0,1,0,1,101
1636,2026-06-03T06:29:51.825Z,0,51.93333,0,29,86.2,26.45152,0,1,0,1,101
1637,2026-06-03T06:31:51.820Z,0,51.93333,0,29,86.2,26.45152,0,1,0,1,101
1638,2026-06-03T06:33:51.815Z,0,51.93333,0,29,86.2,26.45152,0,1,0,1,101
1639,2026-06-03T06:35:51.810Z,0,51.93333,0,29,86.2,26.45152,0,1,0,1,101
1640,2026-06-03T06:37:51.805Z,0,51.93333,0,29,86.2,26.45152,0,1,0,1,101
1641,2026-06-03T06:39:51.800Z,0,51.93333,0,29,86.2,26.45152,0,1,0,1,101
1642,2026-06-03T06:41:51.795Z,0,51.93333,0,29,86.2,26.45152,0,1,0,1,101
1643,2026-06-03T06:43:51.790Z,0,57.2,0,29,86.8,26.56947,0,1,0,1,101
1644,2026-06-03T06:45:51.785Z,0,57.2,0,29,86.8,26.56947,0,1,0,1,101
1645,2026-06-03T06:47:51.780Z,0,57.2,0,29,86.8,26.56947,0,1,0,1,101
1646,2026-06-03T06:49:51.775Z,0,57.2,0,29,86.8,26.56947,0,1,0,1,101
1647,2026-06-03T06:51:51.770Z,0,57.2,0,29,86.8,26.56947,0,1,0,1,101
1648,2026-06-03T06:53:51.765Z,0,57.2,0,29,86.8,26.56947,0,1,0,1,101
1649,2026-06-03T06:55:51.760Z,0,57.2,0,29,86.8,26.56947,0,1,0,1,101
1650,2026-06-03T06:57:51.755Z,0,57.2,0,29,86.8,26.56947,0,1,0,1,101
1651,2026-06-03T06:59:51.750Z,0,57.2,0,29,86.8,26.56947,0,1,0,1,101
1652,2026-06-03T07:01:51.745Z,0,57.2,0,29,86.8,26.56947,0,1,0,1,101
1653,2026-06-03T07:03:51.740Z,0,57.2,0,29,86.8,26.56947,0,1,0,1,101
1654,2026-06-03T07:05:51.735Z,0,50.93333,0,29,87,26.60863,0,1,0,1,101
1655,2026-06-03T07:07:51.730Z,0,50.93333,0,29,87,26.60863,0,1,0,1,101
1656,2026-06-03T07:09:51.725Z,0,50.93333,0,29,87,26.60863,0,1,0,1,101
1657,2026-06-03T07:11:51.720Z,0,50.93333,0,29,87,26.60863,0,1,0,1,101
1658,2026-06-03T07:13:51.715Z,0,50.93333,0,29,87,26.60863,0,1,0,1,101
1659,2026-06-03T07:15:51.710Z,0,50.93333,0,29,87,26.60863,0,1,0,1,101
1660,2026-06-03T07:17:51.705Z,0,50.93333,0,29,87,26.60863,0,1,0,1,101
1661,2026-06-03T07:19:51.700Z,0,50.93333,0,29,87,26.60863,0,1,0,1,101
1662,2026-06-03T07:21:51.695Z,0,50.93333,0,29,87,26.60863,0,1,0,1,101
1663,2026-06-03T07:23:51.690Z,0,50.93333,0,29,87,26.60863,0,1,0,1,101
1664,2026-06-03T07:25:51.685Z,0,50.93333,0,29,87,26.60863,0,1,0,1,101
1665,2026-06-03T07:27:51.680Z,0,53.73333,0,29,86.2,26.45152,0,1,0,1,101
1666,2026-06-03T07:29:51.675Z,0,53.73333,0,29,86.2,26.45152,0,1,0,1,101
1667,2026-06-03T07:31:51.670Z,0,53.73333,0,29,86.2,26.45152,0,1,0,1,101
1668,2026-06-03T07:33:51.665Z,0,53.73333,0,29,86.2,26.45152,0,1,0,1,101
1669,2026-06-03T07:35:51.660Z,0,53.73333,0,29,86.2,26.45152,0,1,0,1,101
1670,2026-06-03T07:37:51.655Z,0,53.73333,0,29,86.2,26.45152,0,1,0,1,101
1671,2026-06-03T07:39:51.650Z,0,53.73333,0,29,86.2,26.45152,0,1,0,1,101
1672,2026-06-03T07:41:51.645Z,0,53.73333,0,29,86.2,26.45152,0,1,0,1,101
1673,2026-06-03T07:43:51.640Z,0,53.73333,0,29,86.2,26.45152,0,1,0,1,101
1674,2026-06-03T07:45:51.635Z,0,53.73333,0,29,86.2,26.45152,0,1,0,1,101
1675,2026-06-03T07:47:51.630Z,0,51.2,0,29,85.4,26.29313,0,1,0,1,101
1676,2026-06-03T07:49:51.625Z,0,51.2,0,29,85.4,26.29313,0,1,0,1,101
1677,2026-06-03T07:51:51.620Z,0,51.2,0,29,85.4,26.29313,0,1,0,1,101
1678,2026-06-03T07:53:51.615Z,0,51.2,0,29,85.4,26.29313,0,1,0,1,101
1679,2026-06-03T07:55:51.610Z,0,51.2,0,29,85.4,26.29313,0,1,0,1,101
1680,2026-06-03T07:57:51.605Z,0,51.2,0,29,85.4,26.29313,0,1,0,1,101
1681,2026-06-03T07:59:51.600Z,0,51.2,0,29,85.4,26.29313,0,1,0,1,101
1682,2026-06-03T08:01:51.595Z,0,51.2,0,29,85.4,26.29313,0,1,0,1,101
1683,2026-06-03T08:03:51.590Z,0,51.2,0,29,85.4,26.29313,0,1,0,1,101
1684,2026-06-03T08:05:51.585Z,0,51.2,0,29,85.4,26.29313,0,1,0,1,101
1685,2026-06-03T08:07:51.580Z,0,51.2,0,29,85.4,26.29313,0,1,0,1,101
1686,2026-06-03T08:09:51.575Z,0,50.93333,0,29,85.4,26.29313,0,1,0,1,101
1687,2026-06-03T08:11:51.570Z,0,50.93333,0,29,85.4,26.29313,0,1,0,1,101
1688,2026-06-03T08:13:51.565Z,0,50.93333,0,29,85.4,26.29313,0,1,0,1,101
1689,2026-06-03T08:15:51.560Z,0,50.93333,0,29,85.4,26.29313,0,1,0,1,101
1690,2026-06-03T08:17:51.555Z,0,50.93333,0,29,85.4,26.29313,0,1,0,1,101
1691,2026-06-03T08:19:51.550Z,0,50.93333,0,29,85.4,26.29313,0,1,0,1,101
1692,2026-06-03T08:21:51.545Z,0,50.93333,0,29,85.4,26.29313,0,1,0,1,101
1693,2026-06-03T08:23:51.540Z,0,50.93333,0,29,85.4,26.29313,0,1,0,1,101
1694,2026-06-03T08:25:51.535Z,0,50.93333,0,29,85.4,26.29313,0,1,0,1,101
1695,2026-06-03T08:27:51.530Z,0,50.93333,0,29,85.4,26.29313,0,1,0,1,101
1696,2026-06-03T08:29:51.525Z,0,50.93333,0,29,85.4,26.29313,0,1,0,1,101
1697,2026-06-03T08:31:51.520Z,0,51.2,0,29,85.7,26.35267,0,1,0,1,101
1698,2026-06-03T08:33:51.515Z,0,51.2,0,29,85.7,26.35267,0,1,0,1,101
1699,2026-06-03T08:35:51.510Z,0,51.2,0,29,85.7,26.35267,0,1,0,1,101
1700,2026-06-03T08:37:51.505Z,0,51.2,0,29,85.7,26.35267,0,1,0,1,101
1701,2026-06-03T08:39:51.500Z,0,51.2,0,29,85.7,26.35267,0,1,0,1,101
1702,2026-06-03T08:41:51.495Z,0,51.2,0,29,85.7,26.35267,0,1,0,1,101
1703,2026-06-03T08:43:51.490Z,0,51.2,0,29,85.7,26.35267,0,1,0,1,101
1704,2026-06-03T08:45:51.485Z,0,51.2,0,29,85.7,26.35267,0,1,0,1,101
1705,2026-06-03T08:47:51.480Z,0,51.2,0,29,85.7,26.35267,0,1,0,1,101
1706,2026-06-03T08:49:51.475Z,0,51.2,0,29,85.7,26.35267,0,1,0,1,101
1707,2026-06-03T08:51:51.470Z,0,51.2,0,29,85.7,26.35267,0,1,0,1,101
1708,2026-06-03T08:53:51.465Z,0,54.26667,0,29,85.8,26.37248,0,1,0,1,101
1709,2026-06-03T08:55:51.460Z,0,54.26667,0,29,85.8,26.37248,0,1,0,1,101
1710,2026-06-03T08:57:51.455Z,0,54.26667,0,29,85.8,26.37248,0,1,0,1,101
1711,2026-06-03T08:59:51.450Z,0,54.26667,0,29,85.8,26.37248,0,1,0,1,101
1712,2026-06-03T09:01:51.445Z,0,54.26667,0,29,85.8,26.37248,0,1,0,1,101
1713,2026-06-03T09:03:51.440Z,0,54.26667,0,29,85.8,26.37248,0,1,0,1,101
1714,2026-06-03T09:05:51.435Z,0,54.26667,0,29,85.8,26.37248,0,1,0,1,101
1715,2026-06-03T09:07:51.430Z,0,54.26667,0,29,85.8,26.37248,0,1,0,1,101
1716,2026-06-03T09:09:51.425Z,0,54.26667,0,29,85.8,26.37248,0,1,0,1,101
1717,2026-06-03T09:11:51.420Z,0,54.26667,0,29,85.8,26.37248,0,1,0,1,101
1718,2026-06-03T09:13:51.415Z,0,54.26667,0,29,85.8,26.37248,0,1,0,1,101
1719,2026-06-03T09:15:51.410Z,0,50.4,0,29,86.5,26.51059,0,1,0,1,101
1720,2026-06-03T09:17:51.405Z,0,50.4,0,29,86.5,26.51059,0,1,0,1,101
1721,2026-06-03T09:19:51.400Z,0,50.4,0,29,86.5,26.51059,0,1,0,1,101
1722,2026-06-03T09:21:51.395Z,0,50.4,0,29,86.5,26.51059,0,1,0,1,101
1723,2026-06-03T09:23:51.390Z,0,50.4,0,29,86.5,26.51059,0,1,0,1,101
1724,2026-06-03T09:25:51.385Z,0,50.4,0,29,86.5,26.51059,0,1,0,1,101
1725,2026-06-03T09:27:51.380Z,0,50.4,0,29,86.5,26.51059,0,1,0,1,101
1726,2026-06-03T09:29:51.375Z,0,50.4,0,29,86.5,26.51059,0,1,0,1,101
1727,2026-06-03T09:31:51.370Z,0,50.4,0,29,86.5,26.51059,0,1,0,1,101
1728,2026-06-03T09:33:51.365Z,0,50.4,0,29,86.5,26.51059,0,1,0,1,101
1729,2026-06-03T09:35:51.360Z,0,50.4,0,29,86.5,26.51059,0,1,0,1,101
1730,2026-06-03T09:37:51.355Z,0,54,0,29,86.5,26.51059,0,1,0,1,101
1731,2026-06-03T09:39:51.350Z,0,54,0,29,86.5,26.51059,0,1,0,1,101
1732,2026-06-03T09:41:51.345Z,0,54,0,29,86.5,26.51059,0,1,0,1,101
1733,2026-06-03T09:43:51.340Z,0,54,0,29,86.5,26.51059,0,1,0,1,101
1734,2026-06-03T09:45:51.335Z,0,54,0,29,86.5,26.51059,0,1,0,1,101
1735,2026-06-03T09:47:51.330Z,0,54,0,29,86.5,26.51059,0,1,0,1,101
1736,2026-06-03T09:49:51.325Z,0,54,0,29,100,26.51059,1,1,0,1,101
1737,2026-06-03T09:51:51.320Z,0,54,0,29,100,26.51059,1,1,0,1,101
1738,2026-06-03T09:53:51.315Z,0,54,0,29,100,26.51059,1,1,0,1,101
1739,2026-06-03T09:55:51.310Z,0,54,0,29,100,26.51059,1,1,0,1,101
1740,2026-06-03T09:57:51.305Z,0,54,0,29,100,26.51059,1,1,0,1,101
1741,2026-06-03T09:59:51.300Z,0,53.53333,0,29,86.5,26.51059,0,1,0,1,101
1742,2026-06-03T10:01:51.295Z,0,53.53333,0,29,86.5,26.51059,0,1,0,1,101
1743,2026-06-03T10:03:51.290Z,0,53.53333,0,29,86.5,26.51059,0,1,0,1,101
1744,2026-06-03T10:05:51.285Z,0,53.53333,0,29,86.5,26.51059,0,1,0,1,101
1745,2026-06-03T10:07:51.280Z,0,53.53333,0,29,86.5,26.51059,0,1,0,1,101
1746,2026-06-03T10:09:51.275Z,0,53.53333,0,29,86.5,26.51059,0,1,0,1,101
1747,2026-06-03T10:11:51.270Z,0,53.53333,0,29,86.5,26.51059,0,1,0,1,101
1748,2026-06-03T10:13:51.265Z,0,53.53333,0,29,86.5,26.51059,0,1,0,1,101
1749,2026-06-03T10:15:51.260Z,0,53.53333,0,29,86.5,26.51059,0,1,0,1,101
1750,2026-06-03T10:17:51.255Z,0,53.53333,0,29,86.5,26.51059,0,1,0,1,101
1751,2026-06-03T10:19:51.250Z,0,53.53333,0,29,86.5,26.51059,0,1,0,1,101
1752,2026-06-03T10:21:51.245Z,0,50.66667,0,29,85.9,26.39227,0,1,0,1,101
1753,2026-06-03T10:23:51.240Z,0,50.66667,0,29,85.9,26.39227,0,1,0,1,101
1754,2026-06-03T10:25:51.235Z,0,50.66667,0,29,85.9,26.39227,0,1,0,1,101
1755,2026-06-03T10:27:51.230Z,0,50.66667,0,29,85.9,26.39227,0,1,0,1,101
1756,2026-06-03T10:29:51.225Z,0,50.66667,0,29,85.9,26.39227,0,1,0,1,101
1757,2026-06-03T10:31:51.220Z,0,50.66667,0,29,85.9,26.39227,0,1,0,1,101
1758,2026-06-03T10:33:51.215Z,0,50.66667,0,29,85.9,26.39227,0,1,0,1,101
1759,2026-06-03T10:35:51.210Z,0,50.66667,0,29,85.9,26.39227,0,1,0,1,101
1760,2026-06-03T10:37:51.205Z,0,50.66667,0,29,85.9,26.39227,0,1,0,1,101
1761,2026-06-03T10:39:51.200Z,0,50.66667,0,29,85.9,26.39227,0,1,0,1,101
1762,2026-06-03T10:41:51.195Z,0,50.66667,0,29,85.9,26.39227,0,1,0,1,101
1763,2026-06-03T10:43:51.190Z,0,54.06667,0,29,85.3,26.27324,0,1,0,1,101
1764,2026-06-03T10:45:51.185Z,0,54.06667,0,29,85.3,26.27324,0,1,0,1,101
1765,2026-06-03T10:47:51.180Z,0,54.06667,0,29,85.3,26.27324,0,1,0,1,101
1766,2026-06-03T10:49:51.175Z,0,54.06667,0,29,85.3,26.27324,0,1,0,1,101
1767,2026-06-03T10:51:51.170Z,0,54.06667,0,29,85.3,26.27324,0,1,0,1,101
1768,2026-06-03T10:53:51.165Z,0,54.06667,0,29,85.3,26.27324,0,1,0,1,101
1769,2026-06-03T10:55:51.160Z,0,54.06667,0,29,85.3,26.27324,0,1,0,1,101
1770,2026-06-03T10:57:51.155Z,0,54.06667,0,29,85.3,26.27324,0,1,0,1,101
1771,2026-06-03T10:59:51.150Z,0,54.06667,0,29,85.3,26.27324,0,1,0,1,101
1772,2026-06-03T11:01:51.145Z,0,54.06667,0,29,85.3,26.27324,0,1,0,1,101
1773,2026-06-03T11:03:51.140Z,0,54.06667,0,29,85.3,26.27324,0,1,0,1,101
1774,2026-06-03T11:05:51.135Z,0,50.66667,0,29,85.6,26.33285,0,1,0,1,101
1775,2026-06-03T11:07:51.130Z,0,50.66667,0,29,85.6,26.33285,0,1,0,1,101
1776,2026-06-03T11:09:51.125Z,0,50.66667,0,29,85.6,26.33285,0,1,0,1,101
1777,2026-06-03T11:11:51.120Z,0,50.66667,0,29,85.6,26.33285,0,1,0,1,101
1778,2026-06-03T11:13:51.115Z,0,50.66667,0,29,85.6,26.33285,0,1,0,1,101
1779,2026-06-03T11:15:51.110Z,0,50.66667,0,29,85.6,26.33285,0,1,0,1,101
1780,2026-06-03T11:17:51.105Z,0,50.66667,0,29,85.6,26.33285,0,1,0,1,101
1781,2026-06-03T11:19:51.100Z,0,50.66667,0,29,85.6,26.33285,0,1,0,1,101
1782,2026-06-03T11:21:51.095Z,0,50.66667,0,29,85.6,26.33285,0,1,0,1,101
1783,2026-06-03T11:23:51.090Z,0,50.66667,0,29,85.6,26.33285,0,1,0,1,101
1784,2026-06-03T11:25:51.085Z,0,50.66667,0,29,85.6,26.33285,0,1,0,1,101
1785,2026-06-03T11:27:51.080Z,0,54,0,29,85.4,26.29313,0,1,0,1,101
1786,2026-06-03T11:29:51.075Z,0,54,0,29,85.4,26.29313,0,1,0,1,101
1787,2026-06-03T11:31:51.070Z,0,54,0,29,85.4,26.29313,0,1,0,1,101
1788,2026-06-03T11:33:51.065Z,0,54,0,29,85.4,26.29313,0,1,0,1,101
1789,2026-06-03T11:35:51.060Z,0,54,0,29,85.4,26.29313,0,1,0,1,101
1790,2026-06-03T11:37:51.055Z,0,54,0,29,85.4,26.29313,0,1,0,1,101
1791,2026-06-03T11:39:51.050Z,0,54,0,29,85.4,26.29313,0,1,0,1,101
1792,2026-06-03T11:41:51.045Z,0,54,0,29,85.4,26.29313,0,1,0,1,101
1793,2026-06-03T11:43:51.040Z,0,54,0,29,85.4,26.29313,0,1,0,1,101
1794,2026-06-03T11:45:51.035Z,0,54,0,29,85.4,26.29313,0,1,0,1,101
1795,2026-06-03T11:47:51.030Z,0,54,0,29,85.4,26.29313,0,1,0,1,101
1796,2026-06-03T11:49:51.025Z,0,51.26667,0,29,84.9,26.19348,0,1,0,1,101
1797,2026-06-03T11:51:51.020Z,0,51.26667,0,29,84.9,26.19348,0,1,0,1,101
1798,2026-06-03T11:53:51.015Z,0,51.26667,0,29,84.9,26.19348,0,1,0,1,101
1799,2026-06-03T11:55:51.010Z,0,51.26667,0,29,84.9,26.19348,0,1,0,1,101
1800,2026-06-03T11:57:51.005Z,0,51.26667,0,29,84.9,26.19348,0,1,0,1,101
1801,2026-06-03T11:59:51.000Z,0,51.26667,0,29,84.9,26.19348,0,1,0,1,101
1802,2026-06-03T12:01:50.995Z,0,51.26667,0,29,84.9,26.19348,0,1,0,1,101
1803,2026-06-03T12:03:50.990Z,0,51.26667,0,29,84.9,26.19348,0,1,0,1,101
1804,2026-06-03T12:05:50.985Z,0,51.26667,0,29,84.9,26.19348,0,1,0,1,101
1805,2026-06-03T12:07:50.980Z,0,51.26667,0,29,84.9,26.19348,0,1,0,1,101
1806,2026-06-03T12:09:50.975Z,0,51.26667,0,29,84.9,26.19348,0,1,0,1,101
1807,2026-06-03T12:11:50.970Z,0,51.33333,0,29,85.5,26.313,0,1,0,1,101
1808,2026-06-03T12:13:50.965Z,0,51.33333,0,29,85.5,26.313,0,1,0,1,101
1809,2026-06-03T12:15:50.960Z,0,51.33333,0,29,85.5,26.313,0,1,0,1,101
1810,2026-06-03T12:17:50.955Z,0,51.33333,0,29,85.5,26.313,0,1,0,1,101
1811,2026-06-03T12:19:50.950Z,0,51.33333,0,29,85.5,26.313,0,1,0,1,101
1812,2026-06-03T12:21:50.945Z,0,51.33333,0,29,85.5,26.313,0,1,0,1,101
1813,2026-06-03T12:23:50.940Z,0,51.33333,0,29,85.5,26.313,0,1,0,1,101
1814,2026-06-03T12:25:50.935Z,0,51.33333,0,29,85.5,26.313,0,1,0,1,101
1815,2026-06-03T12:27:50.930Z,0,51.33333,0,29,85.5,26.313,0,1,0,1,101
1816,2026-06-03T12:29:50.925Z,0,51.33333,0,29,85.5,26.313,0,1,0,1,101
1817,2026-06-03T12:31:50.920Z,0,51.33333,0,29,85.5,26.313,0,1,0,1,101
1818,2026-06-03T12:33:50.915Z,0,54,0,29,84.9,26.19348,0,1,0,1,101
1819,2026-06-03T12:35:50.910Z,0,54,0,29,84.9,26.19348,0,1,0,1,101
1820,2026-06-03T12:37:50.905Z,0,54,0,29,84.9,26.19348,0,1,0,1,101
1821,2026-06-03T12:39:50.900Z,0,54,0,29,84.9,26.19348,0,1,0,1,101
1822,2026-06-03T12:41:50.895Z,0,54,0,29,84.9,26.19348,0,1,0,1,101
1823,2026-06-03T12:43:50.890Z,0,54,0,29,84.9,26.19348,0,1,0,1,101
1824,2026-06-03T12:45:50.885Z,0,54,0,29,84.9,26.19348,0,1,0,1,101
1825,2026-06-03T12:47:50.880Z,0,54,0,29,84.9,26.19348,0,1,0,1,101
1826,2026-06-03T12:49:50.875Z,0,54,0,29,84.9,26.19348,0,1,0,1,101
1827,2026-06-03T12:51:50.870Z,0,54,0,29,84.9,26.19348,0,1,0,1,101
1828,2026-06-03T12:53:50.865Z,0,52.53333,0,29,84.3,26.07322,0,1,0,1,101
1829,2026-06-03T12:55:50.860Z,0,52.53333,0,29,84.3,26.07322,0,1,0,1,101
1830,2026-06-03T12:57:50.855Z,0,52.53333,0,29,84.3,26.07322,0,1,0,1,101
1831,2026-06-03T12:59:50.850Z,0,52.53333,0,29,84.3,26.07322,0,1,0,1,101
1832,2026-06-03T13:01:50.845Z,0,52.53333,0,29,84.3,26.07322,0,1,0,1,101
1833,2026-06-03T13:03:50.840Z,0,52.53333,0,29,84.3,26.07322,0,1,0,1,101
1834,2026-06-03T13:05:50.835Z,0,52.53333,0,29,84.3,26.07322,0,1,0,1,101
1835,2026-06-03T13:07:50.830Z,0,52.53333,0,29,84.3,26.07322,0,1,0,1,101
1836,2026-06-03T13:09:50.825Z,0,52.53333,0,29,84.3,26.07322,0,1,0,1,101
1837,2026-06-03T13:11:50.820Z,0,52.53333,0,29,84.3,26.07322,0,1,0,1,101
1838,2026-06-03T13:13:50.815Z,0,52.53333,0,29,84.3,26.07322,0,1,0,1,101
1839,2026-06-03T13:15:50.810Z,0,51.33333,0,29,84.6,26.13344,0,1,0,1,101
1840,2026-06-03T13:17:50.805Z,0,51.33333,0,29,84.6,26.13344,0,1,0,1,101
1841,2026-06-03T13:19:50.800Z,0,51.33333,0,29,84.6,26.13344,0,1,0,1,101
1842,2026-06-03T13:21:50.795Z,0,51.33333,0,29,84.6,26.13344,0,1,0,1,101
1843,2026-06-03T13:23:50.790Z,0,51.33333,0,29,84.6,26.13344,0,1,0,1,101
1844,2026-06-03T13:25:50.785Z,0,51.33333,0,29,84.6,26.13344,0,1,0,1,101
1845,2026-06-03T13:27:50.780Z,0,51.33333,0,29,84.6,26.13344,0,1,0,1,101
1846,2026-06-03T13:29:50.775Z,0,51.33333,0,29,84.6,26.13344,0,1,0,1,101
1847,2026-06-03T13:31:50.770Z,0,51.33333,0,29,84.6,26.13344,0,1,0,1,101
1848,2026-06-03T13:33:50.765Z,0,51.33333,0,29,84.6,26.13344,0,1,0,1,101
1849,2026-06-03T13:35:50.760Z,0,51.33333,0,29,84.6,26.13344,0,1,0,1,101
1850,2026-06-03T13:37:50.755Z,0,53.46667,0,29,84.4,26.09331,0,1,0,1,101
1851,2026-06-03T13:39:50.750Z,0,53.46667,0,29,84.4,26.09331,0,1,0,1,101
1852,2026-06-03T13:41:50.745Z,0,53.46667,0,29,84.4,26.09331,0,1,0,1,101
1853,2026-06-03T13:43:50.740Z,0,53.46667,0,29,84.4,26.09331,0,1,0,1,101
1854,2026-06-03T13:45:50.735Z,0,53.46667,0,29,84.4,26.09331,0,1,0,1,101
1855,2026-06-03T13:47:50.730Z,0,53.46667,0,29,84.4,26.09331,0,1,0,1,101
1856,2026-06-03T13:49:50.725Z,0,53.46667,0,29,84.4,26.09331,0,1,0,1,101
1857,2026-06-03T13:51:50.720Z,0,53.46667,0,29,84.4,26.09331,0,1,0,1,101
1858,2026-06-03T13:53:50.715Z,0,53.46667,0,29,84.4,26.09331,0,1,0,1,101
1859,2026-06-03T13:55:50.710Z,0,53.46667,0,29,84.4,26.09331,0,1,0,1,101
1860,2026-06-03T13:57:50.705Z,0,53.46667,0,29,84.4,26.09331,0,1,0,1,101
1861,2026-06-03T13:59:50.700Z,0,51.13334,0,29,84.9,26.19348,0,1,0,1,101
1862,2026-06-03T14:01:50.695Z,0,51.13334,0,29,84.9,26.19348,0,1,0,1,101
1863,2026-06-03T14:03:50.690Z,0,51.13334,0,29,84.9,26.19348,0,1,0,1,101
1864,2026-06-03T14:05:50.685Z,0,51.13334,0,29,84.9,26.19348,0,1,0,1,101
1865,2026-06-03T14:07:50.680Z,0,51.13334,0,29,84.9,26.19348,0,1,0,1,101
1866,2026-06-03T14:09:50.675Z,0,51.13334,0,29,84.9,26.19348,0,1,0,1,101
1867,2026-06-03T14:11:50.670Z,0,51.13334,0,29,84.9,26.19348,0,1,0,1,101
1868,2026-06-03T14:13:50.665Z,0,51.13334,0,29,84.9,26.19348,0,1,0,1,101
1869,2026-06-03T14:15:50.660Z,0,51.13334,0,29,84.9,26.19348,0,1,0,1,101
1870,2026-06-03T14:17:50.655Z,0,51.13334,0,29,84.9,26.19348,0,1,0,1,101
1871,2026-06-03T14:19:50.650Z,0,51.13334,0,29,84.9,26.19348,0,1,0,1,101
1872,2026-06-03T14:21:50.645Z,0,53.6,0,29,85,26.21345,0,1,0,1,101
1873,2026-06-03T14:23:50.640Z,0,53.6,0,29,85,26.21345,0,1,0,1,101
1874,2026-06-03T14:25:50.635Z,0,53.6,0,29,85,26.21345,0,1,0,1,101
1875,2026-06-03T14:27:50.630Z,0,53.6,0,29,85,26.21345,0,1,0,1,101
1876,2026-06-03T14:29:50.625Z,0,53.6,0,29,85,26.21345,0,1,0,1,101
1877,2026-06-03T14:31:50.620Z,0,53.6,0,29,85,26.21345,0,1,0,1,101
1878,2026-06-03T14:33:50.615Z,0,53.6,0,29,85,26.21345,0,1,0,1,101
1879,2026-06-03T14:35:50.610Z,0,53.6,0,29,85,26.21345,0,1,0,1,101
1880,2026-06-03T14:37:50.605Z,0,53.6,0,29,85,26.21345,0,1,0,1,101
1881,2026-06-03T14:39:50.600Z,0,53.6,0,29,85,26.21345,0,1,0,1,101
1882,2026-06-03T14:41:50.595Z,0,53.6,0,29,85,26.21345,0,1,0,1,101
1883,2026-06-03T14:43:50.590Z,0,53.66667,0,29,85.5,26.313,0,1,0,1,101
1884,2026-06-03T14:45:50.585Z,0,53.66667,0,29,85.5,26.313,0,1,0,1,101
1885,2026-06-03T14:47:50.580Z,0,53.66667,0,29,85.5,26.313,0,1,0,1,101
1886,2026-06-03T14:49:50.575Z,0,53.66667,0,29,85.5,26.313,0,1,0,1,101
1887,2026-06-03T14:51:50.570Z,0,53.66667,0,29,85.5,26.313,0,1,0,1,101
1888,2026-06-03T14:53:50.565Z,0,53.66667,0,29,85.5,26.313,0,1,0,1,101
1889,2026-06-03T14:55:50.560Z,0,53.66667,0,29,85.5,26.313,0,1,0,1,101
1890,2026-06-03T14:57:50.555Z,0,53.66667,0,29,85.5,26.313,0,1,0,1,101
1891,2026-06-03T14:59:50.550Z,0,53.66667,0,29,85.5,26.313,0,1,0,1,101
1892,2026-06-03T15:01:50.545Z,0,53.66667,0,29,85.5,26.313,0,1,0,1,101
1893,2026-06-03T15:03:50.540Z,0,53.66667,0,29,85.5,26.313,0,1,0,1,101
1894,2026-06-03T15:05:50.535Z,0,54.6,0,29,85.7,26.35267,0,1,0,1,101
1895,2026-06-03T15:07:50.530Z,0,54.6,0,29,85.7,26.35267,0,1,0,1,101
1896,2026-06-03T15:09:50.525Z,0,54.6,0,29,85.7,26.35267,0,1,0,1,101
1897,2026-06-03T15:11:50.520Z,0,54.6,0,29,85.7,26.35267,0,1,0,1,101
1898,2026-06-03T15:13:50.515Z,0,54.6,0,29,85.7,26.35267,0,1,0,1,101
1899,2026-06-03T15:15:50.510Z,0,54.6,0,29,85.7,26.35267,0,1,0,1,101
1900,2026-06-03T15:17:50.505Z,0,54.6,0,29,85.7,26.35267,0,1,0,1,101
1901,2026-06-03T15:19:50.500Z,0,54.6,0,29,85.7,26.35267,0,1,0,1,101
1902,2026-06-03T15:21:50.495Z,0,54.6,0,29,85.7,26.35267,0,1,0,1,101
1903,2026-06-03T15:23:50.490Z,0,54.6,0,29,85.7,26.35267,0,1,0,1,101
1904,2026-06-03T15:25:50.485Z,0,54.6,0,29,85.7,26.35267,0,1,0,1,101
1905,2026-06-03T15:27:50.480Z,0,50.6,0,29,84.9,26.19348,0,1,0,1,101
1906,2026-06-03T15:29:50.475Z,0,50.6,0,29,84.9,26.19348,0,1,0,1,101
1907,2026-06-03T15:31:50.470Z,0,50.6,0,29,84.9,26.19348,0,1,0,1,101
1908,2026-06-03T15:33:50.465Z,0,50.6,0,29,84.9,26.19348,0,1,0,1,101
1909,2026-06-03T15:35:50.460Z,0,50.6,0,29,84.9,26.19348,0,1,0,1,101
1910,2026-06-03T15:37:50.455Z,0,50.6,0,29,84.9,26.19348,0,1,0,1,101
1911,2026-06-03T15:39:50.450Z,0,50.6,0,29,84.9,26.19348,0,1,0,1,101
1912,2026-06-03T15:41:50.445Z,0,50.6,0,29,84.9,26.19348,0,1,0,1,101
1913,2026-06-03T15:43:50.440Z,0,50.6,0,29,84.9,26.19348,0,1,0,1,101
1914,2026-06-03T15:45:50.435Z,0,50.6,0,29,84.9,26.19348,0,1,0,1,101
1915,2026-06-03T15:47:50.430Z,0,50.6,0,29,84.9,26.19348,0,1,0,1,101
1916,2026-06-03T15:49:50.425Z,0,49.33333,0,29,84.2,26.0531,0,1,1,1,111
1917,2026-06-03T15:51:50.420Z,0,49.33333,0,29,84.2,26.0531,0,1,1,1,111
1918,2026-06-03T15:53:50.415Z,0,49.33333,0,29,84.2,26.0531,0,1,1,1,111
1919,2026-06-03T15:55:50.410Z,0,49.33333,0,29,84.2,26.0531,0,1,1,1,111
1920,2026-06-03T15:57:50.405Z,0,49.33333,0,29,84.2,26.0531,0,1,1,1,111
1921,2026-06-03T15:59:50.400Z,0,49.33333,0,29,84.2,26.0531,0,1,1,1,111
1922,2026-06-03T16:01:50.395Z,0,49.33333,0,29,84.2,26.0531,0,1,1,1,111
1923,2026-06-03T16:03:50.390Z,0,49.33333,0,29,84.2,26.0531,0,1,1,1,111
1924,2026-06-03T16:05:50.385Z,0,49.33333,0,29,84.2,26.0531,0,1,1,1,111
1925,2026-06-03T16:07:50.380Z,0,49.33333,0,29,84.2,26.0531,0,1,1,1,111
1926,2026-06-03T16:09:50.375Z,0,49.33333,0,29,84.2,26.0531,0,1,1,1,111
1927,2026-06-03T16:11:50.370Z,0,53,0,29,83.7,25.95221,0,1,0,1,101
1928,2026-06-03T16:13:50.365Z,0,53,0,29,83.7,25.95221,0,1,0,1,101
1929,2026-06-03T16:15:50.360Z,0,53,0,29,83.7,25.95221,0,1,0,1,101
1930,2026-06-03T16:17:50.355Z,0,53,0,29,83.7,25.95221,0,1,0,1,101
1931,2026-06-03T16:19:50.350Z,0,53,0,29,83.7,25.95221,0,1,0,1,101
1932,2026-06-03T16:21:50.345Z,0,53,0,29,83.7,25.95221,0,1,0,1,101
1933,2026-06-03T16:23:50.340Z,0,53,0,29,83.7,25.95221,0,1,0,1,101
1934,2026-06-03T16:25:50.335Z,0,53,0,29,83.7,25.95221,0,1,0,1,101
1935,2026-06-03T16:27:50.330Z,0,53,0,29,83.7,25.95221,0,1,0,1,101
1936,2026-06-03T16:29:50.325Z,0,53,0,29,83.7,25.95221,0,1,0,1,101
1937,2026-06-03T16:31:50.320Z,0,53,0,29,83.7,25.95221,0,1,0,1,101
1938,2026-06-03T16:33:50.315Z,0,50.33333,0,29,83.2,25.85079,0,1,0,1,101
1939,2026-06-03T16:35:50.310Z,0,50.33333,0,29,83.2,25.85079,0,1,0,1,101
1940,2026-06-03T16:37:50.305Z,0,50.33333,0,29,83.2,25.85079,0,1,0,1,101
1941,2026-06-03T16:39:50.300Z,0,50.33333,0,29,83.2,25.85079,0,1,0,1,101
1942,2026-06-03T16:41:50.295Z,0,50.33333,0,29,83.2,25.85079,0,1,0,1,101
1943,2026-06-03T16:43:50.290Z,0,50.33333,0,29,83.2,25.85079,0,1,0,1,101
1944,2026-06-03T16:45:50.285Z,0,50.33333,0,29,83.2,25.85079,0,1,0,1,101
1945,2026-06-03T16:47:50.280Z,0,50.33333,0,29,83.2,25.85079,0,1,0,1,101
1946,2026-06-03T16:49:50.275Z,0,50.33333,0,29,83.2,25.85079,0,1,0,1,101
1947,2026-06-03T16:51:50.270Z,0,50.33333,0,29,83.2,25.85079,0,1,0,1,101
1948,2026-06-03T16:53:50.265Z,0,50.33333,0,29,83.2,25.85079,0,1,0,1,101
1949,2026-06-03T16:55:50.260Z,0,51.26667,0,29,82.7,25.74884,0,1,0,1,101
1950,2026-06-03T16:57:50.255Z,0,51.26667,0,29,82.7,25.74884,0,1,0,1,101
1951,2026-06-03T16:59:50.250Z,0,51.26667,0,29,82.7,25.74884,0,1,0,1,101
1952,2026-06-03T17:01:50.245Z,0,51.26667,0,29,82.7,25.74884,0,1,0,1,101
1953,2026-06-03T17:03:50.240Z,0,51.26667,0,29,82.7,25.74884,0,1,0,1,101
1954,2026-06-03T17:05:50.235Z,0,51.26667,0,29,82.7,25.74884,0,1,0,1,101
1955,2026-06-03T17:07:50.230Z,0,51.26667,0,29,82.7,25.74884,0,1,0,1,101
1956,2026-06-03T17:09:50.225Z,0,51.26667,0,29,82.7,25.74884,0,1,0,1,101
1957,2026-06-03T17:11:50.220Z,0,51.26667,0,29,82.7,25.74884,0,1,0,1,101
1958,2026-06-03T17:13:50.215Z,0,51.26667,0,29,82.7,25.74884,0,1,0,1,101
1959,2026-06-03T17:15:50.210Z,0,51.26667,0,29,82.7,25.74884,0,1,0,1,101
1960,2026-06-03T17:17:50.205Z,0,51.93333,0,28.9,82.3,25.56937,0,1,0,1,101
1961,2026-06-03T17:19:50.200Z,0,51.93333,0,28.9,82.3,25.56937,0,1,0,1,101
1962,2026-06-03T17:21:50.195Z,0,51.93333,0,28.9,82.3,25.56937,0,1,0,1,101
1963,2026-06-03T17:23:50.190Z,0,51.93333,0,28.9,82.3,25.56937,0,1,0,1,101
1964,2026-06-03T17:25:50.185Z,0,51.93333,0,28.9,82.3,25.56937,0,1,0,1,101
1965,2026-06-03T17:27:50.180Z,0,51.93333,0,28.9,82.3,25.56937,0,1,0,1,101
1966,2026-06-03T17:29:50.175Z,0,51.93333,0,28.9,82.3,25.56937,0,1,0,1,101
1967,2026-06-03T17:31:50.170Z,0,51.93333,0,28.9,82.3,25.56937,0,1,0,1,101
1968,2026-06-03T17:33:50.165Z,0,51.93333,0,28.9,82.3,25.56937,0,1,0,1,101
1969,2026-06-03T17:35:50.160Z,0,51.93333,0,28.9,82.3,25.56937,0,1,0,1,101
1970,2026-06-03T17:37:50.155Z,0,51.93333,0,28.9,82.3,25.56937,0,1,0,1,101
1971,2026-06-03T17:39:50.150Z,0,51.73333,0,28.9,82.4,25.58988,0,1,0,1,101
1972,2026-06-03T17:41:50.145Z,0,51.73333,0,28.9,82.4,25.58988,0,1,0,1,101
1973,2026-06-03T17:43:50.140Z,0,51.73333,0,28.9,82.4,25.58988,0,1,0,1,101
1974,2026-06-03T17:45:50.135Z,0,51.73333,0,28.9,82.4,25.58988,0,1,0,1,101
1975,2026-06-03T17:47:50.130Z,0,51.73333,0,28.9,82.4,25.58988,0,1,0,1,101
1976,2026-06-03T17:49:50.125Z,0,51.73333,0,28.9,82.4,25.58988,0,1,0,1,101
1977,2026-06-03T17:51:50.120Z,0,51.73333,0,28.9,82.4,25.58988,0,1,0,1,101
1978,2026-06-03T17:53:50.115Z,0,51.73333,0,28.9,82.4,25.58988,0,1,0,1,101
1979,2026-06-03T17:55:50.110Z,0,51.73333,0,28.9,82.4,25.58988,0,1,0,1,101
1980,2026-06-03T17:57:50.105Z,0,51.73333,0,28.9,82.4,25.58988,0,1,0,1,101
1981,2026-06-03T17:59:50.100Z,0,51.73333,0,28.9,82.4,25.58988,0,1,0,1,101
1982,2026-06-03T18:01:50.095Z,0,49.73333,0,28.9,82.4,25.58988,0,1,1,1,111
1983,2026-06-03T18:03:50.090Z,0,49.73333,0,28.9,82.4,25.58988,0,1,1,1,111
1984,2026-06-03T18:05:50.085Z,0,49.73333,0,28.9,82.4,25.58988,0,1,1,1,111
1985,2026-06-03T18:07:50.080Z,0,49.73333,0,28.9,82.4,25.58988,0,1,1,1,111
1986,2026-06-03T18:09:50.075Z,0,49.73333,0,28.9,82.4,25.58988,0,1,1,1,111
1987,2026-06-03T18:11:50.070Z,0,49.73333,0,28.9,82.4,25.58988,0,1,1,1,111
1988,2026-06-03T18:13:50.065Z,0,49.73333,0,28.9,82.4,25.58988,0,1,1,1,111
1989,2026-06-03T18:15:50.060Z,0,49.73333,0,28.9,82.4,25.58988,0,1,1,1,111
1990,2026-06-03T18:17:50.055Z,0,49.73333,0,28.9,82.4,25.58988,0,1,1,1,111
1991,2026-06-03T18:19:50.050Z,0,49.73333,0,28.9,82.4,25.58988,0,1,1,1,111
1992,2026-06-03T18:21:50.045Z,0,49.73333,0,28.9,82.4,25.58988,0,1,1,1,111
1993,2026-06-03T18:23:50.040Z,0,53.93333,0,28.9,82.3,25.56937,0,1,0,1,101
1994,2026-06-03T18:25:50.035Z,0,53.93333,0,28.9,82.3,25.56937,0,1,0,1,101
1995,2026-06-03T18:27:50.030Z,0,53.93333,0,28.9,82.3,25.56937,0,1,0,1,101
1996,2026-06-03T18:29:50.025Z,0,53.93333,0,28.9,82.3,25.56937,0,1,0,1,101
1997,2026-06-03T18:31:50.020Z,0,53.93333,0,28.9,82.3,25.56937,0,1,0,1,101
1998,2026-06-03T18:33:50.015Z,0,53.93333,0,28.9,82.3,25.56937,0,1,0,1,101
1999,2026-06-03T18:35:50.010Z,0,53.93333,0,28.9,82.3,25.56937,0,1,0,1,101
2000,2026-06-03T18:37:50.005Z,0,53.93333,0,28.9,82.3,25.56937,0,1,0,1,101
2001,2026-06-03T18:39:50.000Z,0,53.93333,0,28.9,82.3,25.56937,0,1,0,1,101
2002,2026-06-03T18:41:49.995Z,0,53.93333,0,28.9,82.3,25.56937,0,1,0,1,101
2003,2026-06-03T18:43:49.990Z,0,53.93333,0,28.9,82.3,25.56937,0,1,0,1,101
2004,2026-06-03T18:45:49.985Z,0,51,0,28.9,82.2,25.54885,0,1,0,1,101
2005,2026-06-03T18:47:49.980Z,0,51,0,28.9,82.2,25.54885,0,1,0,1,101
2006,2026-06-03T18:49:49.975Z,0,51,0,28.9,82.2,25.54885,0,1,0,1,101
2007,2026-06-03T18:51:49.970Z,0,51,0,28.9,82.2,25.54885,0,1,0,1,101
2008,2026-06-03T18:53:49.965Z,0,51,0,28.9,82.2,25.54885,0,1,0,1,101
2009,2026-06-03T18:55:49.960Z,0,51,0,28.9,82.2,25.54885,0,1,0,1,101
2010,2026-06-03T18:57:49.955Z,0,51,0,28.9,82.2,25.54885,0,1,0,1,101
2011,2026-06-03T18:59:49.950Z,0,51,0,28.9,82.2,25.54885,0,1,0,1,101
2012,2026-06-03T19:01:49.945Z,0,51,0,28.9,82.2,25.54885,0,1,0,1,101
2013,2026-06-03T19:03:49.940Z,0,51,0,28.9,82.2,25.54885,0,1,0,1,101
2014,2026-06-03T19:05:49.935Z,0,51,0,28.9,82.2,25.54885,0,1,0,1,101
2015,2026-06-03T19:07:49.930Z,0,52.06667,0,28.9,82.2,25.54885,0,1,0,1,101
2016,2026-06-03T19:09:49.925Z,0,52.06667,0,28.9,82.2,25.54885,0,1,0,1,101
2017,2026-06-03T19:11:49.920Z,0,52.06667,0,28.9,82.2,25.54885,0,1,0,1,101
2018,2026-06-03T19:13:49.915Z,0,52.06667,0,28.9,82.2,25.54885,0,1,0,1,101
2019,2026-06-03T19:15:49.910Z,0,52.06667,0,28.9,82.2,25.54885,0,1,0,1,101
2020,2026-06-03T19:17:49.905Z,0,52.06667,0,28.9,82.2,25.54885,0,1,0,1,101
2021,2026-06-03T19:19:49.900Z,0,52.06667,0,28.9,82.2,25.54885,0,1,0,1,101
2022,2026-06-03T19:21:49.895Z,0,52.06667,0,28.9,82.2,25.54885,0,1,0,1,101
2023,2026-06-03T19:23:49.890Z,0,52.06667,0,28.9,82.2,25.54885,0,1,0,1,101
2024,2026-06-03T19:25:49.885Z,0,52.06667,0,28.9,82.2,25.54885,0,1,0,1,101
2025,2026-06-03T19:27:49.880Z,0,52.06667,0,28.9,82.2,25.54885,0,1,0,1,101
2026,2026-06-03T19:29:49.875Z,0,51.2,0,28.9,82.2,25.54885,0,1,0,1,101
2027,2026-06-03T19:31:49.870Z,0,51.2,0,28.9,82.2,25.54885,0,1,0,1,101
2028,2026-06-03T19:33:49.865Z,0,51.2,0,28.9,82.2,25.54885,0,1,0,1,101
2029,2026-06-03T19:35:49.860Z,0,51.2,0,28.9,82.2,25.54885,0,1,0,1,101
2030,2026-06-03T19:37:49.855Z,0,51.2,0,28.9,82.2,25.54885,0,1,0,1,101
2031,2026-06-03T19:39:49.850Z,0,51.2,0,28.9,82.2,25.54885,0,1,0,1,101
2032,2026-06-03T19:41:49.845Z,0,51.2,0,28.9,82.2,25.54885,0,1,0,1,101
2033,2026-06-03T19:43:49.840Z,0,51.2,0,28.9,82.2,25.54885,0,1,0,1,101
2034,2026-06-03T19:45:49.835Z,0,51.2,0,28.9,82.2,25.54885,0,1,0,1,101
2035,2026-06-03T19:47:49.830Z,0,51.2,0,28.9,82.2,25.54885,0,1,0,1,101
2036,2026-06-03T19:49:49.825Z,0,51.2,0,28.9,82.2,25.54885,0,1,0,1,101
2037,2026-06-03T19:51:49.820Z,0,53.13334,0,29,82.9,25.78968,0,1,0,1,101
2038,2026-06-03T19:53:49.815Z,0,53.13334,0,29,82.9,25.78968,0,1,0,1,101
2039,2026-06-03T19:55:49.810Z,0,53.13334,0,29,82.9,25.78968,0,1,0,1,101
2040,2026-06-03T19:57:49.805Z,0,53.13334,0,29,82.9,25.78968,0,1,0,1,101
2041,2026-06-03T19:59:49.800Z,0,53.13334,0,29,82.9,25.78968,0,1,0,1,101
2042,2026-06-03T20:01:49.795Z,0,53.13334,0,29,82.9,25.78968,0,1,0,1,101
2043,2026-06-03T20:03:49.790Z,0,53.13334,0,29,82.9,25.78968,0,1,0,1,101
2044,2026-06-03T20:05:49.785Z,0,53.13334,0,29,82.9,25.78968,0,1,0,1,101
2045,2026-06-03T20:07:49.780Z,0,53.13334,0,29,82.9,25.78968,0,1,0,1,101
2046,2026-06-03T20:09:49.775Z,0,53.13334,0,29,82.9,25.78968,0,1,0,1,101
2047,2026-06-03T20:11:49.770Z,0,53.13334,0,29,82.9,25.78968,0,1,0,1,101
2048,2026-06-03T20:13:49.765Z,0,51.26667,0,29,83.3,25.87111,0,1,0,1,101
2049,2026-06-03T20:15:49.760Z,0,51.26667,0,29,83.3,25.87111,0,1,0,1,101
2050,2026-06-03T20:17:49.755Z,0,51.26667,0,29,83.3,25.87111,0,1,0,1,101
2051,2026-06-03T20:19:49.750Z,0,51.26667,0,29,83.3,25.87111,0,1,0,1,101
2052,2026-06-03T20:21:49.745Z,0,51.26667,0,29,83.3,25.87111,0,1,0,1,101
2053,2026-06-03T20:23:49.740Z,0,51.26667,0,29,83.3,25.87111,0,1,0,1,101
2054,2026-06-03T20:25:49.735Z,0,51.26667,0,29,83.3,25.87111,0,1,0,1,101
2055,2026-06-03T20:27:49.730Z,0,51.26667,0,29,83.3,25.87111,0,1,0,1,101
2056,2026-06-03T20:29:49.725Z,0,51.26667,0,29,83.3,25.87111,0,1,0,1,101
2057,2026-06-03T20:31:49.720Z,0,51.26667,0,29,83.3,25.87111,0,1,0,1,101
2058,2026-06-03T20:33:49.715Z,0,51.26667,0,29,83.3,25.87111,0,1,0,1,101
2059,2026-06-03T20:35:49.710Z,0,54.4,0,29,84.1,26.03296,0,1,0,1,101
2060,2026-06-03T20:37:49.705Z,0,54.4,0,29,84.1,26.03296,0,1,0,1,101
2061,2026-06-03T20:39:49.700Z,0,54.4,0,29,84.1,26.03296,0,1,0,1,101
2062,2026-06-03T20:41:49.695Z,0,54.4,0,29,84.1,26.03296,0,1,0,1,101
2063,2026-06-03T20:43:49.690Z,0,54.4,0,29,84.1,26.03296,0,1,0,1,101
2064,2026-06-03T20:45:49.685Z,0,54.4,0,29,84.1,26.03296,0,1,0,1,101
2065,2026-06-03T20:47:49.680Z,0,54.4,0,29,84.1,26.03296,0,1,0,1,101
2066,2026-06-03T20:49:49.675Z,0,54.4,0,29,84.1,26.03296,0,1,0,1,101
2067,2026-06-03T20:51:49.670Z,0,54.4,0,29,84.1,26.03296,0,1,0,1,101
2068,2026-06-03T20:53:49.665Z,0,54.4,0,29,84.1,26.03296,0,1,0,1,101
2069,2026-06-03T20:55:49.660Z,0,54.4,0,29,84.1,26.03296,0,1,0,1,101
2070,2026-06-03T20:57:49.655Z,0,51.13334,0,29,84.3,26.07322,0,1,0,1,101
2071,2026-06-03T20:59:49.650Z,0,51.13334,0,29,84.3,26.07322,0,1,0,1,101
2072,2026-06-03T21:01:49.645Z,0,51.13334,0,29,84.3,26.07322,0,1,0,1,101
2073,2026-06-03T21:03:49.640Z,0,51.13334,0,29,84.3,26.07322,0,1,0,1,101
2074,2026-06-03T21:05:49.635Z,0,51.13334,0,29,84.3,26.07322,0,1,0,1,101
2075,2026-06-03T21:07:49.630Z,0,51.13334,0,29,84.3,26.07322,0,1,0,1,101
2076,2026-06-03T21:09:49.625Z,0,51.13334,0,29,84.3,26.07322,0,1,0,1,101
2077,2026-06-03T21:11:49.620Z,0,51.13334,0,29,84.3,26.07322,0,1,0,1,101
2078,2026-06-03T21:13:49.615Z,0,51.13334,0,29,84.3,26.07322,0,1,0,1,101
2079,2026-06-03T21:15:49.610Z,0,51.13334,0,29,84.3,26.07322,0,1,0,1,101
2080,2026-06-03T21:17:49.605Z,0,51.13334,0,29,84.3,26.07322,0,1,0,1,101
2081,2026-06-03T21:19:49.600Z,0,51.13334,0,29,84.3,26.07322,0,1,0,1,101
2082,2026-06-03T21:21:49.595Z,0,51.86666,0,29,84.9,26.19348,0,1,0,1,101
2083,2026-06-03T21:23:49.590Z,0,51.86666,0,29,84.9,26.19348,0,1,0,1,101
2084,2026-06-03T21:25:49.585Z,0,51.86666,0,29,84.9,26.19348,0,1,0,1,101
2085,2026-06-03T21:27:49.580Z,0,51.86666,0,29,84.9,26.19348,0,1,0,1,101
2086,2026-06-03T21:29:49.575Z,0,51.86666,0,29,84.9,26.19348,0,1,0,1,101
2087,2026-06-03T21:31:49.570Z,0,51.86666,0,29,84.9,26.19348,0,1,0,1,101
2088,2026-06-03T21:33:49.565Z,0,51.86666,0,29,84.9,26.19348,0,1,0,1,101
2089,2026-06-03T21:35:49.560Z,0,51.86666,0,29,84.9,26.19348,0,1,0,1,101
2090,2026-06-03T21:37:49.555Z,0,51.86666,0,29,84.9,26.19348,0,1,0,1,101
2091,2026-06-03T21:39:49.550Z,0,51.86666,0,29,84.9,26.19348,0,1,0,1,101
2092,2026-06-03T21:41:49.545Z,0,50.93333,0,29,85,26.21345,0,1,0,1,101
2093,2026-06-03T21:43:49.540Z,0,50.93333,0,29,85,26.21345,0,1,0,1,101
2094,2026-06-03T21:45:49.535Z,0,50.93333,0,29,85,26.21345,0,1,0,1,101
2095,2026-06-03T21:47:49.530Z,0,50.93333,0,29,85,26.21345,0,1,0,1,101
2096,2026-06-03T21:49:49.525Z,0,50.93333,0,29,85,26.21345,0,1,0,1,101
2097,2026-06-03T21:51:49.520Z,0,50.93333,0,29,85,26.21345,0,1,0,1,101
2098,2026-06-03T21:53:49.515Z,0,50.93333,0,29,85,26.21345,0,1,0,1,101
2099,2026-06-03T21:55:49.510Z,0,50.93333,0,29,85,26.21345,0,1,0,1,101
2100,2026-06-03T21:57:49.505Z,0,50.93333,0,29,85,26.21345,0,1,0,1,101
2101,2026-06-03T21:59:49.500Z,0,50.93333,0,29,85,26.21345,0,1,0,1,101
2102,2026-06-03T22:01:49.495Z,0,51.26667,0,29,85.5,26.313,0,1,0,1,101
2103,2026-06-03T22:03:49.490Z,0,51.26667,0,29,85.5,26.313,0,1,0,1,101
2104,2026-06-03T22:05:49.485Z,0,51.26667,0,29,85.5,26.313,0,1,0,1,101
2105,2026-06-03T22:07:49.480Z,0,51.26667,0,29,85.5,26.313,0,1,0,1,101
2106,2026-06-03T22:09:49.475Z,0,51.26667,0,29,85.5,26.313,0,1,0,1,101
2107,2026-06-03T22:11:49.470Z,0,51.26667,0,29,85.5,26.313,0,1,0,1,101
2108,2026-06-03T22:13:49.465Z,0,51.26667,0,29,85.5,26.313,0,1,0,1,101
2109,2026-06-03T22:15:49.460Z,0,51.26667,0,29,85.5,26.313,0,1,0,1,101
2110,2026-06-03T22:17:49.455Z,0,51.26667,0,29,85.5,26.313,0,1,0,1,101
2111,2026-06-03T22:19:49.450Z,0,51.26667,0,29,85.5,26.313,0,1,0,1,101
2112,2026-06-03T22:21:49.445Z,0,51.26667,0,29,85.5,26.313,0,1,0,1,101
2113,2026-06-03T22:23:49.440Z,0,51.26667,0,29,85.5,26.313,0,1,0,1,101
2114,2026-06-03T22:25:49.435Z,0,51.26667,0,29,84.9,26.19348,0,1,0,1,101
2115,2026-06-03T22:27:49.430Z,0,51.26667,0,29,84.9,26.19348,0,1,0,1,101
2116,2026-06-03T22:29:49.425Z,0,51.26667,0,29,84.9,26.19348,0,1,0,1,101
2117,2026-06-03T22:31:49.420Z,0,51.26667,0,29,84.9,26.19348,0,1,0,1,101
2118,2026-06-03T22:33:49.415Z,0,51.26667,0,29,84.9,26.19348,0,1,0,1,101
2119,2026-06-03T22:35:49.410Z,0,51.26667,0,29,84.9,26.19348,0,1,0,1,101
2120,2026-06-03T22:37:49.405Z,0,51.26667,0,29,84.9,26.19348,0,1,0,1,101
2121,2026-06-03T22:39:49.400Z,0,51.26667,0,29,84.9,26.19348,0,1,0,1,101
2122,2026-06-03T22:41:49.395Z,0,51.26667,0,29,84.9,26.19348,0,1,0,1,101
2123,2026-06-03T22:43:49.390Z,0,51.26667,0,29,84.9,26.19348,0,1,0,1,101
2124,2026-06-03T22:45:49.385Z,0,51.13334,0,29,85.2,26.25333,0,1,0,1,101
2125,2026-06-03T22:47:49.380Z,0,51.13334,0,29,85.2,26.25333,0,1,0,1,101
2126,2026-06-03T22:49:49.375Z,0,51.13334,0,29,85.2,26.25333,0,1,0,1,101
2127,2026-06-03T22:51:49.370Z,0,51.13334,0,29,85.2,26.25333,0,1,0,1,101
2128,2026-06-03T22:53:49.365Z,0,51.13334,0,29,85.2,26.25333,0,1,0,1,101
2129,2026-06-03T22:55:49.360Z,0,51.13334,0,29,85.2,26.25333,0,1,0,1,101
2130,2026-06-03T22:57:49.355Z,0,51.13334,0,29,85.2,26.25333,0,1,0,1,101
2131,2026-06-03T22:59:49.350Z,0,51.13334,0,29,85.2,26.25333,0,1,0,1,101
2132,2026-06-03T23:01:49.345Z,0,51.13334,0,29,85.2,26.25333,0,1,0,1,101
2133,2026-06-03T23:03:49.340Z,0,51.13334,0,29,85.2,26.25333,0,1,0,1,101
2134,2026-06-03T23:05:49.335Z,0,51.13334,0,29,85.2,26.25333,0,1,0,1,101
2135,2026-06-03T23:07:49.330Z,0,52,0,29,85.7,26.35267,0,1,0,1,101
2136,2026-06-03T23:09:49.325Z,0,52,0,29,85.7,26.35267,0,1,0,1,101
2137,2026-06-03T23:11:49.320Z,0,52,0,29,85.7,26.35267,0,1,0,1,101
2138,2026-06-03T23:13:49.315Z,0,52,0,29,85.7,26.35267,0,1,0,1,101
2139,2026-06-03T23:15:49.310Z,0,52,0,29,85.7,26.35267,0,1,0,1,101
2140,2026-06-03T23:17:49.305Z,0,52,0,29,85.7,26.35267,0,1,0,1,101
2141,2026-06-03T23:19:49.300Z,0,52,0,29,85.7,26.35267,0,1,0,1,101
2142,2026-06-03T23:21:49.295Z,0,52,0,29,85.7,26.35267,0,1,0,1,101
2143,2026-06-03T23:23:49.290Z,0,52,0,29,85.7,26.35267,0,1,0,1,101
2144,2026-06-03T23:25:49.285Z,0,52,0,29,85.7,26.35267,0,1,0,1,101
2145,2026-06-03T23:27:49.280Z,0,52,0,29,85.7,26.35267,0,1,0,1,101
2146,2026-06-03T23:29:49.275Z,0,53.6,0,29,85.5,26.313,0,1,0,1,101
2147,2026-06-03T23:31:49.270Z,0,53.6,0,29,85.5,26.313,0,1,0,1,101
2148,2026-06-03T23:33:49.265Z,0,53.6,0,29,85.5,26.313,0,1,0,1,101
2149,2026-06-03T23:35:49.260Z,0,53.6,0,29,85.5,26.313,0,1,0,1,101
2150,2026-06-03T23:37:49.255Z,0,53.6,0,29,85.5,26.313,0,1,0,1,101
2151,2026-06-03T23:39:49.250Z,0,53.6,0,29,85.5,26.313,0,1,0,1,101
2152,2026-06-03T23:41:49.245Z,0,53.6,0,29,85.5,26.313,0,1,0,1,101
2153,2026-06-03T23:43:49.240Z,0,53.6,0,29,85.5,26.313,0,1,0,1,101
2154,2026-06-03T23:45:49.235Z,0,53.6,0,29,85.5,26.313,0,1,0,1,101
2155,2026-06-03T23:47:49.230Z,0,53.6,0,29,85.5,26.313,0,1,0,1,101
2156,2026-06-03T23:49:49.225Z,0,53.6,0,29,85.5,26.313,0,1,0,1,101
2157,2026-06-03T23:51:49.220Z,0,51.46667,0,29,84.9,26.19348,0,1,0,1,101
2158,2026-06-03T23:53:49.215Z,0,51.46667,0,29,84.9,26.19348,0,1,0,1,101
2159,2026-06-03T23:55:49.210Z,0,51.46667,0,29,84.9,26.19348,0,1,0,1,101
2160,2026-06-03T23:57:49.205Z,0,51.46667,0,29,84.9,26.19348,0,1,0,1,101
2161,2026-06-03T23:59:49.200Z,0,51.46667,0,29,84.9,26.19348,0,1,0,1,101
2162,2026-06-04T00:01:49.195Z,0,51.46667,0,29,84.9,26.19348,0,1,0,1,101
2163,2026-06-04T00:03:49.190Z,0,51.46667,0,29,84.9,26.19348,0,1,0,1,101
2164,2026-06-04T00:05:49.185Z,0,51.46667,0,29,84.9,26.19348,0,1,0,1,101
2165,2026-06-04T00:07:49.180Z,0,51.46667,0,29,84.9,26.19348,0,1,0,1,101
2166,2026-06-04T00:09:49.175Z,0,51.46667,0,29,84.9,26.19348,0,1,0,1,101
2167,2026-06-04T00:11:49.170Z,0,51.46667,0,29,84.9,26.19348,0,1,0,1,101
2168,2026-06-04T00:13:49.165Z,0,53.13334,0,29,85.1,26.2334,0,1,0,1,101
2169,2026-06-04T00:15:49.160Z,0,53.13334,0,29,85.1,26.2334,0,1,0,1,101
2170,2026-06-04T00:17:49.155Z,0,53.13334,0,29,85.1,26.2334,0,1,0,1,101
2171,2026-06-04T00:19:49.150Z,0,53.13334,0,29,85.1,26.2334,0,1,0,1,101
2172,2026-06-04T00:21:49.145Z,0,53.13334,0,29,85.1,26.2334,0,1,0,1,101
2173,2026-06-04T00:23:49.140Z,0,53.13334,0,29,85.1,26.2334,0,1,0,1,101
2174,2026-06-04T00:25:49.135Z,0,53.13334,0,29,85.1,26.2334,0,1,0,1,101
2175,2026-06-04T00:27:49.130Z,0,53.13334,0,29,85.1,26.2334,0,1,0,1,101
2176,2026-06-04T00:29:49.125Z,0,53.13334,0,29,85.1,26.2334,0,1,0,1,101
2177,2026-06-04T00:31:49.120Z,0,53.13334,0,29,85.1,26.2334,0,1,0,1,101
2178,2026-06-04T00:33:49.115Z,0,53.13334,0,29,85.1,26.2334,0,1,0,1,101
2179,2026-06-04T00:35:49.110Z,0,52.06667,0,29,85.1,26.2334,0,1,0,1,101
2180,2026-06-04T00:37:49.105Z,0,52.06667,0,29,85.1,26.2334,0,1,0,1,101
2181,2026-06-04T00:39:49.100Z,0,52.06667,0,29,85.1,26.2334,0,1,0,1,101
2182,2026-06-04T00:41:49.095Z,0,52.06667,0,29,85.1,26.2334,0,1,0,1,101
2183,2026-06-04T00:43:49.090Z,0,52.06667,0,29,85.1,26.2334,0,1,0,1,101
2184,2026-06-04T00:45:49.085Z,0,52.06667,0,29,85.1,26.2334,0,1,0,1,101
2185,2026-06-04T00:47:49.080Z,0,52.06667,0,29,85.1,26.2334,0,1,0,1,101
2186,2026-06-04T00:49:49.075Z,0,52.06667,0,29,85.1,26.2334,0,1,0,1,101
2187,2026-06-04T00:51:49.070Z,0,52.06667,0,29,85.1,26.2334,0,1,0,1,101
2188,2026-06-04T00:53:49.065Z,0,52.06667,0,29,85.1,26.2334,0,1,0,1,101
2189,2026-06-04T00:55:49.060Z,0,51.4,0,29,85.2,26.25333,0,1,0,1,101
2190,2026-06-04T00:57:49.055Z,0,51.4,0,29,85.2,26.25333,0,1,0,1,101
2191,2026-06-04T00:59:49.050Z,0,51.4,0,29,85.2,26.25333,0,1,0,1,101
2192,2026-06-04T01:01:49.045Z,0,51.4,0,29,85.2,26.25333,0,1,0,1,101
2193,2026-06-04T01:03:49.040Z,0,51.4,0,29,85.2,26.25333,0,1,0,1,101
2194,2026-06-04T01:05:49.035Z,0,51.4,0,29,85.2,26.25333,0,1,0,1,101
2195,2026-06-04T01:07:49.030Z,0,51.4,0,29,85.2,26.25333,0,1,0,1,101
2196,2026-06-04T01:09:49.025Z,0,51.4,0,29,85.2,26.25333,0,1,0,1,101
2197,2026-06-04T01:11:49.020Z,0,51.4,0,29,85.2,26.25333,0,1,0,1,101
2198,2026-06-04T01:13:49.015Z,0,51.4,0,29,85.2,26.25333,0,1,0,1,101
2199,2026-06-04T01:15:49.010Z,0,51.73333,0,29,85.7,26.35267,0,1,0,1,101
2200,2026-06-04T01:17:49.005Z,0,51.73333,0,29,85.7,26.35267,0,1,0,1,101
2201,2026-06-04T01:19:49.000Z,0,51.73333,0,29,85.7,26.35267,0,1,0,1,101
2202,2026-06-04T01:21:48.995Z,0,51.73333,0,29,85.7,26.35267,0,1,0,1,101
2203,2026-06-04T01:23:48.990Z,0,51.73333,0,29,85.7,26.35267,0,1,0,1,101
2204,2026-06-04T01:25:48.985Z,0,51.73333,0,29,85.7,26.35267,0,1,0,1,101
2205,2026-06-04T01:27:48.980Z,0,51.73333,0,29,85.7,26.35267,0,1,0,1,101
2206,2026-06-04T01:29:48.975Z,0,51.73333,0,29,85.7,26.35267,0,1,0,1,101
2207,2026-06-04T01:31:48.970Z,0,51.73333,0,29,85.7,26.35267,0,1,0,1,101
2208,2026-06-04T01:33:48.965Z,0,51.73333,0,29,85.7,26.35267,0,1,0,1,101
2209,2026-06-04T01:35:48.960Z,0,51.73333,0,29,85.7,26.35267,0,1,0,1,101
2210,2026-06-04T01:37:48.955Z,0,53.66667,0,29,85,26.21345,0,1,0,1,101
2211,2026-06-04T01:39:48.950Z,0,53.66667,0,29,85,26.21345,0,1,0,1,101
2212,2026-06-04T01:41:48.945Z,0,53.66667,0,29,85,26.21345,0,1,0,1,101
2213,2026-06-04T01:43:48.940Z,0,53.66667,0,29,85,26.21345,0,1,0,1,101
2214,2026-06-04T01:45:48.935Z,0,53.66667,0,29,85,26.21345,0,1,0,1,101
2215,2026-06-04T01:47:48.930Z,0,53.66667,0,29,85,26.21345,0,1,0,1,101
2216,2026-06-04T01:49:48.925Z,0,53.66667,0,29,85,26.21345,0,1,0,1,101
2217,2026-06-04T01:51:48.920Z,0,53.66667,0,29,85,26.21345,0,1,0,1,101
2218,2026-06-04T01:53:48.915Z,0,53.66667,0,29,85,26.21345,0,1,0,1,101
2219,2026-06-04T01:55:48.910Z,0,53.66667,0,29,85,26.21345,0,1,0,1,101
2220,2026-06-04T01:57:48.905Z,0,53.66667,0,29,85,26.21345,0,1,0,1,101
2221,2026-06-04T01:59:48.900Z,0,51.53333,0,29,84.2,26.0531,0,1,0,1,101
2222,2026-06-04T02:01:48.895Z,0,51.53333,0,29,84.2,26.0531,0,1,0,1,101
2223,2026-06-04T02:03:48.890Z,0,51.53333,0,29,84.2,26.0531,0,1,0,1,101
2224,2026-06-04T02:05:48.885Z,0,51.53333,0,29,84.2,26.0531,0,1,0,1,101
2225,2026-06-04T02:07:48.880Z,0,51.53333,0,29,84.2,26.0531,0,1,0,1,101
2226,2026-06-04T02:09:48.875Z,0,51.53333,0,29,84.2,26.0531,0,1,0,1,101
2227,2026-06-04T02:11:48.870Z,0,51.53333,0,29,84.2,26.0531,0,1,0,1,101
2228,2026-06-04T02:13:48.865Z,0,51.53333,0,29,84.2,26.0531,0,1,0,1,101
2229,2026-06-04T02:15:48.860Z,0,51.53333,0,29,84.2,26.0531,0,1,0,1,101
2230,2026-06-04T02:17:48.855Z,0,51.53333,0,29,84.2,26.0531,0,1,0,1,101
2231,2026-06-04T02:19:48.850Z,0,51.53333,0,29,84.2,26.0531,0,1,0,1,101
2232,2026-06-04T02:21:48.845Z,0,54.93333,0,28.9,83.7,25.85448,0,1,0,1,101
2233,2026-06-04T02:23:48.840Z,0,54.93333,0,28.9,83.7,25.85448,0,1,0,1,101
2234,2026-06-04T02:25:48.835Z,0,54.93333,0,28.9,83.7,25.85448,0,1,0,1,101
2235,2026-06-04T02:27:48.830Z,0,54.93333,0,28.9,83.7,25.85448,0,1,0,1,101
2236,2026-06-04T02:29:48.825Z,0,54.93333,0,28.9,83.7,25.85448,0,1,0,1,101
2237,2026-06-04T02:31:48.820Z,0,54.93333,0,28.9,83.7,25.85448,0,1,0,1,101
2238,2026-06-04T02:33:48.815Z,0,54.93333,0,28.9,83.7,25.85448,0,1,0,1,101
2239,2026-06-04T02:35:48.810Z,0,54.93333,0,28.9,83.7,25.85448,0,1,0,1,101
2240,2026-06-04T02:37:48.805Z,0,54.93333,0,28.9,83.7,25.85448,0,1,0,1,101
2241,2026-06-04T02:39:48.800Z,0,54.93333,0,28.9,83.7,25.85448,0,1,0,1,101
2242,2026-06-04T02:41:48.795Z,0,54.93333,0,28.9,83.7,25.85448,0,1,0,1,101
2243,2026-06-04T02:43:48.790Z,0,51.33333,0,28.9,83.4,25.79374,0,1,0,1,101
2244,2026-06-04T02:45:48.785Z,0,51.33333,0,28.9,83.4,25.79374,0,1,0,1,101
2245,2026-06-04T02:47:48.780Z,0,51.33333,0,28.9,83.4,25.79374,0,1,0,1,101
2246,2026-06-04T02:49:48.775Z,0,51.33333,0,28.9,83.4,25.79374,0,1,0,1,101
2247,2026-06-04T02:51:48.770Z,0,51.33333,0,28.9,83.4,25.79374,0,1,0,1,101
2248,2026-06-04T02:53:48.765Z,0,51.33333,0,28.9,83.4,25.79374,0,1,0,1,101
2249,2026-06-04T02:55:48.760Z,0,51.33333,0,28.9,83.4,25.79374,0,1,0,1,101
2250,2026-06-04T02:57:48.755Z,0,51.33333,0,28.9,83.4,25.79374,0,1,0,1,101
2251,2026-06-04T02:59:48.750Z,0,51.33333,0,28.9,83.4,25.79374,0,1,0,1,101
2252,2026-06-04T03:01:48.745Z,0,51.33333,0,28.9,83.4,25.79374,0,1,0,1,101
2253,2026-06-04T03:03:48.740Z,0,51.33333,0,28.9,83.4,25.79374,0,1,0,1,101
2254,2026-06-04T03:05:48.735Z,0,51.26667,0,28.9,83.4,25.79374,0,1,0,1,101
2255,2026-06-04T03:07:48.730Z,0,51.26667,0,28.9,83.4,25.79374,0,1,0,1,101
2256,2026-06-04T03:09:48.725Z,0,51.26667,0,28.9,83.4,25.79374,0,1,0,1,101
2257,2026-06-04T03:11:48.720Z,0,51.26667,0,28.9,83.4,25.79374,0,1,0,1,101
2258,2026-06-04T03:13:48.715Z,0,51.26667,0,28.9,83.4,25.79374,0,1,0,1,101
2259,2026-06-04T03:15:48.710Z,0,51.26667,0,28.9,83.4,25.79374,0,1,0,1,101
2260,2026-06-04T03:17:48.705Z,0,51.26667,0,28.9,83.4,25.79374,0,1,0,1,101
2261,2026-06-04T03:19:48.700Z,0,51.26667,0,28.9,83.4,25.79374,0,1,0,1,101
2262,2026-06-04T03:21:48.695Z,0,51.26667,0,28.9,83.4,25.79374,0,1,0,1,101
2263,2026-06-04T03:23:48.690Z,0,51.26667,0,28.9,83.4,25.79374,0,1,0,1,101
2264,2026-06-04T03:25:48.685Z,0,51.26667,0,28.9,83.4,25.79374,0,1,0,1,101
2265,2026-06-04T03:27:48.680Z,0,51.8,0,28.8,83.4,25.69605,0,1,0,1,101
2266,2026-06-04T03:29:48.675Z,0,51.8,0,28.8,83.4,25.69605,0,1,0,1,101
2267,2026-06-04T03:31:48.670Z,0,51.8,0,28.8,83.4,25.69605,0,1,0,1,101
2268,2026-06-04T03:33:48.665Z,0,51.8,0,28.8,83.4,25.69605,0,1,0,1,101
2269,2026-06-04T03:35:48.660Z,0,51.8,0,28.8,83.4,25.69605,0,1,0,1,101
2270,2026-06-04T03:37:48.655Z,0,51.8,0,28.8,83.4,25.69605,0,1,0,1,101
2271,2026-06-04T03:39:48.650Z,0,51.8,0,28.8,83.4,25.69605,0,1,0,1,101
2272,2026-06-04T03:41:48.645Z,0,51.8,0,28.8,83.4,25.69605,0,1,0,1,101
2273,2026-06-04T03:43:48.640Z,0,51.8,0,28.8,83.4,25.69605,0,1,0,1,101
2274,2026-06-04T03:45:48.635Z,0,51.8,0,28.8,83.4,25.69605,0,1,0,1,101
2275,2026-06-04T03:47:48.630Z,0,51.8,0,28.8,83.4,25.69605,0,1,0,1,101
2276,2026-06-04T03:49:48.625Z,0,52.46667,0,28.8,83.6,25.73654,0,1,0,1,101
2277,2026-06-04T03:51:48.620Z,0,52.46667,0,28.8,83.6,25.73654,0,1,0,1,101
2278,2026-06-04T03:53:48.615Z,0,52.46667,0,28.8,83.6,25.73654,0,1,0,1,101
2279,2026-06-04T03:55:48.610Z,0,52.46667,0,28.8,83.6,25.73654,0,1,0,1,101
2280,2026-06-04T03:57:48.605Z,0,52.46667,0,28.8,83.6,25.73654,0,1,0,1,101
2281,2026-06-04T03:59:48.600Z,0,52.46667,0,28.8,83.6,25.73654,0,1,0,1,101
2282,2026-06-04T04:01:48.595Z,0,52.46667,0,28.8,83.6,25.73654,0,1,0,1,101
2283,2026-06-04T04:03:48.590Z,0,52.46667,0,28.8,83.6,25.73654,0,1,0,1,101
2284,2026-06-04T04:05:48.585Z,0,52.46667,0,28.8,83.6,25.73654,0,1,0,1,101
2285,2026-06-04T04:07:48.580Z,0,52.46667,0,28.8,83.6,25.73654,0,1,0,1,101
2286,2026-06-04T04:09:48.575Z,0,52.46667,0,28.8,83.6,25.73654,0,1,0,1,101
2287,2026-06-04T04:11:48.570Z,0,51.8,0,28.8,83.6,25.73654,0,1,0,1,101
2288,2026-06-04T04:13:48.565Z,0,51.8,0,28.8,83.6,25.73654,0,1,0,1,101
2289,2026-06-04T04:15:48.560Z,0,51.8,0,28.8,83.6,25.73654,0,1,0,1,101
2290,2026-06-04T04:17:48.555Z,0,51.8,0,28.8,83.6,25.73654,0,1,0,1,101
2291,2026-06-04T04:19:48.550Z,0,51.8,0,28.8,83.6,25.73654,0,1,0,1,101
2292,2026-06-04T04:21:48.545Z,0,51.8,0,28.8,83.6,25.73654,0,1,0,1,101
2293,2026-06-04T04:23:48.540Z,0,51.8,0,28.8,83.6,25.73654,0,1,0,1,101
2294,2026-06-04T04:25:48.535Z,0,51.8,0,28.8,83.6,25.73654,0,1,0,1,101
2295,2026-06-04T04:27:48.530Z,0,51.8,0,28.8,83.6,25.73654,0,1,0,1,101
2296,2026-06-04T04:29:48.525Z,0,51.8,0,28.8,83.6,25.73654,0,1,0,1,101
2297,2026-06-04T04:31:48.520Z,0,51.8,0,28.8,83.6,25.73654,0,1,0,1,101
2298,2026-06-04T04:33:48.515Z,0,52.8,0,28.9,84.2,25.9553,0,1,0,1,101
2299,2026-06-04T04:35:48.510Z,0,52.8,0,28.9,84.2,25.9553,0,1,0,1,101
2300,2026-06-04T04:37:48.505Z,0,52.8,0,28.9,84.2,25.9553,0,1,0,1,101
2301,2026-06-04T04:39:48.500Z,0,52.8,0,28.9,84.2,25.9553,0,1,0,1,101
2302,2026-06-04T04:41:48.495Z,0,52.8,0,28.9,84.2,25.9553,0,1,0,1,101
2303,2026-06-04T04:43:48.490Z,0,52.8,0,28.9,84.2,25.9553,0,1,0,1,101
2304,2026-06-04T04:45:48.485Z,0,52.8,0,28.9,84.2,25.9553,0,1,0,1,101
2305,2026-06-04T04:47:48.480Z,0,52.8,0,28.9,84.2,25.9553,0,1,0,1,101
2306,2026-06-04T04:49:48.475Z,0,52.8,0,28.9,84.2,25.9553,0,1,0,1,101
2307,2026-06-04T04:51:48.470Z,0,52.8,0,28.9,84.2,25.9553,0,1,0,1,101
2308,2026-06-04T04:53:48.465Z,0,52.8,0,28.9,84.2,25.9553,0,1,0,1,101
2309,2026-06-04T04:55:48.460Z,0,52,0,28.9,85.2,26.15537,0,1,0,1,101
2310,2026-06-04T04:57:48.455Z,0,52,0,28.9,85.2,26.15537,0,1,0,1,101
2311,2026-06-04T04:59:48.450Z,0,52,0,28.9,85.2,26.15537,0,1,0,1,101
2312,2026-06-04T05:01:48.445Z,0,52,0,28.9,85.2,26.15537,0,1,0,1,101
2313,2026-06-04T05:03:48.440Z,0,52,0,28.9,85.2,26.15537,0,1,0,1,101
2314,2026-06-04T05:05:48.435Z,0,52,0,28.9,85.2,26.15537,0,1,0,1,101
2315,2026-06-04T05:07:48.430Z,0,52,0,28.9,85.2,26.15537,0,1,0,1,101
2316,2026-06-04T05:09:48.425Z,0,52,0,28.9,85.2,26.15537,0,1,0,1,101
2317,2026-06-04T05:11:48.420Z,0,52,0,28.9,85.2,26.15537,0,1,0,1,101
2318,2026-06-04T05:13:48.415Z,0,52,0,28.9,85.2,26.15537,0,1,0,1,101
2319,2026-06-04T05:15:48.410Z,0,52,0,28.9,85.2,26.15537,0,1,0,1,101
2320,2026-06-04T05:17:48.405Z,0,53.66667,0,28.9,85.8,26.27444,0,1,0,1,101
2321,2026-06-04T05:19:48.400Z,0,53.66667,0,28.9,85.8,26.27444,0,1,0,1,101
2322,2026-06-04T05:21:48.395Z,0,53.66667,0,28.9,85.8,26.27444,0,1,0,1,101
2323,2026-06-04T05:23:48.390Z,0,53.66667,0,28.9,85.8,26.27444,0,1,0,1,101
2324,2026-06-04T05:25:48.385Z,0,53.66667,0,28.9,85.8,26.27444,0,1,0,1,101
2325,2026-06-04T05:27:48.380Z,0,53.66667,0,28.9,85.8,26.27444,0,1,0,1,101
2326,2026-06-04T05:29:48.375Z,0,53.66667,0,28.9,85.8,26.27444,0,1,0,1,101
2327,2026-06-04T05:31:48.370Z,0,53.66667,0,28.9,85.8,26.27444,0,1,0,1,101
2328,2026-06-04T05:33:48.365Z,0,53.66667,0,28.9,85.8,26.27444,0,1,0,1,101
2329,2026-06-04T05:35:48.360Z,0,53.66667,0,28.9,85.8,26.27444,0,1,0,1,101
2330,2026-06-04T05:37:48.355Z,0,53.66667,0,28.9,85.8,26.27444,0,1,0,1,101
2331,2026-06-04T05:39:48.350Z,0,51.46667,0,28.9,86.1,26.3337,0,1,0,1,101
2332,2026-06-04T05:41:48.345Z,0,51.46667,0,28.9,86.1,26.3337,0,1,0,1,101
2333,2026-06-04T05:43:48.340Z,0,51.46667,0,28.9,86.1,26.3337,0,1,0,1,101
2334,2026-06-04T05:45:48.335Z,0,51.46667,0,28.9,86.1,26.3337,0,1,0,1,101
2335,2026-06-04T05:47:48.330Z,0,51.46667,0,28.9,86.1,26.3337,0,1,0,1,101
2336,2026-06-04T05:49:48.325Z,0,51.46667,0,28.9,86.1,26.3337,0,1,0,1,101
2337,2026-06-04T05:51:48.320Z,0,51.46667,0,28.9,86.1,26.3337,0,1,0,1,101
2338,2026-06-04T05:53:48.315Z,0,51.46667,0,28.9,86.1,26.3337,0,1,0,1,101
2339,2026-06-04T05:55:48.310Z,0,51.46667,0,28.9,86.1,26.3337,0,1,0,1,101
2340,2026-06-04T05:57:48.305Z,0,51.46667,0,28.9,86.1,26.3337,0,1,0,1,101
2341,2026-06-04T05:59:48.300Z,0,51.46667,0,28.9,86.1,26.3337,0,1,0,1,101
2342,2026-06-04T06:01:48.295Z,0,53.93333,0,28.9,86.5,26.41244,0,1,0,1,101
2343,2026-06-04T06:03:48.290Z,0,53.93333,0,28.9,86.5,26.41244,0,1,0,1,101
2344,2026-06-04T06:05:48.285Z,0,53.93333,0,28.9,86.5,26.41244,0,1,0,1,101
2345,2026-06-04T06:07:48.280Z,0,53.93333,0,28.9,86.5,26.41244,0,1,0,1,101
2346,2026-06-04T06:09:48.275Z,0,53.93333,0,28.9,86.5,26.41244,0,1,0,1,101
2347,2026-06-04T06:11:48.270Z,0,53.93333,0,28.9,86.5,26.41244,0,1,0,1,101
2348,2026-06-04T06:13:48.265Z,0,53.93333,0,28.9,86.5,26.41244,0,1,0,1,101
2349,2026-06-04T06:15:48.260Z,0,53.93333,0,28.9,86.5,26.41244,0,1,0,1,101
2350,2026-06-04T06:17:48.255Z,0,53.93333,0,28.9,86.5,26.41244,0,1,0,1,101
2351,2026-06-04T06:19:48.250Z,0,53.93333,0,28.9,86.5,26.41244,0,1,0,1,101
2352,2026-06-04T06:21:48.245Z,0,53.93333,0,28.9,86.5,26.41244,0,1,0,1,101
2353,2026-06-04T06:23:48.240Z,0,51.46667,0,28.9,86.3,26.37312,0,1,0,1,101
2354,2026-06-04T06:25:48.235Z,0,51.46667,0,28.9,86.3,26.37312,0,1,0,1,101
2355,2026-06-04T06:27:48.230Z,0,51.46667,0,28.9,86.3,26.37312,0,1,0,1,101
2356,2026-06-04T06:29:48.225Z,0,51.46667,0,28.9,86.3,26.37312,0,1,0,1,101
2357,2026-06-04T06:31:48.220Z,0,51.46667,0,28.9,86.3,26.37312,0,1,0,1,101
2358,2026-06-04T06:33:48.215Z,0,51.46667,0,28.9,86.3,26.37312,0,1,0,1,101
2359,2026-06-04T06:35:48.210Z,0,51.46667,0,28.9,86.3,26.37312,0,1,0,1,101
2360,2026-06-04T06:37:48.205Z,0,51.46667,0,28.9,86.3,26.37312,0,1,0,1,101
2361,2026-06-04T06:39:48.200Z,0,51.46667,0,28.9,86.3,26.37312,0,1,0,1,101
2362,2026-06-04T06:41:48.195Z,0,51.46667,0,28.9,86.3,26.37312,0,1,0,1,101
2363,2026-06-04T06:43:48.190Z,0,51.46667,0,28.9,86.3,26.37312,0,1,0,1,101
2364,2026-06-04T06:45:48.185Z,0,53.6,0,29,86.4,26.49092,0,1,0,1,101
2365,2026-06-04T06:47:48.180Z,0,53.6,0,29,86.4,26.49092,0,1,0,1,101
2366,2026-06-04T06:49:48.175Z,0,53.6,0,29,86.4,26.49092,0,1,0,1,101
2367,2026-06-04T06:51:48.170Z,0,53.6,0,29,86.4,26.49092,0,1,0,1,101
2368,2026-06-04T06:53:48.165Z,0,53.6,0,29,86.4,26.49092,0,1,0,1,101
2369,2026-06-04T06:55:48.160Z,0,53.6,0,29,86.4,26.49092,0,1,0,1,101
2370,2026-06-04T06:57:48.155Z,0,53.6,0,29,86.4,26.49092,0,1,0,1,101
2371,2026-06-04T06:59:48.150Z,0,53.6,0,29,86.4,26.49092,0,1,0,1,101
2372,2026-06-04T07:01:48.145Z,0,53.6,0,29,86.4,26.49092,0,1,0,1,101
2373,2026-06-04T07:03:48.140Z,0,53.6,0,29,86.4,26.49092,0,1,0,1,101
2374,2026-06-04T07:05:48.135Z,0,53.6,0,29,86.4,26.49092,0,1,0,1,101
2375,2026-06-04T07:07:48.130Z,0,51.6,0,29,86.8,26.56947,0,1,0,1,101
2376,2026-06-04T07:09:48.125Z,0,51.6,0,29,86.8,26.56947,0,1,0,1,101
2377,2026-06-04T07:11:48.120Z,0,51.6,0,29,86.8,26.56947,0,1,0,1,101
2378,2026-06-04T07:13:48.115Z,0,51.6,0,29,86.8,26.56947,0,1,0,1,101
2379,2026-06-04T07:15:48.110Z,0,51.6,0,29,86.8,26.56947,0,1,0,1,101
2380,2026-06-04T07:17:48.105Z,0,51.6,0,29,86.8,26.56947,0,1,0,1,101
2381,2026-06-04T07:19:48.100Z,0,51.6,0,29,86.8,26.56947,0,1,0,1,101
2382,2026-06-04T07:21:48.095Z,0,51.6,0,29,86.8,26.56947,0,1,0,1,101
2383,2026-06-04T07:23:48.090Z,0,51.6,0,29,86.8,26.56947,0,1,0,1,101
2384,2026-06-04T07:25:48.085Z,0,51.6,0,29,86.8,26.56947,0,1,0,1,101
2385,2026-06-04T07:27:48.080Z,0,51.6,0,29,86.8,26.56947,0,1,0,1,101
2386,2026-06-04T07:29:48.075Z,0,54,0,29,87.1,26.62818,0,1,0,1,101
2387,2026-06-04T07:31:48.070Z,0,54,0,29,87.1,26.62818,0,1,0,1,101
2388,2026-06-04T07:33:48.065Z,0,54,0,29,87.1,26.62818,0,1,0,1,101
2389,2026-06-04T07:35:48.060Z,0,54,0,29,87.1,26.62818,0,1,0,1,101
2390,2026-06-04T07:37:48.055Z,0,54,0,29,87.1,26.62818,0,1,0,1,101
2391,2026-06-04T07:39:48.050Z,0,54,0,29,87.1,26.62818,0,1,0,1,101
2392,2026-06-04T07:41:48.045Z,0,54,0,29,87.1,26.62818,0,1,0,1,101
2393,2026-06-04T07:43:48.040Z,0,54,0,29,87.1,26.62818,0,1,0,1,101
2394,2026-06-04T07:45:48.035Z,0,54,0,29,87.1,26.62818,0,1,0,1,101
2395,2026-06-04T07:47:48.030Z,0,54,0,29,87.1,26.62818,0,1,0,1,101
2396,2026-06-04T07:49:48.025Z,0,54,0,29,87.1,26.62818,0,1,0,1,101
2397,2026-06-04T07:51:48.020Z,0,54.93333,0,29,87,26.60863,0,1,0,1,101
2398,2026-06-04T07:53:48.015Z,0,54.93333,0,29,87,26.60863,0,1,0,1,101
2399,2026-06-04T07:55:48.010Z,0,54.93333,0,29,87,26.60863,0,1,0,1,101
2400,2026-06-04T07:57:48.005Z,0,54.93333,0,29,87,26.60863,0,1,0,1,101
2401,2026-06-04T07:59:48.000Z,0,54.93333,0,29,87,26.60863,0,1,0,1,101
2402,2026-06-04T08:01:47.995Z,0,54.93333,0,29,87,26.60863,0,1,0,1,101
2403,2026-06-04T08:03:47.990Z,0,54.93333,0,29,87,26.60863,0,1,0,1,101
2404,2026-06-04T08:05:47.985Z,0,54.93333,0,29,87,26.60863,0,1,0,1,101
2405,2026-06-04T08:07:47.980Z,0,54.93333,0,29,87,26.60863,0,1,0,1,101
2406,2026-06-04T08:09:47.975Z,0,54.93333,0,29,87,26.60863,0,1,0,1,101
2407,2026-06-04T08:11:47.970Z,0,54.93333,0,29,87,26.60863,0,1,0,1,101
2408,2026-06-04T08:13:47.965Z,0,54.06667,0,29,86.2,26.45152,0,1,0,1,101
2409,2026-06-04T08:15:47.960Z,0,54.06667,0,29,86.2,26.45152,0,1,0,1,101
2410,2026-06-04T08:17:47.955Z,0,54.06667,0,29,86.2,26.45152,0,1,0,1,101
2411,2026-06-04T08:19:47.950Z,0,54.06667,0,29,86.2,26.45152,0,1,0,1,101
2412,2026-06-04T08:21:47.945Z,0,54.06667,0,29,86.2,26.45152,0,1,0,1,101
2413,2026-06-04T08:23:47.940Z,0,54.06667,0,29,86.2,26.45152,0,1,0,1,101
2414,2026-06-04T08:25:47.935Z,0,54.06667,0,29,86.2,26.45152,0,1,0,1,101
2415,2026-06-04T08:27:47.930Z,0,54.06667,0,29,86.2,26.45152,0,1,0,1,101
2416,2026-06-04T08:29:47.925Z,0,54.06667,0,29,86.2,26.45152,0,1,0,1,101
2417,2026-06-04T08:31:47.920Z,0,54.06667,0,29,86.2,26.45152,0,1,0,1,101
2418,2026-06-04T08:33:47.915Z,0,54.06667,0,29,86.2,26.45152,0,1,0,1,101
2419,2026-06-04T08:35:47.910Z,0,53.6,0,29,85.6,26.33285,0,1,0,1,101
2420,2026-06-04T08:37:47.905Z,0,53.6,0,29,85.6,26.33285,0,1,0,1,101
2421,2026-06-04T08:39:47.900Z,0,53.6,0,29,85.6,26.33285,0,1,0,1,101
2422,2026-06-04T08:41:47.895Z,0,53.6,0,29,85.6,26.33285,0,1,0,1,101
2423,2026-06-04T08:43:47.890Z,0,53.6,0,29,85.6,26.33285,0,1,0,1,101
2424,2026-06-04T08:45:47.885Z,0,53.6,0,29,85.6,26.33285,0,1,0,1,101
2425,2026-06-04T08:47:47.880Z,0,53.6,0,29,85.6,26.33285,0,1,0,1,101
2426,2026-06-04T08:49:47.875Z,0,53.6,0,29,85.6,26.33285,0,1,0,1,101
2427,2026-06-04T08:51:47.870Z,0,53.6,0,29,85.6,26.33285,0,1,0,1,101
2428,2026-06-04T08:53:47.865Z,0,53.6,0,29,85.6,26.33285,0,1,0,1,101
2429,2026-06-04T08:55:47.860Z,0,53.6,0,29,85.6,26.33285,0,1,0,1,101
2430,2026-06-04T08:57:47.855Z,0,55.13334,0,28.9,85.1,26.13546,0,1,0,1,101
2431,2026-06-04T08:59:47.850Z,0,55.13334,0,28.9,85.1,26.13546,0,1,0,1,101
2432,2026-06-04T09:01:47.845Z,0,55.13334,0,28.9,85.1,26.13546,0,1,0,1,101
2433,2026-06-04T09:03:47.840Z,0,55.13334,0,28.9,85.1,26.13546,0,1,0,1,101
2434,2026-06-04T09:05:47.835Z,0,55.13334,0,28.9,85.1,26.13546,0,1,0,1,101
2435,2026-06-04T09:07:47.830Z,0,55.13334,0,28.9,85.1,26.13546,0,1,0,1,101
2436,2026-06-04T09:09:47.825Z,0,55.13334,0,28.9,85.1,26.13546,0,1,0,1,101
2437,2026-06-04T09:11:47.820Z,0,55.13334,0,28.9,85.1,26.13546,0,1,0,1,101
2438,2026-06-04T09:13:47.815Z,0,55.13334,0,28.9,85.1,26.13546,0,1,0,1,101
2439,2026-06-04T09:15:47.810Z,0,55.13334,0,28.9,85.1,26.13546,0,1,0,1,101
2440,2026-06-04T09:17:47.805Z,0,55.13334,0,28.9,85.1,26.13546,0,1,0,1,101
2441,2026-06-04T09:19:47.800Z,0,52,0,28.9,85.2,26.15537,0,1,0,1,101
2442,2026-06-04T09:21:47.795Z,0,52,0,28.9,85.2,26.15537,0,1,0,1,101
2443,2026-06-04T09:23:47.790Z,0,52,0,28.9,85.2,26.15537,0,1,0,1,101
2444,2026-06-04T09:25:47.785Z,0,52,0,28.9,85.2,26.15537,0,1,0,1,101
2445,2026-06-04T09:27:47.780Z,0,52,0,28.9,85.2,26.15537,0,1,0,1,101
2446,2026-06-04T09:29:47.775Z,0,52,0,28.9,85.2,26.15537,0,1,0,1,101
2447,2026-06-04T09:31:47.770Z,0,52,0,28.9,85.2,26.15537,0,1,0,1,101
2448,2026-06-04T09:33:47.765Z,0,52,0,28.9,85.2,26.15537,0,1,0,1,101
2449,2026-06-04T09:35:47.760Z,0,52,0,28.9,85.2,26.15537,0,1,0,1,101
2450,2026-06-04T09:37:47.755Z,0,52,0,28.9,85.2,26.15537,0,1,0,1,101
2451,2026-06-04T09:39:47.750Z,0,49.66667,0,28.9,84.9,26.09557,0,1,1,1,111
2452,2026-06-04T09:41:47.745Z,0,49.66667,0,28.9,84.9,26.09557,0,1,1,1,111
2453,2026-06-04T09:43:47.740Z,0,49.66667,0,28.9,84.9,26.09557,0,1,1,1,111
2454,2026-06-04T09:45:47.735Z,0,49.66667,0,28.9,84.9,26.09557,0,1,1,1,111
2455,2026-06-04T09:47:47.730Z,0,49.66667,0,28.9,84.9,26.09557,0,1,1,1,111
2456,2026-06-04T09:49:47.725Z,0,49.66667,0,28.9,84.9,26.09557,0,1,1,1,111
2457,2026-06-04T09:51:47.720Z,0,49.66667,0,28.9,84.9,26.09557,0,1,1,1,111
2458,2026-06-04T09:53:47.715Z,0,49.66667,0,28.9,84.9,26.09557,0,1,1,1,111
2459,2026-06-04T09:55:47.710Z,0,49.66667,0,28.9,84.9,26.09557,0,1,1,1,111
2460,2026-06-04T09:57:47.705Z,0,49.66667,0,28.9,84.9,26.09557,0,1,1,1,111
2461,2026-06-04T09:59:47.700Z,0,49.66667,0,28.9,84.9,26.09557,0,1,1,1,111
2462,2026-06-04T10:01:47.695Z,0,51.6,0,28.9,84.3,25.9754,0,1,0,1,101
2463,2026-06-04T10:03:47.690Z,0,51.6,0,28.9,84.3,25.9754,0,1,0,1,101
2464,2026-06-04T10:05:47.685Z,0,51.6,0,28.9,84.3,25.9754,0,1,0,1,101
2465,2026-06-04T10:07:47.680Z,0,51.6,0,28.9,84.3,25.9754,0,1,0,1,101
2466,2026-06-04T10:09:47.675Z,0,51.6,0,28.9,84.3,25.9754,0,1,0,1,101
2467,2026-06-04T10:11:47.670Z,0,51.6,0,28.9,84.3,25.9754,0,1,0,1,101
2468,2026-06-04T10:13:47.665Z,0,51.6,0,28.9,84.3,25.9754,0,1,0,1,101
2469,2026-06-04T10:15:47.660Z,0,51.6,0,28.9,84.3,25.9754,0,1,0,1,101
2470,2026-06-04T10:17:47.655Z,0,51.6,0,28.9,84.3,25.9754,0,1,0,1,101
2471,2026-06-04T10:19:47.650Z,0,51.6,0,28.9,84.3,25.9754,0,1,0,1,101
2472,2026-06-04T10:21:47.645Z,0,51.6,0,28.9,84.3,25.9754,0,1,0,1,101
2473,2026-06-04T10:23:47.640Z,0,52.13334,0,28.8,84.2,25.8575,0,1,0,1,101
2474,2026-06-04T10:25:47.635Z,0,52.13334,0,28.8,84.2,25.8575,0,1,0,1,101
2475,2026-06-04T10:27:47.630Z,0,52.13334,0,28.8,84.2,25.8575,0,1,0,1,101
2476,2026-06-04T10:29:47.625Z,0,52.13334,0,28.8,84.2,25.8575,0,1,0,1,101
2477,2026-06-04T10:31:47.620Z,0,52.13334,0,28.8,84.2,25.8575,0,1,0,1,101
2478,2026-06-04T10:33:47.615Z,0,52.13334,0,28.8,84.2,25.8575,0,1,0,1,101
2479,2026-06-04T10:35:47.610Z,0,52.13334,0,28.8,84.2,25.8575,0,1,0,1,101
2480,2026-06-04T10:37:47.605Z,0,52.13334,0,28.8,84.2,25.8575,0,1,0,1,101
2481,2026-06-04T10:39:47.600Z,0,52.13334,0,28.8,84.2,25.8575,0,1,0,1,101
2482,2026-06-04T10:41:47.595Z,0,52.13334,0,28.8,84.2,25.8575,0,1,0,1,101
2483,2026-06-04T10:43:47.590Z,0,52.13334,0,28.8,84.2,25.8575,0,1,0,1,101
2484,2026-06-04T10:45:47.585Z,0,51.8,0,28.8,83.8,25.77694,0,1,0,1,101
2485,2026-06-04T10:47:47.580Z,0,51.8,0,28.8,83.8,25.77694,0,1,0,1,101
2486,2026-06-04T10:49:47.575Z,0,51.8,0,28.8,83.8,25.77694,0,1,0,1,101
2487,2026-06-04T10:51:47.570Z,0,51.8,0,28.8,83.8,25.77694,0,1,0,1,101
2488,2026-06-04T10:53:47.565Z,0,51.8,0,28.8,83.8,25.77694,0,1,0,1,101
2489,2026-06-04T10:55:47.560Z,0,51.8,0,28.8,83.8,25.77694,0,1,0,1,101
2490,2026-06-04T10:57:47.555Z,0,51.8,0,28.8,83.8,25.77694,0,1,0,1,101
2491,2026-06-04T10:59:47.550Z,0,51.8,0,28.8,83.8,25.77694,0,1,0,1,101
2492,2026-06-04T11:01:47.545Z,0,51.8,0,28.8,83.8,25.77694,0,1,0,1,101
2493,2026-06-04T11:03:47.540Z,0,51.8,0,28.8,83.8,25.77694,0,1,0,1,101
2494,2026-06-04T11:05:47.535Z,0,51.8,0,28.8,83.8,25.77694,0,1,0,1,101
2495,2026-06-04T11:07:47.530Z,0,55.6,0,28.8,83.9,25.79711,0,1,0,1,101
2496,2026-06-04T11:09:47.525Z,0,55.6,0,28.8,83.9,25.79711,0,1,0,1,101
2497,2026-06-04T11:11:47.520Z,0,55.6,0,28.8,83.9,25.79711,0,1,0,1,101
2498,2026-06-04T11:13:47.515Z,0,55.6,0,28.8,83.9,25.79711,0,1,0,1,101
2499,2026-06-04T11:15:47.510Z,0,55.6,0,28.8,83.9,25.79711,0,1,0,1,101
2500,2026-06-04T11:17:47.505Z,0,55.6,0,28.8,83.9,25.79711,0,1,0,1,101
2501,2026-06-04T11:19:47.500Z,0,55.6,0,28.8,83.9,25.79711,0,1,0,1,101
2502,2026-06-04T11:21:47.495Z,0,55.6,0,28.8,83.9,25.79711,0,1,0,1,101
2503,2026-06-04T11:23:47.490Z,0,55.6,0,28.8,83.9,25.79711,0,1,0,1,101
2504,2026-06-04T11:25:47.485Z,0,55.6,0,28.8,83.9,25.79711,0,1,0,1,101
2505,2026-06-04T11:27:47.480Z,0,55.6,0,28.8,83.9,25.79711,0,1,0,1,101
2506,2026-06-04T11:29:47.475Z,0,51.53333,0,28.9,84.3,25.9754,0,1,0,1,101
2507,2026-06-04T11:31:47.470Z,0,51.53333,0,28.9,84.3,25.9754,0,1,0,1,101
2508,2026-06-04T11:33:47.465Z,0,51.53333,0,28.9,84.3,25.9754,0,1,0,1,101
2509,2026-06-04T11:35:47.460Z,0,51.53333,0,28.9,84.3,25.9754,0,1,0,1,101
2510,2026-06-04T11:37:47.455Z,0,51.53333,0,28.9,84.3,25.9754,0,1,0,1,101
2511,2026-06-04T11:39:47.450Z,0,51.53333,0,28.9,84.3,25.9754,0,1,0,1,101
2512,2026-06-04T11:41:47.445Z,0,51.53333,0,28.9,84.3,25.9754,0,1,0,1,101
2513,2026-06-04T11:43:47.440Z,0,51.53333,0,28.9,84.3,25.9754,0,1,0,1,101
2514,2026-06-04T11:45:47.435Z,0,51.53333,0,28.9,84.3,25.9754,0,1,0,1,101
2515,2026-06-04T11:47:47.430Z,0,51.53333,0,28.9,84.3,25.9754,0,1,0,1,101
2516,2026-06-04T11:49:47.425Z,0,51.53333,0,28.9,84.3,25.9754,0,1,0,1,101
2517,2026-06-04T11:51:47.420Z,0,54.26667,0,28.9,84.6,26.03557,0,1,0,1,101
2518,2026-06-04T11:53:47.415Z,0,54.26667,0,28.9,84.6,26.03557,0,1,0,1,101
2519,2026-06-04T11:55:47.410Z,0,54.26667,0,28.9,84.6,26.03557,0,1,0,1,101
2520,2026-06-04T11:57:47.405Z,0,54.26667,0,28.9,84.6,26.03557,0,1,0,1,101
2521,2026-06-04T11:59:47.400Z,0,54.26667,0,28.9,84.6,26.03557,0,1,0,1,101
2522,2026-06-04T12:01:47.395Z,0,54.26667,0,28.9,84.6,26.03557,0,1,0,1,101
2523,2026-06-04T12:03:47.390Z,0,54.26667,0,28.9,84.6,26.03557,0,1,0,1,101
2524,2026-06-04T12:05:47.385Z,0,54.26667,0,28.9,84.6,26.03557,0,1,0,1,101
2525,2026-06-04T12:07:47.380Z,0,54.26667,0,28.9,84.6,26.03557,0,1,0,1,101
2526,2026-06-04T12:09:47.375Z,0,54.26667,0,28.9,84.6,26.03557,0,1,0,1,101
2527,2026-06-04T12:11:47.370Z,0,54.26667,0,28.9,84.6,26.03557,0,1,0,1,101
2528,2026-06-04T12:13:47.365Z,0,52.86666,0,28.9,85.2,26.15537,0,1,0,1,101
2529,2026-06-04T12:15:47.360Z,0,52.86666,0,28.9,85.2,26.15537,0,1,0,1,101
2530,2026-06-04T12:17:47.355Z,0,52.86666,0,28.9,85.2,26.15537,0,1,0,1,101
2531,2026-06-04T12:19:47.350Z,0,52.86666,0,28.9,85.2,26.15537,0,1,0,1,101
2532,2026-06-04T12:21:47.345Z,0,52.86666,0,28.9,85.2,26.15537,0,1,0,1,101
2533,2026-06-04T12:23:47.340Z,0,52.86666,0,28.9,85.2,26.15537,0,1,0,1,101
2534,2026-06-04T12:25:47.335Z,0,52.86666,0,28.9,85.2,26.15537,0,1,0,1,101
2535,2026-06-04T12:27:47.330Z,0,52.86666,0,28.9,85.2,26.15537,0,1,0,1,101
2536,2026-06-04T12:29:47.325Z,0,52.86666,0,28.9,85.2,26.15537,0,1,0,1,101
2537,2026-06-04T12:31:47.320Z,0,52.86666,0,28.9,85.2,26.15537,0,1,0,1,101
2538,2026-06-04T12:33:47.315Z,0,52.86666,0,28.9,85.2,26.15537,0,1,0,1,101
2539,2026-06-04T12:35:47.310Z,0,54.33333,0,28.9,85.5,26.215,0,1,0,1,101
2540,2026-06-04T12:37:47.305Z,0,54.33333,0,28.9,85.5,26.215,0,1,0,1,101
2541,2026-06-04T12:39:47.300Z,0,54.33333,0,28.9,85.5,26.215,0,1,0,1,101
2542,2026-06-04T12:41:47.295Z,0,54.33333,0,28.9,85.5,26.215,0,1,0,1,101
2543,2026-06-04T12:43:47.290Z,0,54.33333,0,28.9,85.5,26.215,0,1,0,1,101
2544,2026-06-04T12:45:47.285Z,0,54.33333,0,28.9,85.5,26.215,0,1,0,1,101
2545,2026-06-04T12:47:47.280Z,0,54.33333,0,28.9,85.5,26.215,0,1,0,1,101
2546,2026-06-04T12:49:47.275Z,0,54.33333,0,28.9,85.5,26.215,0,1,0,1,101
2547,2026-06-04T12:51:47.270Z,0,54.33333,0,28.9,85.5,26.215,0,1,0,1,101
2548,2026-06-04T12:53:47.265Z,0,54.33333,0,28.9,85.5,26.215,0,1,0,1,101
2549,2026-06-04T12:55:47.260Z,0,54.33333,0,28.9,85.5,26.215,0,1,0,1,101
2550,2026-06-04T12:57:47.255Z,0,50.13334,0,28.9,85.3,26.17527,0,1,0,1,101
2551,2026-06-04T12:59:47.250Z,0,50.13334,0,28.9,85.3,26.17527,0,1,0,1,101
2552,2026-06-04T13:01:47.245Z,0,50.13334,0,28.9,85.3,26.17527,0,1,0,1,101
2553,2026-06-04T13:03:47.240Z,0,50.13334,0,28.9,85.3,26.17527,0,1,0,1,101
2554,2026-06-04T13:05:47.235Z,0,50.13334,0,28.9,85.3,26.17527,0,1,0,1,101
2555,2026-06-04T13:07:47.230Z,0,50.13334,0,28.9,85.3,26.17527,0,1,0,1,101
2556,2026-06-04T13:09:47.225Z,0,50.13334,0,28.9,85.3,26.17527,0,1,0,1,101
2557,2026-06-04T13:11:47.220Z,0,50.13334,0,28.9,85.3,26.17527,0,1,0,1,101
2558,2026-06-04T13:13:47.215Z,0,50.13334,0,28.9,85.3,26.17527,0,1,0,1,101
2559,2026-06-04T13:15:47.210Z,0,50.13334,0,28.9,85.3,26.17527,0,1,0,1,101
2560,2026-06-04T13:17:47.205Z,0,50.13334,0,28.9,85.3,26.17527,0,1,0,1,101
2561,2026-06-04T13:19:47.200Z,0,52.73333,0,28.9,85.7,26.25465,0,1,0,1,101
2562,2026-06-04T13:21:47.195Z,0,52.73333,0,28.9,85.7,26.25465,0,1,0,1,101
2563,2026-06-04T13:23:47.190Z,0,52.73333,0,28.9,85.7,26.25465,0,1,0,1,101
2564,2026-06-04T13:25:47.185Z,0,52.73333,0,28.9,85.7,26.25465,0,1,0,1,101
2565,2026-06-04T13:27:47.180Z,0,52.73333,0,28.9,85.7,26.25465,0,1,0,1,101
2566,2026-06-04T13:29:47.175Z,0,52.73333,0,28.9,85.7,26.25465,0,1,0,1,101
2567,2026-06-04T13:31:47.170Z,0,52.73333,0,28.9,85.7,26.25465,0,1,0,1,101
2568,2026-06-04T13:33:47.165Z,0,52.73333,0,28.9,85.7,26.25465,0,1,0,1,101
2569,2026-06-04T13:35:47.160Z,0,52.73333,0,28.9,85.7,26.25465,0,1,0,1,101
2570,2026-06-04T13:37:47.155Z,0,52.73333,0,28.9,85.7,26.25465,0,1,0,1,101
2571,2026-06-04T13:39:47.150Z,0,52.73333,0,28.9,85.7,26.25465,0,1,0,1,101
2572,2026-06-04T13:41:47.145Z,0,53.33333,46.6,28.9,85.7,26.25465,0,1,0,1,101
2573,2026-06-04T13:43:47.140Z,0,53.33333,46.6,28.9,85.7,26.25465,0,1,0,1,101
2574,2026-06-04T13:45:47.135Z,0,53.33333,46.6,28.9,85.7,26.25465,0,1,0,1,101
2575,2026-06-04T13:47:47.130Z,0,53.33333,46.6,28.9,85.7,26.25465,0,1,0,1,101
2576,2026-06-04T13:49:47.125Z,0,53.33333,46.6,28.9,85.7,26.25465,0,1,0,1,101
2577,2026-06-04T13:51:47.120Z,0,53.33333,46.6,28.9,85.7,26.25465,0,1,0,1,101
2578,2026-06-04T13:53:47.115Z,0,53.33333,46.6,28.9,85.7,26.25465,0,1,0,1,101
2579,2026-06-04T13:55:47.110Z,0,53.33333,46.6,28.9,85.7,26.25465,0,1,0,1,101
2580,2026-06-04T13:57:47.105Z,0,53.33333,46.6,28.9,85.7,26.25465,0,1,0,1,101
2581,2026-06-04T13:59:47.100Z,0,53.33333,46.6,28.9,85.7,26.25465,0,1,0,1,101
2582,2026-06-04T14:01:47.095Z,0,53.33333,46.6,28.9,85.7,26.25465,0,1,0,1,101
2583,2026-06-04T14:03:47.090Z,0,56.53333,8.133333,28.9,85.8,26.27444,0,1,0,1,101
2584,2026-06-04T14:05:47.085Z,0,56.53333,8.133333,28.9,85.8,26.27444,0,1,0,1,101
2585,2026-06-04T14:07:47.080Z,0,56.53333,8.133333,28.9,85.8,26.27444,0,1,0,1,101
2586,2026-06-04T14:09:47.075Z,0,56.53333,8.133333,28.9,85.8,26.27444,0,1,0,1,101
2587,2026-06-04T14:11:47.070Z,0,56.53333,8.133333,28.9,85.8,26.27444,0,1,0,1,101
2588,2026-06-04T14:13:47.065Z,0,56.53333,8.133333,28.9,85.8,26.27444,0,1,0,1,101
2589,2026-06-04T14:15:47.060Z,0,56.53333,8.133333,28.9,85.8,26.27444,0,1,0,1,101
2590,2026-06-04T14:17:47.055Z,0,56.53333,8.133333,28.9,85.8,26.27444,0,1,0,1,101
2591,2026-06-04T14:19:47.050Z,0,56.53333,8.133333,28.9,85.8,26.27444,0,1,0,1,101
2592,2026-06-04T14:21:47.045Z,0,56.53333,8.133333,28.9,85.8,26.27444,0,1,0,1,101
2593,2026-06-04T14:23:47.040Z,0,56.53333,8.133333,28.9,85.8,26.27444,0,1,0,1,101
2594,2026-06-04T14:25:47.035Z,0,57.86666,1.6,28.9,86.2,26.35342,0,1,0,1,101
2595,2026-06-04T14:27:47.030Z,0,57.93333,0,28.5,85.7,25.86254,0,1,0,1,101
2596,2026-06-04T14:29:47.025Z,0,57.93333,0,28.5,85.7,25.86254,0,1,0,1,101
2597,2026-06-04T14:31:47.020Z,0,57.93333,0,28.5,85.7,25.86254,0,1,0,1,101
2598,2026-06-04T14:33:47.015Z,0,57.93333,0,28.5,85.7,25.86254,0,1,0,1,101
2599,2026-06-04T14:35:47.010Z,0,57.93333,0,28.5,85.7,25.86254,0,1,0,1,101
2600,2026-06-04T14:37:47.005Z,0,57.93333,0,28.5,85.7,25.86254,0,1,0,1,101
2601,2026-06-04T14:39:47.000Z,0,57.93333,0,28.5,85.7,25.86254,0,1,0,1,101
2602,2026-06-04T14:41:46.995Z,0,57.93333,0,28.5,85.7,25.86254,0,1,0,1,101
2603,2026-06-04T14:43:46.990Z,0,57.93333,0,28.5,85.7,25.86254,0,1,0,1,101
2604,2026-06-04T14:45:46.985Z,0,55.2,0,28.6,86.5,26.11802,0,1,0,1,101
2605,2026-06-04T14:47:46.980Z,0,55.2,0,28.6,86.5,26.11802,0,1,0,1,101
2606,2026-06-04T14:49:46.975Z,0,55.2,0,28.6,86.5,26.11802,0,1,0,1,101
2607,2026-06-04T14:51:46.970Z,0,55.2,0,28.6,86.5,26.11802,0,1,0,1,101
2608,2026-06-04T14:53:46.965Z,0,55.2,0,28.6,86.5,26.11802,0,1,0,1,101
2609,2026-06-04T14:55:46.960Z,0,55.2,0,28.6,86.5,26.11802,0,1,0,1,101
2610,2026-06-04T14:57:46.955Z,0,55.2,0,28.6,86.5,26.11802,0,1,0,1,101
2611,2026-06-04T14:59:46.950Z,0,55.2,0,28.6,86.5,26.11802,0,1,0,1,101
2612,2026-06-04T15:01:46.945Z,0,55.2,0,28.6,86.5,26.11802,0,1,0,1,101
2613,2026-06-04T15:03:46.940Z,0,55.2,0,28.6,86.5,26.11802,0,1,0,1,101
2614,2026-06-04T15:05:46.935Z,0,55.2,0,28.6,86.5,26.11802,0,1,0,1,101
2615,2026-06-04T15:07:46.930Z,0,55.2,0,28.6,86.5,26.11802,0,1,0,1,101
2616,2026-06-04T15:09:46.925Z,0,55,0,28.6,86.6,26.13761,0,1,0,1,101
2617,2026-06-04T15:11:46.920Z,0,55,0,28.6,86.6,26.13761,0,1,0,1,101
2618,2026-06-04T15:13:46.915Z,0,55,0,28.6,86.6,26.13761,0,1,0,1,101
2619,2026-06-04T15:15:46.910Z,0,55,0,28.6,86.6,26.13761,0,1,0,1,101
2620,2026-06-04T15:17:46.905Z,0,55,0,28.6,86.6,26.13761,0,1,0,1,101
2621,2026-06-04T15:19:46.900Z,0,55,0,28.6,86.6,26.13761,0,1,0,1,101
2622,2026-06-04T15:21:46.895Z,0,55,0,28.6,86.6,26.13761,0,1,0,1,101
2623,2026-06-04T15:23:46.890Z,0,55,0,28.6,86.6,26.13761,0,1,0,1,101
2624,2026-06-04T15:25:46.885Z,0,55,0,28.6,86.6,26.13761,0,1,0,1,101
2625,2026-06-04T15:27:46.880Z,0,55,0,28.6,86.6,26.13761,0,1,0,1,101
2626,2026-06-04T15:29:46.875Z,0,54.4,0,28.6,87.2,26.25474,0,1,0,1,101
2627,2026-06-04T15:31:46.870Z,0,54.4,0,28.6,87.2,26.25474,0,1,0,1,101
2628,2026-06-04T15:33:46.865Z,0,54.4,0,28.6,87.2,26.25474,0,1,0,1,101
2629,2026-06-04T15:35:46.860Z,0,54.4,0,28.6,87.2,26.25474,0,1,0,1,101
2630,2026-06-04T15:37:46.855Z,0,54.4,0,28.6,87.2,26.25474,0,1,0,1,101
2631,2026-06-04T15:39:46.850Z,0,54.4,0,28.6,87.2,26.25474,0,1,0,1,101
2632,2026-06-04T15:41:46.845Z,0,54.4,0,28.6,87.2,26.25474,0,1,0,1,101
2633,2026-06-04T15:43:46.840Z,0,54.4,0,28.6,87.2,26.25474,0,1,0,1,101
2634,2026-06-04T15:45:46.835Z,0,54.4,0,28.6,87.2,26.25474,0,1,0,1,101
2635,2026-06-04T15:47:46.830Z,0,54.4,0,28.6,87.2,26.25474,0,1,0,1,101
2636,2026-06-04T15:49:46.825Z,0,54.4,0,28.6,87.2,26.25474,0,1,0,1,101
2637,2026-06-04T15:51:46.820Z,0,54.4,0,28.6,87.2,26.25474,0,1,0,1,101
2638,2026-06-04T15:53:46.815Z,0,54.73333,0,28.6,87.3,26.2742,0,1,0,1,101
2639,2026-06-04T15:55:46.810Z,0,54.73333,0,28.6,87.3,26.2742,0,1,0,1,101
2640,2026-06-04T15:57:46.805Z,0,54.73333,0,28.6,87.3,26.2742,0,1,0,1,101
2641,2026-06-04T15:59:46.800Z,0,54.73333,0,28.6,87.3,26.2742,0,1,0,1,101
2642,2026-06-04T16:01:46.795Z,0,54.73333,0,28.6,87.3,26.2742,0,1,0,1,101
2643,2026-06-04T16:03:46.790Z,0,54.73333,0,28.6,87.3,26.2742,0,1,0,1,101
2644,2026-06-04T16:05:46.785Z,0,54.73333,0,28.6,87.3,26.2742,0,1,0,1,101
2645,2026-06-04T16:07:46.780Z,0,54.73333,0,28.6,87.3,26.2742,0,1,0,1,101
2646,2026-06-04T16:09:46.775Z,0,54.73333,0,28.6,87.3,26.2742,0,1,0,1,101
2647,2026-06-04T16:11:46.770Z,0,54.73333,0,28.6,87.3,26.2742,0,1,0,1,101
2648,2026-06-04T16:13:46.765Z,0,54.8,0,28.6,87.3,26.2742,0,1,0,1,101
2649,2026-06-04T16:15:46.760Z,0,54.8,0,28.6,87.3,26.2742,0,1,0,1,101
2650,2026-06-04T16:17:46.755Z,0,54.8,0,28.6,87.3,26.2742,0,1,0,1,101
2651,2026-06-04T16:19:46.750Z,0,54.8,0,28.6,87.3,26.2742,0,1,0,1,101
2652,2026-06-04T16:21:46.745Z,0,54.8,0,28.6,87.3,26.2742,0,1,0,1,101
2653,2026-06-04T16:23:46.740Z,0,54.8,0,28.6,87.3,26.2742,0,1,0,1,101
2654,2026-06-04T16:25:46.735Z,0,54.8,0,28.6,87.3,26.2742,0,1,0,1,101
2655,2026-06-04T16:27:46.730Z,0,54.8,0,28.6,87.3,26.2742,0,1,0,1,101
2656,2026-06-04T16:29:46.725Z,0,54.8,0,28.6,87.3,26.2742,0,1,0,1,101
2657,2026-06-04T16:31:46.720Z,0,54.8,0,28.6,87.3,26.2742,0,1,0,1,101
2658,2026-06-04T16:33:46.715Z,0,54.8,0,28.6,87.3,26.2742,0,1,0,1,101
2659,2026-06-04T16:35:46.710Z,0,56.26667,0,28.6,87.3,26.2742,0,1,0,1,101
2660,2026-06-04T16:37:46.705Z,0,56.26667,0,28.6,87.3,26.2742,0,1,0,1,101
2661,2026-06-04T16:39:46.700Z,0,56.26667,0,28.6,87.3,26.2742,0,1,0,1,101
2662,2026-06-04T16:41:46.695Z,0,56.26667,0,28.6,87.3,26.2742,0,1,0,1,101
2663,2026-06-04T16:43:46.690Z,0,56.26667,0,28.6,87.3,26.2742,0,1,0,1,101
2664,2026-06-04T16:45:46.685Z,0,56.26667,0,28.6,87.3,26.2742,0,1,0,1,101
2665,2026-06-04T16:47:46.680Z,0,56.26667,0,28.6,87.3,26.2742,0,1,0,1,101
2666,2026-06-04T16:49:46.675Z,0,56.26667,0,28.6,87.3,26.2742,0,1,0,1,101
2667,2026-06-04T16:51:46.670Z,0,56.26667,0,28.6,87.3,26.2742,0,1,0,1,101
2668,2026-06-04T16:53:46.665Z,0,56.26667,0,28.6,87.3,26.2742,0,1,0,1,101
2669,2026-06-04T16:55:46.660Z,0,56.26667,0,28.6,87.3,26.2742,0,1,0,1,101
2670,2026-06-04T16:57:46.655Z,0,55.2,0,28.6,86.8,26.17673,0,1,0,1,101
2671,2026-06-04T16:59:46.650Z,0,55.2,0,28.6,86.8,26.17673,0,1,0,1,101
2672,2026-06-04T17:01:46.645Z,0,55.2,0,28.6,86.8,26.17673,0,1,0,1,101
2673,2026-06-04T17:03:46.640Z,0,55.2,0,28.6,86.8,26.17673,0,1,0,1,101
2674,2026-06-04T17:05:46.635Z,0,55.2,0,28.6,86.8,26.17673,0,1,0,1,101
2675,2026-06-04T17:07:46.630Z,0,55.2,0,28.6,86.8,26.17673,0,1,0,1,101
2676,2026-06-04T17:09:46.625Z,0,55.2,0,28.6,86.8,26.17673,0,1,0,1,101
2677,2026-06-04T17:11:46.620Z,0,55.2,0,28.6,86.8,26.17673,0,1,0,1,101
2678,2026-06-04T17:13:46.615Z,0,55.2,0,28.6,86.8,26.17673,0,1,0,1,101
2679,2026-06-04T17:15:46.610Z,0,55.2,0,28.6,86.8,26.17673,0,1,0,1,101
2680,2026-06-04T17:17:46.605Z,0,55.2,0,28.6,86.8,26.17673,0,1,0,1,101
2681,2026-06-04T17:19:46.600Z,0,57.13334,0,28.6,87.1,26.23527,0,1,0,1,101
2682,2026-06-04T17:21:46.595Z,0,57.13334,0,28.6,87.1,26.23527,0,1,0,1,101
2683,2026-06-04T17:23:46.590Z,0,57.13334,0,28.6,87.1,26.23527,0,1,0,1,101
2684,2026-06-04T17:25:46.585Z,0,57.13334,0,28.6,87.1,26.23527,0,1,0,1,101
2685,2026-06-04T17:27:46.580Z,0,57.13334,0,28.6,87.1,26.23527,0,1,0,1,101
2686,2026-06-04T17:29:46.575Z,0,57.13334,0,28.6,87.1,26.23527,0,1,0,1,101
2687,2026-06-04T17:31:46.570Z,0,57.13334,0,28.6,87.1,26.23527,0,1,0,1,101
2688,2026-06-04T17:33:46.565Z,0,57.13334,0,28.6,87.1,26.23527,0,1,0,1,101
2689,2026-06-04T17:35:46.560Z,0,57.13334,0,28.6,87.1,26.23527,0,1,0,1,101
2690,2026-06-04T17:37:46.555Z,0,57.13334,0,28.6,87.1,26.23527,0,1,0,1,101
2691,2026-06-04T17:39:46.550Z,0,57.13334,0,28.6,87.1,26.23527,0,1,0,1,101
2692,2026-06-04T17:41:46.545Z,0,53,0,28.6,87,26.21577,0,1,0,1,101
2693,2026-06-04T17:43:46.540Z,0,53,0,28.6,87,26.21577,0,1,0,1,101
2694,2026-06-04T17:45:46.535Z,0,53,0,28.6,87,26.21577,0,1,0,1,101
2695,2026-06-04T17:47:46.530Z,0,53,0,28.6,87,26.21577,0,1,0,1,101
2696,2026-06-04T17:49:46.525Z,0,53,0,28.6,87,26.21577,0,1,0,1,101
2697,2026-06-04T17:51:46.520Z,0,53,0,28.6,87,26.21577,0,1,0,1,101
2698,2026-06-04T17:53:46.515Z,0,53,0,28.6,87,26.21577,0,1,0,1,101
2699,2026-06-04T17:55:46.510Z,0,53,0,28.6,87,26.21577,0,1,0,1,101
2700,2026-06-04T17:57:46.505Z,0,53,0,28.6,87,26.21577,0,1,0,1,101
2701,2026-06-04T17:59:46.500Z,0,53,0,28.6,87,26.21577,0,1,0,1,101
2702,2026-06-04T18:01:46.495Z,0,53,0,28.6,87,26.21577,0,1,0,1,101
2703,2026-06-04T18:03:46.490Z,0,56.93333,0,28.6,87.1,26.23527,0,1,0,1,101
2704,2026-06-04T18:05:46.485Z,0,56.93333,0,28.6,87.1,26.23527,0,1,0,1,101
2705,2026-06-04T18:07:46.480Z,0,56.93333,0,28.6,87.1,26.23527,0,1,0,1,101
2706,2026-06-04T18:09:46.475Z,0,56.93333,0,28.6,87.1,26.23527,0,1,0,1,101
2707,2026-06-04T18:11:46.470Z,0,56.93333,0,28.6,87.1,26.23527,0,1,0,1,101
2708,2026-06-04T18:13:46.465Z,0,56.93333,0,28.6,87.1,26.23527,0,1,0,1,101
2709,2026-06-04T18:15:46.460Z,0,56.93333,0,28.6,87.1,26.23527,0,1,0,1,101
2710,2026-06-04T18:17:46.455Z,0,56.93333,0,28.6,87.1,26.23527,0,1,0,1,101
2711,2026-06-04T18:19:46.450Z,0,56.93333,0,28.6,87.1,26.23527,0,1,0,1,101
2712,2026-06-04T18:21:46.445Z,0,56.93333,0,28.6,87.1,26.23527,0,1,0,1,101
2713,2026-06-04T18:23:46.440Z,0,56.93333,0,28.6,87.1,26.23527,0,1,0,1,101
2714,2026-06-04T18:25:46.435Z,0,55.46667,0,28.6,86.6,26.13761,0,1,0,1,101
2715,2026-06-04T18:27:46.430Z,0,55.46667,0,28.6,86.6,26.13761,0,1,0,1,101
2716,2026-06-04T18:29:46.425Z,0,55.46667,0,28.6,86.6,26.13761,0,1,0,1,101
2717,2026-06-04T18:31:46.420Z,0,55.46667,0,28.6,86.6,26.13761,0,1,0,1,101
2718,2026-06-04T18:33:46.415Z,0,55.46667,0,28.6,86.6,26.13761,0,1,0,1,101
2719,2026-06-04T18:35:46.410Z,0,55.46667,0,28.6,86.6,26.13761,0,1,0,1,101
2720,2026-06-04T18:37:46.405Z,0,55.46667,0,28.6,86.6,26.13761,0,1,0,1,101
2721,2026-06-04T18:39:46.400Z,0,55.46667,0,28.6,86.6,26.13761,0,1,0,1,101
2722,2026-06-04T18:41:46.395Z,0,55.46667,0,28.6,86.6,26.13761,0,1,0,1,101
2723,2026-06-04T18:43:46.390Z,0,55.46667,0,28.6,86.6,26.13761,0,1,0,1,101
2724,2026-06-04T18:45:46.385Z,0,55.46667,0,28.6,86.6,26.13761,0,1,0,1,101
2725,2026-06-04T18:47:46.380Z,0,55,0,28.6,85.9,26.00006,0,1,0,1,101
2726,2026-06-04T18:49:46.375Z,0,55,0,28.6,85.9,26.00006,0,1,0,1,101
2727,2026-06-04T18:51:46.370Z,0,55,0,28.6,85.9,26.00006,0,1,0,1,101
2728,2026-06-04T18:53:46.365Z,0,55,0,28.6,85.9,26.00006,0,1,0,1,101
2729,2026-06-04T18:55:46.360Z,0,55,0,28.6,85.9,26.00006,0,1,0,1,101
2730,2026-06-04T18:57:46.355Z,0,55,0,28.6,85.9,26.00006,0,1,0,1,101
2731,2026-06-04T18:59:46.350Z,0,55,0,28.6,85.9,26.00006,0,1,0,1,101
2732,2026-06-04T19:01:46.345Z,0,55,0,28.6,85.9,26.00006,0,1,0,1,101
2733,2026-06-04T19:03:46.340Z,0,55,0,28.6,85.9,26.00006,0,1,0,1,101
2734,2026-06-04T19:05:46.335Z,0,55,0,28.6,85.9,26.00006,0,1,0,1,101
2735,2026-06-04T19:07:46.330Z,0,55,0,28.6,85.9,26.00006,0,1,0,1,101
2736,2026-06-04T19:09:46.325Z,0,54.4,0,28.6,85.1,25.84165,0,1,0,1,101
2737,2026-06-04T19:11:46.320Z,0,54.4,0,28.6,85.1,25.84165,0,1,0,1,101
2738,2026-06-04T19:13:46.315Z,0,54.4,0,28.6,85.1,25.84165,0,1,0,1,101
2739,2026-06-04T19:15:46.310Z,0,54.4,0,28.6,85.1,25.84165,0,1,0,1,101
2740,2026-06-04T19:17:46.305Z,0,54.4,0,28.6,85.1,25.84165,0,1,0,1,101
2741,2026-06-04T19:19:46.300Z,0,54.4,0,28.6,85.1,25.84165,0,1,0,1,101
2742,2026-06-04T19:21:46.295Z,0,54.4,0,28.6,85.1,25.84165,0,1,0,1,101
2743,2026-06-04T19:23:46.290Z,0,54.4,0,28.6,85.1,25.84165,0,1,0,1,101
2744,2026-06-04T19:25:46.285Z,0,54.4,0,28.6,85.1,25.84165,0,1,0,1,101
2745,2026-06-04T19:27:46.280Z,0,54.4,0,28.6,85.1,25.84165,0,1,0,1,101
2746,2026-06-04T19:29:46.275Z,0,54.4,0,28.6,85.1,25.84165,0,1,0,1,101
2747,2026-06-04T19:31:46.270Z,0,55.2,0,28.5,84.6,25.64412,0,1,0,1,101
2748,2026-06-04T19:33:46.265Z,0,55.2,0,28.5,84.6,25.64412,0,1,0,1,101
2749,2026-06-04T19:35:46.260Z,0,55.2,0,28.5,84.6,25.64412,0,1,0,1,101
2750,2026-06-04T19:37:46.255Z,0,55.2,0,28.5,84.6,25.64412,0,1,0,1,101
2751,2026-06-04T19:39:46.250Z,0,55.2,0,28.5,84.6,25.64412,0,1,0,1,101
2752,2026-06-04T19:41:46.245Z,0,55.2,0,28.5,84.6,25.64412,0,1,0,1,101
2753,2026-06-04T19:43:46.240Z,0,55.2,0,28.5,84.6,25.64412,0,1,0,1,101
2754,2026-06-04T19:45:46.235Z,0,55.2,0,28.5,84.6,25.64412,0,1,0,1,101
2755,2026-06-04T19:47:46.230Z,0,55.2,0,28.5,84.6,25.64412,0,1,0,1,101
2756,2026-06-04T19:49:46.225Z,0,55.2,0,28.5,84.6,25.64412,0,1,0,1,101
2757,2026-06-04T19:51:46.220Z,0,55.2,0,28.5,84.6,25.64412,0,1,0,1,101
2758,2026-06-04T19:53:46.215Z,0,55.33333,0,28.5,84.6,25.64412,0,1,0,1,101
2759,2026-06-04T19:55:46.210Z,0,55.33333,0,28.5,84.6,25.64412,0,1,0,1,101
2760,2026-06-04T19:57:46.205Z,0,55.33333,0,28.5,84.6,25.64412,0,1,0,1,101
2761,2026-06-04T19:59:46.200Z,0,55.33333,0,28.5,84.6,25.64412,0,1,0,1,101
2762,2026-06-04T20:01:46.195Z,0,55.33333,0,28.5,84.6,25.64412,0,1,0,1,101
2763,2026-06-04T20:03:46.190Z,0,55.33333,0,28.5,84.6,25.64412,0,1,0,1,101
2764,2026-06-04T20:05:46.185Z,0,55.33333,0,28.5,84.6,25.64412,0,1,0,1,101
2765,2026-06-04T20:07:46.180Z,0,55.33333,0,28.5,84.6,25.64412,0,1,0,1,101
2766,2026-06-04T20:09:46.175Z,0,55.33333,0,28.5,84.6,25.64412,0,1,0,1,101
2767,2026-06-04T20:11:46.170Z,0,55.33333,0,28.5,84.6,25.64412,0,1,0,1,101
2768,2026-06-04T20:13:46.165Z,0,55.33333,0,28.5,84.6,25.64412,0,1,0,1,101
2769,2026-06-04T20:15:46.160Z,0,59.13334,0,28.5,85.1,25.74371,0,1,0,1,101
2770,2026-06-04T20:17:46.155Z,0,59.13334,0,28.5,85.1,25.74371,0,1,0,1,101
2771,2026-06-04T20:19:46.150Z,0,59.13334,0,28.5,85.1,25.74371,0,1,0,1,101
2772,2026-06-04T20:21:46.145Z,0,59.13334,0,28.5,85.1,25.74371,0,1,0,1,101
2773,2026-06-04T20:23:46.140Z,0,59.13334,0,28.5,85.1,25.74371,0,1,0,1,101
2774,2026-06-04T20:25:46.135Z,0,59.13334,0,28.5,85.1,25.74371,0,1,0,1,101
2775,2026-06-04T20:27:46.130Z,0,59.13334,0,28.5,85.1,25.74371,0,1,0,1,101
2776,2026-06-04T20:29:46.125Z,0,59.13334,0,28.5,85.1,25.74371,0,1,0,1,101
2777,2026-06-04T20:31:46.120Z,0,59.13334,0,28.5,85.1,25.74371,0,1,0,1,101
2778,2026-06-04T20:33:46.115Z,0,59.13334,0,28.5,85.1,25.74371,0,1,0,1,101
2779,2026-06-04T20:35:46.110Z,0,59.13334,0,28.5,85.1,25.74371,0,1,0,1,101
2780,2026-06-04T20:37:46.105Z,0,55.2,0,28.6,86.1,26.03946,0,1,0,1,101
2781,2026-06-04T20:39:46.100Z,0,55.2,0,28.6,86.1,26.03946,0,1,0,1,101
2782,2026-06-04T20:41:46.095Z,0,55.2,0,28.6,86.1,26.03946,0,1,0,1,101
2783,2026-06-04T20:43:46.090Z,0,55.2,0,28.6,86.1,26.03946,0,1,0,1,101
2784,2026-06-04T20:45:46.085Z,0,55.2,0,28.6,86.1,26.03946,0,1,0,1,101
2785,2026-06-04T20:47:46.080Z,0,55.2,0,28.6,86.1,26.03946,0,1,0,1,101
2786,2026-06-04T20:49:46.075Z,0,55.2,0,28.6,86.1,26.03946,0,1,0,1,101
2787,2026-06-04T20:51:46.070Z,0,55.2,0,28.6,86.1,26.03946,0,1,0,1,101
2788,2026-06-04T20:53:46.065Z,0,55.2,0,28.6,86.1,26.03946,0,1,0,1,101
2789,2026-06-04T20:55:46.060Z,0,55.2,0,28.6,86.1,26.03946,0,1,0,1,101
2790,2026-06-04T20:57:46.055Z,0,56.46667,0,28.6,86.5,26.11802,0,1,0,1,101
2791,2026-06-04T20:59:46.050Z,0,56.46667,0,28.6,86.5,26.11802,0,1,0,1,101
2792,2026-06-04T21:01:46.045Z,0,56.46667,0,28.6,86.5,26.11802,0,1,0,1,101
2793,2026-06-04T21:03:46.040Z,0,56.46667,0,28.6,86.5,26.11802,0,1,0,1,101
2794,2026-06-04T21:05:46.035Z,0,56.46667,0,28.6,86.5,26.11802,0,1,0,1,101
2795,2026-06-04T21:07:46.030Z,0,56.46667,0,28.6,86.5,26.11802,0,1,0,1,101
2796,2026-06-04T21:09:46.025Z,0,56.46667,0,28.6,86.5,26.11802,0,1,0,1,101
2797,2026-06-04T21:11:46.020Z,0,56.46667,0,28.6,86.5,26.11802,0,1,0,1,101
2798,2026-06-04T21:13:46.015Z,0,56.46667,0,28.6,86.5,26.11802,0,1,0,1,101
2799,2026-06-04T21:15:46.010Z,0,56.46667,0,28.6,86.5,26.11802,0,1,0,1,101
2800,2026-06-04T21:17:46.005Z,0,56.46667,0,28.6,86.5,26.11802,0,1,0,1,101
2801,2026-06-04T21:19:46.000Z,0,54.2,0,28.6,86.4,26.09841,0,1,0,1,101
2802,2026-06-04T21:21:45.995Z,0,54.2,0,28.6,86.4,26.09841,0,1,0,1,101
2803,2026-06-04T21:23:45.990Z,0,54.2,0,28.6,86.4,26.09841,0,1,0,1,101
2804,2026-06-04T21:25:45.985Z,0,54.2,0,28.6,86.4,26.09841,0,1,0,1,101
2805,2026-06-04T21:27:45.980Z,0,54.2,0,28.6,86.4,26.09841,0,1,0,1,101
2806,2026-06-04T21:29:45.975Z,0,54.2,0,28.6,86.4,26.09841,0,1,0,1,101
2807,2026-06-04T21:31:45.970Z,0,54.2,0,28.6,86.4,26.09841,0,1,0,1,101
2808,2026-06-04T21:33:45.965Z,0,54.2,0,28.6,86.4,26.09841,0,1,0,1,101
2809,2026-06-04T21:35:45.960Z,0,54.2,0,28.6,86.4,26.09841,0,1,0,1,101
2810,2026-06-04T21:37:45.955Z,0,54.2,0,28.6,86.4,26.09841,0,1,0,1,101
2811,2026-06-04T21:39:45.950Z,0,54.2,0,28.6,86.4,26.09841,0,1,0,1,101
2812,2026-06-04T21:41:45.945Z,0,55.66667,0,28.6,86.4,26.09841,0,1,0,1,101
2813,2026-06-04T21:43:45.940Z,0,55.66667,0,28.6,86.4,26.09841,0,1,0,1,101
2814,2026-06-04T21:45:45.935Z,0,55.66667,0,28.6,86.4,26.09841,0,1,0,1,101
2815,2026-06-04T21:47:45.930Z,0,55.66667,0,28.6,86.4,26.09841,0,1,0,1,101
2816,2026-06-04T21:49:45.925Z,0,55.66667,0,28.6,86.4,26.09841,0,1,0,1,101
2817,2026-06-04T21:51:45.920Z,0,55.66667,0,28.6,86.4,26.09841,0,1,0,1,101
2818,2026-06-04T21:53:45.915Z,0,55.66667,0,28.6,86.4,26.09841,0,1,0,1,101
2819,2026-06-04T21:55:45.910Z,0,55.66667,0,28.6,86.4,26.09841,0,1,0,1,101
2820,2026-06-04T21:57:45.905Z,0,55.66667,0,28.6,86.4,26.09841,0,1,0,1,101
2821,2026-06-04T21:59:45.900Z,0,55.66667,0,28.6,86.4,26.09841,0,1,0,1,101
2822,2026-06-04T22:01:45.895Z,0,55.66667,0,28.6,86.4,26.09841,0,1,0,1,101
2823,2026-06-04T22:03:45.890Z,0,58.4,0,28.6,86.8,26.17673,0,1,0,1,101
2824,2026-06-04T22:05:45.885Z,0,58.4,0,28.6,86.8,26.17673,0,1,0,1,101
2825,2026-06-04T22:07:45.880Z,0,58.4,0,28.6,86.8,26.17673,0,1,0,1,101
2826,2026-06-04T22:09:45.875Z,0,58.4,0,28.6,86.8,26.17673,0,1,0,1,101
2827,2026-06-04T22:11:45.870Z,0,58.4,0,28.6,86.8,26.17673,0,1,0,1,101
2828,2026-06-04T22:13:45.865Z,0,58.4,0,28.6,86.8,26.17673,0,1,0,1,101
2829,2026-06-04T22:15:45.860Z,0,58.4,0,28.6,86.8,26.17673,0,1,0,1,101
2830,2026-06-04T22:17:45.855Z,0,58.4,0,28.6,86.8,26.17673,0,1,0,1,101
2831,2026-06-04T22:19:45.850Z,0,58.4,0,28.6,86.8,26.17673,0,1,0,1,101
2832,2026-06-04T22:21:45.845Z,0,58.4,0,28.6,86.8,26.17673,0,1,0,1,101
2833,2026-06-04T22:23:45.840Z,0,58.4,0,28.6,86.8,26.17673,0,1,0,1,101
2834,2026-06-04T22:25:45.835Z,0,53.4,0,28.6,87.4,26.29363,0,1,0,1,101
2835,2026-06-04T22:27:45.830Z,0,53.4,0,28.6,87.4,26.29363,0,1,0,1,101
2836,2026-06-04T22:29:45.825Z,0,53.4,0,28.6,87.4,26.29363,0,1,0,1,101
2837,2026-06-04T22:31:45.820Z,0,53.4,0,28.6,87.4,26.29363,0,1,0,1,101
2838,2026-06-04T22:33:45.815Z,0,53.4,0,28.6,87.4,26.29363,0,1,0,1,101
2839,2026-06-04T22:35:45.810Z,0,53.4,0,28.6,87.4,26.29363,0,1,0,1,101
2840,2026-06-04T22:37:45.805Z,0,53.4,0,28.6,87.4,26.29363,0,1,0,1,101
2841,2026-06-04T22:39:45.800Z,0,53.4,0,28.6,87.4,26.29363,0,1,0,1,101
2842,2026-06-04T22:41:45.795Z,0,53.4,0,28.6,87.4,26.29363,0,1,0,1,101
2843,2026-06-04T22:43:45.790Z,0,53.4,0,28.6,87.4,26.29363,0,1,0,1,101
2844,2026-06-04T22:45:45.785Z,0,53.4,0,28.6,87.4,26.29363,0,1,0,1,101
2845,2026-06-04T22:47:45.780Z,0,57.13334,0,28.6,87.2,26.25474,0,1,0,1,101
2846,2026-06-04T22:49:45.775Z,0,57.13334,0,28.6,87.2,26.25474,0,1,0,1,101
2847,2026-06-04T22:51:45.770Z,0,57.13334,0,28.6,87.2,26.25474,0,1,0,1,101
2848,2026-06-04T22:53:45.765Z,0,57.13334,0,28.6,87.2,26.25474,0,1,0,1,101
2849,2026-06-04T22:55:45.760Z,0,57.13334,0,28.6,87.2,26.25474,0,1,0,1,101
2850,2026-06-04T22:57:45.755Z,0,57.13334,0,28.6,87.2,26.25474,0,1,0,1,101
2851,2026-06-04T22:59:45.750Z,0,57.13334,0,28.6,87.2,26.25474,0,1,0,1,101
2852,2026-06-04T23:01:45.745Z,0,57.13334,0,28.6,87.2,26.25474,0,1,0,1,101
2853,2026-06-04T23:03:45.740Z,0,57.13334,0,28.6,87.2,26.25474,0,1,0,1,101
2854,2026-06-04T23:05:45.735Z,0,57.13334,0,28.6,87.2,26.25474,0,1,0,1,101
2855,2026-06-04T23:07:45.730Z,0,57.13334,0,28.6,87.2,26.25474,0,1,0,1,101
2856,2026-06-04T23:09:45.725Z,0,55.66667,0,28.6,87.3,26.2742,0,1,0,1,101
2857,2026-06-04T23:11:45.720Z,0,55.66667,0,28.6,87.3,26.2742,0,1,0,1,101
2858,2026-06-04T23:13:45.715Z,0,55.66667,0,28.6,87.3,26.2742,0,1,0,1,101
2859,2026-06-04T23:15:45.710Z,0,55.66667,0,28.6,87.3,26.2742,0,1,0,1,101
2860,2026-06-04T23:17:45.705Z,0,55.66667,0,28.6,87.3,26.2742,0,1,0,1,101
2861,2026-06-04T23:19:45.700Z,0,55.66667,0,28.6,87.3,26.2742,0,1,0,1,101
2862,2026-06-04T23:21:45.695Z,0,55.66667,0,28.6,87.3,26.2742,0,1,0,1,101
2863,2026-06-04T23:23:45.690Z,0,55.66667,0,28.6,87.3,26.2742,0,1,0,1,101
2864,2026-06-04T23:25:45.685Z,0,55.66667,0,28.6,87.3,26.2742,0,1,0,1,101
2865,2026-06-04T23:27:45.680Z,0,55.66667,0,28.6,87.3,26.2742,0,1,0,1,101
2866,2026-06-04T23:29:45.675Z,0,55.66667,0,28.6,87.3,26.2742,0,1,0,1,101
2867,2026-06-04T23:31:45.670Z,0,57.93333,0,28.6,87.2,26.25474,0,1,0,1,101
2868,2026-06-04T23:33:45.665Z,0,57.93333,0,28.6,87.2,26.25474,0,1,0,1,101
2869,2026-06-04T23:35:45.660Z,0,57.93333,0,28.6,87.2,26.25474,0,1,0,1,101
2870,2026-06-04T23:37:45.655Z,0,57.93333,0,28.6,87.2,26.25474,0,1,0,1,101
2871,2026-06-04T23:39:45.650Z,0,57.93333,0,28.6,87.2,26.25474,0,1,0,1,101
2872,2026-06-04T23:41:45.645Z,0,57.93333,0,28.6,87.2,26.25474,0,1,0,1,101
2873,2026-06-04T23:43:45.640Z,0,57.93333,0,28.6,87.2,26.25474,0,1,0,1,101
2874,2026-06-04T23:45:45.635Z,0,57.93333,0,28.6,87.2,26.25474,0,1,0,1,101
2875,2026-06-04T23:47:45.630Z,0,57.93333,0,28.6,87.2,26.25474,0,1,0,1,101
2876,2026-06-04T23:49:45.625Z,0,57.93333,0,28.6,87.2,26.25474,0,1,0,1,101
2877,2026-06-04T23:51:45.620Z,0,57.93333,0,28.6,87.2,26.25474,0,1,0,1,101
2878,2026-06-04T23:53:45.615Z,0,55.4,0,28.6,86.3,26.07878,0,1,0,1,101
2879,2026-06-04T23:55:45.610Z,0,55.4,0,28.6,86.3,26.07878,0,1,0,1,101
2880,2026-06-04T23:57:45.605Z,0,55.4,0,28.6,86.3,26.07878,0,1,0,1,101
2881,2026-06-04T23:59:45.600Z,0,55.4,0,28.6,86.3,26.07878,0,1,0,1,101
2882,2026-06-05T00:01:45.595Z,0,55.4,0,28.6,86.3,26.07878,0,1,0,1,101
2883,2026-06-05T00:03:45.590Z,0,55.4,0,28.6,86.3,26.07878,0,1,0,1,101
2884,2026-06-05T00:05:45.585Z,0,55.4,0,28.6,86.3,26.07878,0,1,0,1,101
2885,2026-06-05T00:07:45.580Z,0,55.4,0,28.6,86.3,26.07878,0,1,0,1,101
2886,2026-06-05T00:09:45.575Z,0,55.4,0,28.6,86.3,26.07878,0,1,0,1,101
2887,2026-06-05T00:11:45.570Z,0,55.4,0,28.6,86.3,26.07878,0,1,0,1,101
2888,2026-06-05T00:13:45.565Z,0,55.4,0,28.6,86.3,26.07878,0,1,0,1,101
2889,2026-06-05T00:15:45.560Z,0,57.46667,0,28.6,86,26.01977,0,1,0,1,101
2890,2026-06-05T00:17:45.555Z,0,57.46667,0,28.6,86,26.01977,0,1,0,1,101
2891,2026-06-05T00:19:45.550Z,0,57.46667,0,28.6,86,26.01977,0,1,0,1,101
2892,2026-06-05T00:21:45.545Z,0,57.46667,0,28.6,86,26.01977,0,1,0,1,101
2893,2026-06-05T00:23:45.540Z,0,57.46667,0,28.6,86,26.01977,0,1,0,1,101
2894,2026-06-05T00:25:45.535Z,0,57.46667,0,28.6,86,26.01977,0,1,0,1,101
2895,2026-06-05T00:27:45.530Z,0,57.46667,0,28.6,86,26.01977,0,1,0,1,101
2896,2026-06-05T00:29:45.525Z,0,57.46667,0,28.6,86,26.01977,0,1,0,1,101
2897,2026-06-05T00:31:45.520Z,0,57.46667,0,28.6,86,26.01977,0,1,0,1,101
2898,2026-06-05T00:33:45.515Z,0,57.46667,0,28.6,86,26.01977,0,1,0,1,101
2899,2026-06-05T00:35:45.510Z,0,57.46667,0,28.6,86,26.01977,0,1,0,1,101
2900,2026-06-05T00:37:45.505Z,0,53.6,0,28.5,85.4,25.80322,0,1,0,1,101
2901,2026-06-05T00:39:45.500Z,0,53.6,0,28.5,85.4,25.80322,0,1,0,1,101
2902,2026-06-05T00:41:45.495Z,0,53.6,0,28.5,85.4,25.80322,0,1,0,1,101
2903,2026-06-05T00:43:45.490Z,0,53.6,0,28.5,85.4,25.80322,0,1,0,1,101
2904,2026-06-05T00:45:45.485Z,0,53.6,0,28.5,85.4,25.80322,0,1,0,1,101
2905,2026-06-05T00:47:45.480Z,0,53.6,0,28.5,85.4,25.80322,0,1,0,1,101
2906,2026-06-05T00:49:45.475Z,0,53.6,0,28.5,85.4,25.80322,0,1,0,1,101
2907,2026-06-05T00:51:45.470Z,0,53.6,0,28.5,85.4,25.80322,0,1,0,1,101
2908,2026-06-05T00:53:45.465Z,0,53.6,0,28.5,85.4,25.80322,0,1,0,1,101
2909,2026-06-05T00:55:45.460Z,0,53.6,0,28.5,85.4,25.80322,0,1,0,1,101
2910,2026-06-05T00:57:45.455Z,0,53.6,0,28.5,85.4,25.80322,0,1,0,1,101
2911,2026-06-05T00:59:45.450Z,0,59.8,0,28.6,86.1,26.03946,0,1,0,1,101
2912,2026-06-05T01:01:45.445Z,0,59.8,0,28.6,86.1,26.03946,0,1,0,1,101
2913,2026-06-05T01:03:45.440Z,0,59.8,0,28.6,86.1,26.03946,0,1,0,1,101
2914,2026-06-05T01:05:45.435Z,0,59.8,0,28.6,86.1,26.03946,0,1,0,1,101
2915,2026-06-05T01:07:45.430Z,0,59.8,0,28.6,86.1,26.03946,0,1,0,1,101
2916,2026-06-05T01:09:45.425Z,0,59.8,0,28.6,86.1,26.03946,0,1,0,1,101
2917,2026-06-05T01:11:45.420Z,0,59.8,0,28.6,86.1,26.03946,0,1,0,1,101
2918,2026-06-05T01:13:45.415Z,0,59.8,0,28.6,86.1,26.03946,0,1,0,1,101
2919,2026-06-05T01:15:45.410Z,0,59.8,0,28.6,86.1,26.03946,0,1,0,1,101
2920,2026-06-05T01:17:45.405Z,0,59.8,0,28.6,86.1,26.03946,0,1,0,1,101
2921,2026-06-05T01:19:45.400Z,0,59.8,0,28.6,86.1,26.03946,0,1,0,1,101
2922,2026-06-05T01:21:45.395Z,0,55.33333,0,28.6,87.5,26.31304,0,1,0,1,101
2923,2026-06-05T01:23:45.390Z,0,55.33333,0,28.6,87.5,26.31304,0,1,0,1,101
2924,2026-06-05T01:25:45.385Z,0,55.33333,0,28.6,87.5,26.31304,0,1,0,1,101
2925,2026-06-05T01:27:45.380Z,0,55.33333,0,28.6,87.5,26.31304,0,1,0,1,101
2926,2026-06-05T01:29:45.375Z,0,55.33333,0,28.6,87.5,26.31304,0,1,0,1,101
2927,2026-06-05T01:31:45.370Z,0,55.33333,0,28.6,87.5,26.31304,0,1,0,1,101
2928,2026-06-05T01:33:45.365Z,0,55.33333,0,28.6,87.5,26.31304,0,1,0,1,101
2929,2026-06-05T01:35:45.360Z,0,55.33333,0,28.6,87.5,26.31304,0,1,0,1,101
2930,2026-06-05T01:37:45.355Z,0,55.33333,0,28.6,87.5,26.31304,0,1,0,1,101
2931,2026-06-05T01:39:45.350Z,0,55.33333,0,28.6,87.5,26.31304,0,1,0,1,101
2932,2026-06-05T01:41:45.345Z,0,55.33333,0,28.6,87.5,26.31304,0,1,0,1,101
2933,2026-06-05T01:43:45.340Z,0,57.26667,0,28.6,87,26.21577,0,1,0,1,101
2934,2026-06-05T01:45:45.335Z,0,57.26667,0,28.6,87,26.21577,0,1,0,1,101
2935,2026-06-05T01:47:45.330Z,0,57.26667,0,28.6,87,26.21577,0,1,0,1,101
2936,2026-06-05T01:49:45.325Z,0,57.26667,0,28.6,87,26.21577,0,1,0,1,101
2937,2026-06-05T01:51:45.320Z,0,57.26667,0,28.6,87,26.21577,0,1,0,1,101
2938,2026-06-05T01:53:45.315Z,0,57.26667,0,28.6,87,26.21577,0,1,0,1,101
2939,2026-06-05T01:55:45.310Z,0,57.26667,0,28.6,87,26.21577,0,1,0,1,101
2940,2026-06-05T01:57:45.305Z,0,57.26667,0,28.6,87,26.21577,0,1,0,1,101
2941,2026-06-05T01:59:45.300Z,0,57.26667,0,28.6,87,26.21577,0,1,0,1,101
2942,2026-06-05T02:01:45.295Z,0,57.26667,0,28.6,87,26.21577,0,1,0,1,101
2943,2026-06-05T02:03:45.290Z,0,57.26667,0,28.6,87,26.21577,0,1,0,1,101
2944,2026-06-05T02:05:45.285Z,0,57.06667,0,28.6,86.8,26.17673,0,1,0,1,101
2945,2026-06-05T02:07:45.280Z,0,57.06667,0,28.6,86.8,26.17673,0,1,0,1,101
2946,2026-06-05T02:09:45.275Z,0,57.06667,0,28.6,86.8,26.17673,0,1,0,1,101
2947,2026-06-05T02:11:45.270Z,0,57.06667,0,28.6,86.8,26.17673,0,1,0,1,101
2948,2026-06-05T02:13:45.265Z,0,57.06667,0,28.6,86.8,26.17673,0,1,0,1,101
2949,2026-06-05T02:15:45.260Z,0,57.06667,0,28.6,86.8,26.17673,0,1,0,1,101
2950,2026-06-05T02:17:45.255Z,0,57.06667,0,28.6,86.8,26.17673,0,1,0,1,101
2951,2026-06-05T02:19:45.250Z,0,57.06667,0,28.6,86.8,26.17673,0,1,0,1,101
2952,2026-06-05T02:21:45.245Z,0,57.06667,0,28.6,86.8,26.17673,0,1,0,1,101
2953,2026-06-05T02:23:45.240Z,0,57.06667,0,28.6,86.8,26.17673,0,1,0,1,101
2954,2026-06-05T02:25:45.235Z,0,57.06667,0,28.6,86.8,26.17673,0,1,0,1,101
2955,2026-06-05T02:27:45.230Z,0,57.26667,0,28.6,86.5,26.11802,0,1,0,1,101
2956,2026-06-05T02:29:45.225Z,0,57.26667,0,28.6,86.5,26.11802,0,1,0,1,101
2957,2026-06-05T02:31:45.220Z,0,57.26667,0,28.6,86.5,26.11802,0,1,0,1,101
2958,2026-06-05T02:33:45.215Z,0,57.26667,0,28.6,86.5,26.11802,0,1,0,1,101
2959,2026-06-05T02:35:45.210Z,0,57.26667,0,28.6,86.5,26.11802,0,1,0,1,101
2960,2026-06-05T02:37:45.205Z,0,57.26667,0,28.6,86.5,26.11802,0,1,0,1,101
2961,2026-06-05T02:39:45.200Z,0,57.26667,0,28.6,86.5,26.11802,0,1,0,1,101
2962,2026-06-05T02:41:45.195Z,0,57.26667,0,28.6,86.5,26.11802,0,1,0,1,101
2963,2026-06-05T02:43:45.190Z,0,57.26667,0,28.6,86.5,26.11802,0,1,0,1,101
2964,2026-06-05T02:45:45.185Z,0,57.26667,0,28.6,86.5,26.11802,0,1,0,1,101
2965,2026-06-05T02:47:45.180Z,0,57.26667,0,28.6,86.5,26.11802,0,1,0,1,101
2966,2026-06-05T02:49:45.175Z,0,55,0,28.6,86.6,26.13761,0,1,0,1,101
2967,2026-06-05T02:51:45.170Z,0,55,0,28.6,86.6,26.13761,0,1,0,1,101
2968,2026-06-05T02:53:45.165Z,0,55,0,28.6,86.6,26.13761,0,1,0,1,101
2969,2026-06-05T02:55:45.160Z,0,55,0,28.6,86.6,26.13761,0,1,0,1,101
2970,2026-06-05T02:57:45.155Z,0,55,0,28.6,86.6,26.13761,0,1,0,1,101
2971,2026-06-05T02:59:45.150Z,0,55,0,28.6,86.6,26.13761,0,1,0,1,101
2972,2026-06-05T03:01:45.145Z,0,55,0,28.6,86.6,26.13761,0,1,0,1,101
2973,2026-06-05T03:03:45.140Z,0,55,0,28.6,86.6,26.13761,0,1,0,1,101
2974,2026-06-05T03:05:45.135Z,0,55,0,28.6,86.6,26.13761,0,1,0,1,101
2975,2026-06-05T03:07:45.130Z,0,55,0,28.6,86.6,26.13761,0,1,0,1,101
2976,2026-06-05T03:09:45.125Z,0,56.53333,0,28.6,86.4,26.09841,0,1,0,1,101
2977,2026-06-05T03:11:45.120Z,0,56.53333,0,28.6,86.4,26.09841,0,1,0,1,101
2978,2026-06-05T03:13:45.115Z,0,56.53333,0,28.6,86.4,26.09841,0,1,0,1,101
2979,2026-06-05T03:15:45.110Z,0,56.53333,0,28.6,86.4,26.09841,0,1,0,1,101
2980,2026-06-05T03:17:45.105Z,0,56.53333,0,28.6,86.4,26.09841,0,1,0,1,101
2981,2026-06-05T03:19:45.100Z,0,56.53333,0,28.6,86.4,26.09841,0,1,0,1,101
2982,2026-06-05T03:21:45.095Z,0,56.53333,0,28.6,86.4,26.09841,0,1,0,1,101
2983,2026-06-05T03:23:45.090Z,0,56.53333,0,28.6,86.4,26.09841,0,1,0,1,101
2984,2026-06-05T03:25:45.085Z,0,56.53333,0,28.6,86.4,26.09841,0,1,0,1,101
2985,2026-06-05T03:27:45.080Z,0,56.53333,0,28.6,86.4,26.09841,0,1,0,1,101
2986,2026-06-05T03:29:45.075Z,0,56.53333,0,28.6,86.4,26.09841,0,1,0,1,101
2987,2026-06-05T03:31:45.070Z,0,56.2,0,28.6,86.7,26.15718,0,1,0,1,101
2988,2026-06-05T03:33:45.065Z,0,56.2,0,28.6,86.7,26.15718,0,1,0,1,101
2989,2026-06-05T03:35:45.060Z,0,56.2,0,28.6,86.7,26.15718,0,1,0,1,101
2990,2026-06-05T03:37:45.055Z,0,56.2,0,28.6,86.7,26.15718,0,1,0,1,101
2991,2026-06-05T03:39:45.050Z,0,56.2,0,28.6,86.7,26.15718,0,1,0,1,101
2992,2026-06-05T03:41:45.045Z,0,56.2,0,28.6,86.7,26.15718,0,1,0,1,101
2993,2026-06-05T03:43:45.040Z,0,56.2,0,28.6,86.7,26.15718,0,1,0,1,101
2994,2026-06-05T03:45:45.035Z,0,56.2,0,28.6,86.7,26.15718,0,1,0,1,101
2995,2026-06-05T03:47:45.030Z,0,56.2,0,28.6,86.7,26.15718,0,1,0,1,101
2996,2026-06-05T03:49:45.025Z,0,56.2,0,28.6,86.7,26.15718,0,1,0,1,101
2997,2026-06-05T03:51:45.020Z,0,57.53333,0,28.6,87.8,26.37117,0,1,0,1,101
2998,2026-06-05T03:53:45.015Z,0,57.53333,0,28.6,87.8,26.37117,0,1,0,1,101
2999,2026-06-05T03:55:45.010Z,0,57.53333,0,28.6,87.8,26.37117,0,1,0,1,101
3000,2026-06-05T03:57:45.005Z,0,57.53333,0,28.6,87.8,26.37117,0,1,0,1,101
3001,2026-06-05T03:59:45.000Z,0,57.53333,0,28.6,87.8,26.37117,0,1,0,1,101
3002,2026-06-05T04:01:44.995Z,0,57.53333,0,28.6,87.8,26.37117,0,1,0,1,101
3003,2026-06-05T04:03:44.990Z,0,57.53333,0,28.6,87.8,26.37117,0,1,0,1,101
3004,2026-06-05T04:05:44.985Z,0,57.53333,0,28.6,87.8,26.37117,0,1,0,1,101
3005,2026-06-05T04:07:44.980Z,0,57.53333,0,28.6,87.8,26.37117,0,1,0,1,101
3006,2026-06-05T04:09:44.975Z,0,57.53333,0,28.6,87.8,26.37117,0,1,0,1,101
3007,2026-06-05T04:11:44.970Z,0,57.53333,0,28.6,87.8,26.37117,0,1,0,1,101
3008,2026-06-05T04:13:44.965Z,0,55.86666,0,28.6,88.1,26.42913,0,1,0,1,101
3009,2026-06-05T04:15:44.960Z,0,55.86666,0,28.6,88.1,26.42913,0,1,0,1,101
3010,2026-06-05T04:17:44.955Z,0,55.86666,0,28.6,88.1,26.42913,0,1,0,1,101
3011,2026-06-05T04:19:44.950Z,0,55.86666,0,28.6,88.1,26.42913,0,1,0,1,101
3012,2026-06-05T04:21:44.945Z,0,55.86666,0,28.6,88.1,26.42913,0,1,0,1,101
3013,2026-06-05T04:23:44.940Z,0,55.86666,0,28.6,88.1,26.42913,0,1,0,1,101
3014,2026-06-05T04:25:44.935Z,0,55.86666,0,28.6,88.1,26.42913,0,1,0,1,101
3015,2026-06-05T04:27:44.930Z,0,55.86666,0,28.6,88.1,26.42913,0,1,0,1,101
3016,2026-06-05T04:29:44.925Z,0,55.86666,0,28.6,88.1,26.42913,0,1,0,1,101
3017,2026-06-05T04:31:44.920Z,0,55.86666,0,28.6,88.1,26.42913,0,1,0,1,101
3018,2026-06-05T04:33:44.915Z,0,55.86666,0,28.6,88.1,26.42913,0,1,0,1,101
3019,2026-06-05T04:35:44.910Z,0,57.46667,0,28.6,88.5,26.50614,0,1,0,1,101
3020,2026-06-05T04:37:44.905Z,0,57.46667,0,28.6,88.5,26.50614,0,1,0,1,101
3021,2026-06-05T04:39:44.900Z,0,57.46667,0,28.6,88.5,26.50614,0,1,0,1,101
3022,2026-06-05T04:41:44.895Z,0,57.46667,0,28.6,88.5,26.50614,0,1,0,1,101
3023,2026-06-05T04:43:44.890Z,0,57.46667,0,28.6,88.5,26.50614,0,1,0,1,101
3024,2026-06-05T04:45:44.885Z,0,57.46667,0,28.6,88.5,26.50614,0,1,0,1,101
3025,2026-06-05T04:47:44.880Z,0,57.46667,0,28.6,88.5,26.50614,0,1,0,1,101
3026,2026-06-05T04:49:44.875Z,0,57.46667,0,28.6,88.5,26.50614,0,1,0,1,101
3027,2026-06-05T04:51:44.870Z,0,57.46667,0,28.6,88.5,26.50614,0,1,0,1,101
3028,2026-06-05T04:53:44.865Z,0,57.46667,0,28.6,88.5,26.50614,0,1,0,1,101
3029,2026-06-05T04:55:44.860Z,0,57.46667,0,28.6,88.5,26.50614,0,1,0,1,101
3030,2026-06-05T04:57:44.855Z,0,55.53333,0,28.6,88.5,26.50614,0,1,0,1,101
3031,2026-06-05T04:59:44.850Z,0,55.53333,0,28.6,88.5,26.50614,0,1,0,1,101
3032,2026-06-05T05:01:44.845Z,0,55.53333,0,28.6,88.5,26.50614,0,1,0,1,101
3033,2026-06-05T05:03:44.840Z,0,55.53333,0,28.6,88.5,26.50614,0,1,0,1,101
3034,2026-06-05T05:05:44.835Z,0,55.53333,0,28.6,88.5,26.50614,0,1,0,1,101
3035,2026-06-05T05:07:44.830Z,0,55.53333,0,28.6,88.5,26.50614,0,1,0,1,101
3036,2026-06-05T05:09:44.825Z,0,55.53333,0,28.6,88.5,26.50614,0,1,0,1,101
3037,2026-06-05T05:11:44.820Z,0,55.53333,0,28.6,88.5,26.50614,0,1,0,1,101
3038,2026-06-05T05:13:44.815Z,0,55.53333,0,28.6,88.5,26.50614,0,1,0,1,101
3039,2026-06-05T05:15:44.810Z,0,55.53333,0,28.6,88.5,26.50614,0,1,0,1,101
3040,2026-06-05T05:17:44.805Z,0,55.53333,0,28.6,88.5,26.50614,0,1,0,1,101
3041,2026-06-05T05:19:44.800Z,0,58.8,0,28.6,88.8,26.5637,0,1,0,1,101
3042,2026-06-05T05:21:44.795Z,0,58.8,0,28.6,88.8,26.5637,0,1,0,1,101
3043,2026-06-05T05:23:44.790Z,0,58.8,0,28.6,88.8,26.5637,0,1,0,1,101
3044,2026-06-05T05:25:44.785Z,0,58.8,0,28.6,88.8,26.5637,0,1,0,1,101
3045,2026-06-05T05:27:44.780Z,0,58.8,0,28.6,88.8,26.5637,0,1,0,1,101
3046,2026-06-05T05:29:44.775Z,0,58.8,0,28.6,88.8,26.5637,0,1,0,1,101
3047,2026-06-05T05:31:44.770Z,0,58.8,0,28.6,88.8,26.5637,0,1,0,1,101
3048,2026-06-05T05:33:44.765Z,0,58.8,0,28.6,88.8,26.5637,0,1,0,1,101
3049,2026-06-05T05:35:44.760Z,0,58.8,0,28.6,88.8,26.5637,0,1,0,1,101
3050,2026-06-05T05:37:44.755Z,0,58.8,0,28.6,88.8,26.5637,0,1,0,1,101
3051,2026-06-05T05:39:44.750Z,0,58.8,0,28.6,88.8,26.5637,0,1,0,1,101
3052,2026-06-05T05:41:44.745Z,0,56,0,28.6,89.2,26.64017,0,1,0,1,101
3053,2026-06-05T05:43:44.740Z,0,56,0,28.6,89.2,26.64017,0,1,0,1,101
3054,2026-06-05T05:45:44.735Z,0,56,0,28.6,89.2,26.64017,0,1,0,1,101
3055,2026-06-05T05:47:44.730Z,0,56,0,28.6,89.2,26.64017,0,1,0,1,101
3056,2026-06-05T05:49:44.725Z,0,56,0,28.6,89.2,26.64017,0,1,0,1,101
3057,2026-06-05T05:51:44.720Z,0,56,0,28.6,89.2,26.64017,0,1,0,1,101
3058,2026-06-05T05:53:44.715Z,0,56,0,28.6,89.2,26.64017,0,1,0,1,101
3059,2026-06-05T05:55:44.710Z,0,56,0,28.6,89.2,26.64017,0,1,0,1,101
3060,2026-06-05T05:57:44.705Z,0,56,0,28.6,89.2,26.64017,0,1,0,1,101
3061,2026-06-05T05:59:44.700Z,0,56,0,28.6,89.2,26.64017,0,1,0,1,101
3062,2026-06-05T06:01:44.695Z,0,56,0,28.6,89.2,26.64017,0,1,0,1,101
3063,2026-06-05T06:03:44.690Z,0,57.66667,0,28.6,89.3,26.65925,0,1,0,1,101
3064,2026-06-05T06:05:44.685Z,0,57.66667,0,28.6,89.3,26.65925,0,1,0,1,101
3065,2026-06-05T06:07:44.680Z,0,57.66667,0,28.6,89.3,26.65925,0,1,0,1,101
3066,2026-06-05T06:09:44.675Z,0,57.66667,0,28.6,89.3,26.65925,0,1,0,1,101
3067,2026-06-05T06:11:44.670Z,0,57.66667,0,28.6,89.3,26.65925,0,1,0,1,101
3068,2026-06-05T06:13:44.665Z,0,57.66667,0,28.6,89.3,26.65925,0,1,0,1,101
3069,2026-06-05T06:15:44.660Z,0,57.66667,0,28.6,89.3,26.65925,0,1,0,1,101
3070,2026-06-05T06:17:44.655Z,0,57.66667,0,28.6,89.3,26.65925,0,1,0,1,101
3071,2026-06-05T06:19:44.650Z,0,57.66667,0,28.6,89.3,26.65925,0,1,0,1,101
3072,2026-06-05T06:21:44.645Z,0,57.66667,0,28.6,89.3,26.65925,0,1,0,1,101
3073,2026-06-05T06:23:44.640Z,0,57.66667,0,28.6,89.3,26.65925,0,1,0,1,101
3074,2026-06-05T06:25:44.635Z,0,54.66667,0,28.6,89.4,26.6783,0,1,0,1,101
3075,2026-06-05T06:27:44.630Z,0,54.66667,0,28.6,89.4,26.6783,0,1,0,1,101
3076,2026-06-05T06:29:44.625Z,0,54.66667,0,28.6,89.4,26.6783,0,1,0,1,101
3077,2026-06-05T06:31:44.620Z,0,54.66667,0,28.6,89.4,26.6783,0,1,0,1,101
3078,2026-06-05T06:33:44.615Z,0,54.66667,0,28.6,89.4,26.6783,0,1,0,1,101
3079,2026-06-05T06:35:44.610Z,0,54.66667,0,28.6,89.4,26.6783,0,1,0,1,101
3080,2026-06-05T06:37:44.605Z,0,54.66667,0,28.6,89.4,26.6783,0,1,0,1,101
3081,2026-06-05T06:39:44.600Z,0,54.66667,0,28.6,89.4,26.6783,0,1,0,1,101
3082,2026-06-05T06:41:44.595Z,0,54.66667,0,28.6,89.4,26.6783,0,1,0,1,101
3083,2026-06-05T06:43:44.590Z,0,54.66667,0,28.6,89.4,26.6783,0,1,0,1,101
3084,2026-06-05T06:45:44.585Z,0,54.66667,0,28.6,89.4,26.6783,0,1,0,1,101
3085,2026-06-05T06:47:44.580Z,0,58,0,28.6,89.4,26.6783,0,1,0,1,101
3086,2026-06-05T06:49:44.575Z,0,58,0,28.6,89.4,26.6783,0,1,0,1,101
3087,2026-06-05T06:51:44.570Z,0,58,0,28.6,89.4,26.6783,0,1,0,1,101
3088,2026-06-05T06:53:44.565Z,0,58,0,28.6,89.4,26.6783,0,1,0,1,101
3089,2026-06-05T06:55:44.560Z,0,58,0,28.6,89.4,26.6783,0,1,0,1,101
3090,2026-06-05T06:57:44.555Z,0,58,0,28.6,89.4,26.6783,0,1,0,1,101
3091,2026-06-05T06:59:44.550Z,0,58,0,28.6,89.4,26.6783,0,1,0,1,101
3092,2026-06-05T07:01:44.545Z,0,58,0,28.6,89.4,26.6783,0,1,0,1,101
3093,2026-06-05T07:03:44.540Z,0,58,0,28.6,89.4,26.6783,0,1,0,1,101
3094,2026-06-05T07:05:44.535Z,0,58,0,28.6,89.4,26.6783,0,1,0,1,101
3095,2026-06-05T07:07:44.530Z,0,58,0,28.6,89.6,26.71636,0,1,0,1,101
3096,2026-06-05T07:09:44.525Z,0,58,0,28.6,89.6,26.71636,0,1,0,1,101
3097,2026-06-05T07:11:44.520Z,0,58,0,28.6,89.6,26.71636,0,1,0,1,101
3098,2026-06-05T07:13:44.515Z,0,58,0,28.6,89.6,26.71636,0,1,0,1,101
3099,2026-06-05T07:15:44.510Z,0,58,0,28.6,89.6,26.71636,0,1,0,1,101
3100,2026-06-05T07:17:44.505Z,0,58,0,28.6,89.6,26.71636,0,1,0,1,101
3101,2026-06-05T07:19:44.500Z,0,58,0,28.6,89.6,26.71636,0,1,0,1,101
3102,2026-06-05T07:21:44.495Z,0,58,0,28.6,89.6,26.71636,0,1,0,1,101
3103,2026-06-05T07:23:44.490Z,0,58,0,28.6,89.6,26.71636,0,1,0,1,101
3104,2026-06-05T07:25:44.485Z,0,58,0,28.6,89.6,26.71636,0,1,0,1,101
3105,2026-06-05T07:27:44.480Z,0,58,0,28.6,89.6,26.71636,0,1,0,1,101
3106,2026-06-05T07:29:44.475Z,0,55.53333,0,28.6,89.3,26.65925,0,1,0,1,101
3107,2026-06-05T07:31:44.470Z,0,55.53333,0,28.6,89.3,26.65925,0,1,0,1,101
3108,2026-06-05T07:33:44.465Z,0,55.53333,0,28.6,89.3,26.65925,0,1,0,1,101
3109,2026-06-05T07:35:44.460Z,0,55.53333,0,28.6,89.3,26.65925,0,1,0,1,101
3110,2026-06-05T07:37:44.455Z,0,55.53333,0,28.6,89.3,26.65925,0,1,0,1,101
3111,2026-06-05T07:39:44.450Z,0,55.53333,0,28.6,89.3,26.65925,0,1,0,1,101
3112,2026-06-05T07:41:44.445Z,0,55.53333,0,28.6,89.3,26.65925,0,1,0,1,101
3113,2026-06-05T07:43:44.440Z,0,55.53333,0,28.6,89.3,26.65925,0,1,0,1,101
3114,2026-06-05T07:45:44.435Z,0,55.53333,0,28.6,89.3,26.65925,0,1,0,1,101
3115,2026-06-05T07:47:44.430Z,0,55.53333,0,28.6,89.3,26.65925,0,1,0,1,101
3116,2026-06-05T07:49:44.425Z,0,55.53333,0,28.6,89.3,26.65925,0,1,0,1,101
3117,2026-06-05T07:51:44.420Z,0,57.06667,0,28.6,88.9,26.58284,0,1,0,1,101
3118,2026-06-05T07:53:44.415Z,0,57.06667,0,28.6,88.9,26.58284,0,1,0,1,101
3119,2026-06-05T07:55:44.410Z,0,57.06667,0,28.6,88.9,26.58284,0,1,0,1,101
3120,2026-06-05T07:57:44.405Z,0,57.06667,0,28.6,88.9,26.58284,0,1,0,1,101
3121,2026-06-05T07:59:44.400Z,0,57.06667,0,28.6,88.9,26.58284,0,1,0,1,101
3122,2026-06-05T08:01:44.395Z,0,57.06667,0,28.6,88.9,26.58284,0,1,0,1,101
3123,2026-06-05T08:03:44.390Z,0,57.06667,0,28.6,88.9,26.58284,0,1,0,1,101
3124,2026-06-05T08:05:44.385Z,0,57.06667,0,28.6,88.9,26.58284,0,1,0,1,101
3125,2026-06-05T08:07:44.380Z,0,57.06667,0,28.6,88.9,26.58284,0,1,0,1,101
3126,2026-06-05T08:09:44.375Z,0,57.06667,0,28.6,88.9,26.58284,0,1,0,1,101
3127,2026-06-05T08:11:44.370Z,0,57.06667,0,28.6,88.9,26.58284,0,1,0,1,101
3128,2026-06-05T08:13:44.365Z,0,55.8,0,28.6,87.9,26.39051,0,1,0,1,101
3129,2026-06-05T08:15:44.360Z,0,55.8,0,28.6,87.9,26.39051,0,1,0,1,101
3130,2026-06-05T08:17:44.355Z,0,55.8,0,28.6,87.9,26.39051,0,1,0,1,101
3131,2026-06-05T08:19:44.350Z,0,55.8,0,28.6,87.9,26.39051,0,1,0,1,101
3132,2026-06-05T08:21:44.345Z,0,55.8,0,28.6,87.9,26.39051,0,1,0,1,101
3133,2026-06-05T08:23:44.340Z,0,55.8,0,28.6,87.9,26.39051,0,1,0,1,101
3134,2026-06-05T08:25:44.335Z,0,55.8,0,28.6,87.9,26.39051,0,1,0,1,101
3135,2026-06-05T08:27:44.330Z,0,55.8,0,28.6,87.9,26.39051,0,1,0,1,101
3136,2026-06-05T08:29:44.325Z,0,55.8,0,28.6,87.9,26.39051,0,1,0,1,101
3137,2026-06-05T08:31:44.320Z,0,55.8,0,28.6,87.9,26.39051,0,1,0,1,101
3138,2026-06-05T08:33:44.315Z,0,55.8,0,28.6,87.9,26.39051,0,1,0,1,101
3139,2026-06-05T08:35:44.310Z,0,58.46667,0,28.6,87.1,26.23527,0,1,0,1,101
3140,2026-06-05T08:37:44.305Z,0,58.46667,0,28.6,87.1,26.23527,0,1,0,1,101
3141,2026-06-05T08:39:44.300Z,0,58.46667,0,28.6,87.1,26.23527,0,1,0,1,101
3142,2026-06-05T08:41:44.295Z,0,58.46667,0,28.6,87.1,26.23527,0,1,0,1,101
3143,2026-06-05T08:43:44.290Z,0,58.46667,0,28.6,87.1,26.23527,0,1,0,1,101
3144,2026-06-05T08:45:44.285Z,0,58.46667,0,28.6,87.1,26.23527,0,1,0,1,101
3145,2026-06-05T08:47:44.280Z,0,58.46667,0,28.6,87.1,26.23527,0,1,0,1,101
3146,2026-06-05T08:49:44.275Z,0,58.46667,0,28.6,87.1,26.23527,0,1,0,1,101
3147,2026-06-05T08:51:44.270Z,0,58.46667,0,28.6,87.1,26.23527,0,1,0,1,101
3148,2026-06-05T08:53:44.265Z,0,58.46667,0,28.6,87.1,26.23527,0,1,0,1,101
3149,2026-06-05T08:55:44.260Z,0,58.46667,0,28.6,87.1,26.23527,0,1,0,1,101
3150,2026-06-05T08:57:44.255Z,0,58.46667,0,28.6,87.1,26.23527,0,1,0,1,101
3151,2026-06-05T08:59:44.250Z,0,55.2,0,28.6,86.6,26.13761,0,1,0,1,101
3152,2026-06-05T09:01:44.245Z,0,55.2,0,28.6,86.6,26.13761,0,1,0,1,101
3153,2026-06-05T09:03:44.240Z,0,55.2,0,28.6,86.6,26.13761,0,1,0,1,101
3154,2026-06-05T09:05:44.235Z,0,55.2,0,28.6,86.6,26.13761,0,1,0,1,101
3155,2026-06-05T09:07:44.230Z,0,55.2,0,28.6,86.6,26.13761,0,1,0,1,101
3156,2026-06-05T09:09:44.225Z,0,55.2,0,28.6,86.6,26.13761,0,1,0,1,101
3157,2026-06-05T09:11:44.220Z,0,55.2,0,28.6,86.6,26.13761,0,1,0,1,101
3158,2026-06-05T09:13:44.215Z,0,55.2,0,28.6,86.6,26.13761,0,1,0,1,101
3159,2026-06-05T09:15:44.210Z,0,55.2,0,28.6,86.6,26.13761,0,1,0,1,101
3160,2026-06-05T09:17:44.205Z,0,55.2,0,28.6,86.6,26.13761,0,1,0,1,101
3161,2026-06-05T09:19:44.200Z,0,55.06667,0,28.6,86.2,26.05913,0,1,0,1,101
3162,2026-06-05T09:21:44.195Z,0,55.06667,0,28.6,86.2,26.05913,0,1,0,1,101
3163,2026-06-05T09:23:44.190Z,0,55.06667,0,28.6,86.2,26.05913,0,1,0,1,101
3164,2026-06-05T09:25:44.185Z,0,55.06667,0,28.6,86.2,26.05913,0,1,0,1,101
3165,2026-06-05T09:27:44.180Z,0,55.06667,0,28.6,86.2,26.05913,0,1,0,1,101
3166,2026-06-05T09:29:44.175Z,0,55.06667,0,28.6,86.2,26.05913,0,1,0,1,101
3167,2026-06-05T09:31:44.170Z,0,55.06667,0,28.6,86.2,26.05913,0,1,0,1,101
3168,2026-06-05T09:33:44.165Z,0,55.06667,0,28.6,86.2,26.05913,0,1,0,1,101
3169,2026-06-05T09:35:44.160Z,0,55.06667,0,28.6,86.2,26.05913,0,1,0,1,101
3170,2026-06-05T09:37:44.155Z,0,55.06667,0,28.6,86.2,26.05913,0,1,0,1,101
3171,2026-06-05T09:39:44.150Z,0,55.06667,0,28.6,86.2,26.05913,0,1,0,1,101
3172,2026-06-05T09:41:44.145Z,0,57.13334,0,28.6,86.1,26.03946,0,1,0,1,101
3173,2026-06-05T09:43:44.140Z,0,57.13334,0,28.6,86.1,26.03946,0,1,0,1,101
3174,2026-06-05T09:45:44.135Z,0,57.13334,0,28.6,86.1,26.03946,0,1,0,1,101
3175,2026-06-05T09:47:44.130Z,0,57.13334,0,28.6,86.1,26.03946,0,1,0,1,101
3176,2026-06-05T09:49:44.125Z,0,57.13334,0,28.6,86.1,26.03946,0,1,0,1,101
3177,2026-06-05T09:51:44.120Z,0,57.13334,0,28.6,86.1,26.03946,0,1,0,1,101
3178,2026-06-05T09:53:44.115Z,0,57.13334,0,28.6,86.1,26.03946,0,1,0,1,101
3179,2026-06-05T09:55:44.110Z,0,57.13334,0,28.6,86.1,26.03946,0,1,0,1,101
3180,2026-06-05T09:57:44.105Z,0,57.13334,0,28.6,86.1,26.03946,0,1,0,1,101
3181,2026-06-05T09:59:44.100Z,0,57.13334,0,28.6,86.1,26.03946,0,1,0,1,101
3182,2026-06-05T10:01:44.095Z,0,57.86666,0,28.6,86.1,26.03946,0,1,0,1,101
3183,2026-06-05T10:03:44.090Z,0,57.86666,0,28.6,86.1,26.03946,0,1,0,1,101
3184,2026-06-05T10:05:44.085Z,0,57.86666,0,28.6,86.1,26.03946,0,1,0,1,101
3185,2026-06-05T10:07:44.080Z,0,57.86666,0,28.6,86.1,26.03946,0,1,0,1,101
3186,2026-06-05T10:09:44.075Z,0,57.86666,0,28.6,86.1,26.03946,0,1,0,1,101
3187,2026-06-05T10:11:44.070Z,0,57.86666,0,28.6,86.1,26.03946,0,1,0,1,101
3188,2026-06-05T10:13:44.065Z,0,57.86666,0,28.6,86.1,26.03946,0,1,0,1,101
3189,2026-06-05T10:15:44.060Z,0,57.86666,0,28.6,86.1,26.03946,0,1,0,1,101
3190,2026-06-05T10:17:44.055Z,0,57.86666,0,28.6,86.1,26.03946,0,1,0,1,101
3191,2026-06-05T10:19:44.050Z,0,57.86666,0,28.6,86.1,26.03946,0,1,0,1,101
3192,2026-06-05T10:21:44.045Z,0,57.86666,0,28.6,86.1,26.03946,0,1,0,1,101
3193,2026-06-05T10:23:44.040Z,0,54.8,0,28.6,85.9,26.00006,0,1,0,1,101
3194,2026-06-05T10:25:44.035Z,0,54.8,0,28.6,85.9,26.00006,0,1,0,1,101
3195,2026-06-05T10:27:44.030Z,0,54.8,0,28.6,85.9,26.00006,0,1,0,1,101
3196,2026-06-05T10:29:44.025Z,0,54.8,0,28.6,85.9,26.00006,0,1,0,1,101
3197,2026-06-05T10:31:44.020Z,0,54.8,0,28.6,85.9,26.00006,0,1,0,1,101
3198,2026-06-05T10:33:44.015Z,0,54.8,0,28.6,85.9,26.00006,0,1,0,1,101
3199,2026-06-05T10:35:44.010Z,0,54.8,0,28.6,85.9,26.00006,0,1,0,1,101
3200,2026-06-05T10:37:44.005Z,0,54.8,0,28.6,85.9,26.00006,0,1,0,1,101
3201,2026-06-05T10:39:44.000Z,0,54.8,0,28.6,85.9,26.00006,0,1,0,1,101
3202,2026-06-05T10:41:43.995Z,0,54.8,0,28.6,85.9,26.00006,0,1,0,1,101
3203,2026-06-05T10:43:43.990Z,0,54.8,0,28.6,85.9,26.00006,0,1,0,1,101
3204,2026-06-05T10:45:43.985Z,0,56.13334,0,28.6,86.1,26.03946,0,1,0,1,101
3205,2026-06-05T10:47:43.980Z,0,56.13334,0,28.6,86.1,26.03946,0,1,0,1,101
3206,2026-06-05T10:49:43.975Z,0,56.13334,0,28.6,86.1,26.03946,0,1,0,1,101
3207,2026-06-05T10:51:43.970Z,0,56.13334,0,28.6,86.1,26.03946,0,1,0,1,101
3208,2026-06-05T10:53:43.965Z,0,56.13334,0,28.6,86.1,26.03946,0,1,0,1,101
3209,2026-06-05T10:55:43.960Z,0,56.13334,0,28.6,86.1,26.03946,0,1,0,1,101
3210,2026-06-05T10:57:43.955Z,0,56.13334,0,28.6,86.1,26.03946,0,1,0,1,101
3211,2026-06-05T10:59:43.950Z,0,56.13334,0,28.6,86.1,26.03946,0,1,0,1,101
3212,2026-06-05T11:01:43.945Z,0,56.13334,0,28.6,86.1,26.03946,0,1,0,1,101
3213,2026-06-05T11:03:43.940Z,0,56.13334,0,28.6,86.1,26.03946,0,1,0,1,101
3214,2026-06-05T11:05:43.935Z,0,56.13334,0,28.6,86.1,26.03946,0,1,0,1,101
3215,2026-06-05T11:07:43.930Z,0,55.46667,0,28.5,85.5,25.82301,0,1,0,1,101
3216,2026-06-05T11:09:43.925Z,0,55.46667,0,28.5,85.5,25.82301,0,1,0,1,101
3217,2026-06-05T11:11:43.920Z,0,55.46667,0,28.5,85.5,25.82301,0,1,0,1,101
3218,2026-06-05T11:13:43.915Z,0,55.46667,0,28.5,85.5,25.82301,0,1,0,1,101
3219,2026-06-05T11:15:43.910Z,0,55.46667,0,28.5,85.5,25.82301,0,1,0,1,101
3220,2026-06-05T11:17:43.905Z,0,55.46667,0,28.5,85.5,25.82301,0,1,0,1,101
3221,2026-06-05T11:19:43.900Z,0,55.46667,0,28.5,85.5,25.82301,0,1,0,1,101
3222,2026-06-05T11:21:43.895Z,0,55.46667,0,28.5,85.5,25.82301,0,1,0,1,101
3223,2026-06-05T11:23:43.890Z,0,55.46667,0,28.5,85.5,25.82301,0,1,0,1,101
3224,2026-06-05T11:25:43.885Z,0,55.46667,0,28.5,85.5,25.82301,0,1,0,1,101
3225,2026-06-05T11:27:43.880Z,0,55.46667,0,28.5,85.5,25.82301,0,1,0,1,101
3226,2026-06-05T11:29:43.875Z,0,58.46667,0,28.5,85.8,25.88228,0,1,0,1,101
3227,2026-06-05T11:31:43.870Z,0,58.46667,0,28.5,85.8,25.88228,0,1,0,1,101
3228,2026-06-05T11:33:43.865Z,0,58.46667,0,28.5,85.8,25.88228,0,1,0,1,101
3229,2026-06-05T11:35:43.860Z,0,58.46667,0,28.5,85.8,25.88228,0,1,0,1,101
3230,2026-06-05T11:37:43.855Z,0,58.46667,0,28.5,85.8,25.88228,0,1,0,1,101
3231,2026-06-05T11:39:43.850Z,0,58.46667,0,28.5,85.8,25.88228,0,1,0,1,101
3232,2026-06-05T11:41:43.845Z,0,58.46667,0,28.5,85.8,25.88228,0,1,0,1,101
3233,2026-06-05T11:43:43.840Z,0,58.46667,0,28.5,85.8,25.88228,0,1,0,1,101
3234,2026-06-05T11:45:43.835Z,0,58.46667,0,28.5,85.8,25.88228,0,1,0,1,101
3235,2026-06-05T11:47:43.830Z,0,58.46667,0,28.5,85.8,25.88228,0,1,0,1,101
3236,2026-06-05T11:49:43.825Z,0,58.46667,0,28.5,85.8,25.88228,0,1,0,1,101
3237,2026-06-05T11:51:43.820Z,0,55.8,0,28.6,86.3,26.07878,0,1,0,1,101
3238,2026-06-05T11:53:43.815Z,0,55.8,0,28.6,86.3,26.07878,0,1,0,1,101
3239,2026-06-05T11:55:43.810Z,0,55.8,0,28.6,86.3,26.07878,0,1,0,1,101
3240,2026-06-05T11:57:43.805Z,0,55.8,0,28.6,86.3,26.07878,0,1,0,1,101
3241,2026-06-05T11:59:43.800Z,0,55.8,0,28.6,86.3,26.07878,0,1,0,1,101
3242,2026-06-05T12:01:43.795Z,0,55.8,0,28.6,86.3,26.07878,0,1,0,1,101
3243,2026-06-05T12:03:43.790Z,0,59.86666,0,27.4,91.4,25.8694,0,1,0,1,101
3244,2026-06-05T12:05:43.785Z,0,59.86666,0,27.4,91.4,25.8694,0,1,0,1,101
3245,2026-06-05T12:07:43.780Z,0,59.86666,0,27.4,91.4,25.8694,0,1,0,1,101
3246,2026-06-05T12:09:43.775Z,0,59.86666,0,27.4,91.4,25.8694,0,1,0,1,101
3247,2026-06-05T12:11:43.770Z,0,59.86666,0,27.4,91.4,25.8694,0,1,0,1,101
3248,2026-06-05T12:13:43.765Z,0,56.73333,0,27.4,91.5,25.8879,0,1,0,1,101
3249,2026-06-05T12:15:43.760Z,0,56.73333,0,27.4,91.5,25.8879,0,1,0,1,101
3250,2026-06-05T12:17:43.755Z,0,56.73333,0,27.4,91.5,25.8879,0,1,0,1,101
3251,2026-06-05T12:19:43.750Z,0,56.73333,0,27.4,91.5,25.8879,0,1,0,1,101
3252,2026-06-05T12:21:43.745Z,0,56.73333,0,27.4,91.5,25.8879,0,1,0,1,101
3253,2026-06-05T12:23:43.740Z,0,56.73333,0,27.4,91.5,25.8879,0,1,0,1,101
3254,2026-06-05T12:25:43.735Z,0,56.73333,0,27.4,91.5,25.8879,0,1,0,1,101
3255,2026-06-05T12:27:43.730Z,0,56.73333,0,27.4,91.5,25.8879,0,1,0,1,101
3256,2026-06-05T12:29:43.725Z,0,56.73333,0,27.4,91.5,25.8879,0,1,0,1,101
3257,2026-06-05T12:31:43.720Z,0,56.73333,0,27.4,91.5,25.8879,0,1,0,1,101
3258,2026-06-05T12:33:43.715Z,0,56.73333,0,27.4,91.5,25.8879,0,1,0,1,101
3259,2026-06-05T12:35:43.710Z,0,55.93333,0,27.5,91.6,26.00527,0,1,0,1,101
3260,2026-06-05T12:37:43.705Z,0,55.93333,0,27.5,91.6,26.00527,0,1,0,1,101
3261,2026-06-05T12:39:43.700Z,0,55.93333,0,27.5,91.6,26.00527,0,1,0,1,101
3262,2026-06-05T12:41:43.695Z,0,55.93333,0,27.5,91.6,26.00527,0,1,0,1,101
3263,2026-06-05T12:43:43.690Z,0,55.93333,0,27.5,91.6,26.00527,0,1,0,1,101
3264,2026-06-05T12:45:43.685Z,0,55.93333,0,27.5,91.6,26.00527,0,1,0,1,101
3265,2026-06-05T12:47:43.680Z,0,55.93333,0,27.5,91.6,26.00527,0,1,0,1,101
3266,2026-06-05T12:49:43.675Z,0,55.93333,0,27.5,91.6,26.00527,0,1,0,1,101
3267,2026-06-05T12:51:43.670Z,0,55.93333,0,27.5,91.6,26.00527,0,1,0,1,101
3268,2026-06-05T12:53:43.665Z,0,55.93333,0,27.5,91.6,26.00527,0,1,0,1,101
3269,2026-06-05T12:55:43.660Z,0,58.86666,0,27.5,91.5,25.98677,0,1,0,1,101
3270,2026-06-05T12:57:43.655Z,0,58.86666,0,27.5,91.5,25.98677,0,1,0,1,101
3271,2026-06-05T12:59:43.650Z,0,58.86666,0,27.5,91.5,25.98677,0,1,0,1,101
3272,2026-06-05T13:01:43.645Z,0,58.86666,0,27.5,91.5,25.98677,0,1,0,1,101
3273,2026-06-05T13:03:43.640Z,0,58.86666,0,27.5,91.5,25.98677,0,1,0,1,101
3274,2026-06-05T13:05:43.635Z,0,58.86666,0,27.5,91.5,25.98677,0,1,0,1,101
3275,2026-06-05T13:07:43.630Z,0,58.86666,0,27.5,91.5,25.98677,0,1,0,1,101
3276,2026-06-05T13:09:43.625Z,0,58.86666,0,27.5,91.5,25.98677,0,1,0,1,101
3277,2026-06-05T13:11:43.620Z,0,58.86666,0,27.5,91.5,25.98677,0,1,0,1,101
3278,2026-06-05T13:13:43.615Z,0,58.86666,0,27.5,91.5,25.98677,0,1,0,1,101
3279,2026-06-05T13:15:43.610Z,0,58.86666,0,27.5,91.5,25.98677,0,1,0,1,101
3280,2026-06-05T13:17:43.605Z,0,57.26667,0,27.5,91.5,25.98677,0,1,0,1,101
3281,2026-06-05T13:19:43.600Z,0,57.26667,0,27.5,91.5,25.98677,0,1,0,1,101
3282,2026-06-05T13:21:43.595Z,0,57.26667,0,27.5,91.5,25.98677,0,1,0,1,101
3283,2026-06-05T13:23:43.590Z,0,57.26667,0,27.5,91.5,25.98677,0,1,0,1,101
3284,2026-06-05T13:25:43.585Z,0,57.26667,0,27.5,91.5,25.98677,0,1,0,1,101
3285,2026-06-05T13:27:43.580Z,0,57.26667,0,27.5,91.5,25.98677,0,1,0,1,101
3286,2026-06-05T13:29:43.575Z,0,57.26667,0,27.5,91.5,25.98677,0,1,0,1,101
3287,2026-06-05T13:31:43.570Z,0,57.26667,0,27.5,91.5,25.98677,0,1,0,1,101
3288,2026-06-05T13:33:43.565Z,0,57.26667,0,27.5,91.5,25.98677,0,1,0,1,101
3289,2026-06-05T13:35:43.560Z,0,57.26667,0,27.5,91.5,25.98677,0,1,0,1,101
3290,2026-06-05T13:37:43.555Z,0,57.26667,0,27.5,91.5,25.98677,0,1,0,1,101
3291,2026-06-05T13:39:43.550Z,0,58.93333,0,27.5,91.5,25.98677,0,1,0,1,101
3292,2026-06-05T13:41:43.545Z,0,58.93333,0,27.5,91.5,25.98677,0,1,0,1,101
3293,2026-06-05T13:43:43.540Z,0,58.93333,0,27.5,91.5,25.98677,0,1,0,1,101
3294,2026-06-05T13:45:43.535Z,0,58.93333,0,27.5,91.5,25.98677,0,1,0,1,101
3295,2026-06-05T13:47:43.530Z,0,58.93333,0,27.5,91.5,25.98677,0,1,0,1,101
3296,2026-06-05T13:49:43.525Z,0,58.93333,0,27.5,91.5,25.98677,0,1,0,1,101
3297,2026-06-05T13:51:43.520Z,0,58.93333,0,27.5,91.5,25.98677,0,1,0,1,101
3298,2026-06-05T13:53:43.515Z,0,58.93333,0,27.5,91.5,25.98677,0,1,0,1,101
3299,2026-06-05T13:55:43.510Z,0,58.93333,0,27.5,91.5,25.98677,0,1,0,1,101
3300,2026-06-05T13:57:43.505Z,0,58.93333,0,27.5,91.5,25.98677,0,1,0,1,101
3301,2026-06-05T13:59:43.500Z,0,58.93333,0,27.5,91.5,25.98677,0,1,0,1,101
3302,2026-06-05T14:01:43.495Z,0,36.13334,0,27.5,91.3,25.94971,0,1,1,1,111
3303,2026-06-05T14:03:43.490Z,0,36.13334,0,27.5,91.3,25.94971,0,1,1,1,111
3304,2026-06-05T14:05:43.485Z,0,36.13334,0,27.5,91.3,25.94971,0,1,1,1,111
3305,2026-06-05T14:07:43.480Z,0,36.13334,0,27.5,91.3,25.94971,0,1,1,1,111
3306,2026-06-05T14:09:43.475Z,0,36.13334,0,27.5,91.3,25.94971,0,1,1,1,111
3307,2026-06-05T14:11:43.470Z,0,36.13334,0,27.5,91.3,25.94971,0,1,1,1,111
3308,2026-06-05T14:13:43.465Z,0,36.13334,0,27.5,91.3,25.94971,0,1,1,1,111
3309,2026-06-05T14:15:43.460Z,0,36.13334,0,27.5,91.3,25.94971,0,1,1,1,111
3310,2026-06-05T14:17:43.455Z,0,36.13334,0,27.5,91.3,25.94971,0,1,1,1,111
3311,2026-06-05T14:19:43.450Z,0,36.13334,0,27.5,91.3,25.94971,0,1,1,1,111
3312,2026-06-05T14:21:43.445Z,0,36.13334,0,27.5,91.3,25.94971,0,1,1,1,111
3313,2026-06-05T14:23:43.440Z,0,42.06667,0,27.5,90.9,25.87538,0,1,1,1,111
3314,2026-06-05T14:25:43.435Z,0,42.06667,0,27.5,90.9,25.87538,0,1,1,1,111
3315,2026-06-05T14:27:43.430Z,0,42.06667,0,27.5,90.9,25.87538,0,1,1,1,111
3316,2026-06-05T14:29:43.425Z,0,42.06667,0,27.5,90.9,25.87538,0,1,1,1,111
3317,2026-06-05T14:31:43.420Z,0,42.06667,0,27.5,90.9,25.87538,0,1,1,1,111
3318,2026-06-05T14:33:43.415Z,0,42.06667,0,27.5,90.9,25.87538,0,1,1,1,111
3319,2026-06-05T14:35:43.410Z,0,42.06667,0,27.5,90.9,25.87538,0,1,1,1,111
3320,2026-06-05T14:37:43.405Z,0,42.06667,0,27.5,90.9,25.87538,0,1,1,1,111
3321,2026-06-05T14:39:43.400Z,0,42.06667,0,27.5,90.9,25.87538,0,1,1,1,111
3322,2026-06-05T14:41:43.395Z,0,42.06667,0,27.5,90.9,25.87538,0,1,1,1,111
3323,2026-06-05T14:43:43.390Z,0,42.06667,0,27.5,90.9,25.87538,0,1,1,1,111
3324,2026-06-05T14:45:43.385Z,0,55,0,27.4,90.5,25.70204,0,1,0,1,101
3325,2026-06-05T14:47:43.380Z,0,55,0,27.4,90.5,25.70204,0,1,0,1,101
3326,2026-06-05T14:49:43.375Z,0,55,0,27.4,90.5,25.70204,0,1,0,1,101
3327,2026-06-05T14:51:43.370Z,0,55,0,27.4,90.5,25.70204,0,1,0,1,101
3328,2026-06-05T14:53:43.365Z,0,55,0,27.4,90.5,25.70204,0,1,0,1,101
3329,2026-06-05T14:55:43.360Z,0,55,0,27.4,90.5,25.70204,0,1,0,1,101
3330,2026-06-05T14:57:43.355Z,0,55,0,27.4,90.5,25.70204,0,1,0,1,101
3331,2026-06-05T14:59:43.350Z,0,55,0,27.4,90.5,25.70204,0,1,0,1,101
3332,2026-06-05T15:01:43.345Z,0,55,0,27.4,90.5,25.70204,0,1,0,1,101
3333,2026-06-05T15:03:43.340Z,0,55,0,27.4,90.5,25.70204,0,1,0,1,101
3334,2026-06-05T15:05:43.335Z,0,55,0,27.4,90.5,25.70204,0,1,0,1,101
3335,2026-06-05T15:07:43.330Z,0,42.46667,0,27.4,90.4,25.68336,0,1,1,1,111
3336,2026-06-05T15:09:43.325Z,0,42.46667,0,27.4,90.4,25.68336,0,1,1,1,111
3337,2026-06-05T15:11:43.320Z,0,42.46667,0,27.4,90.4,25.68336,0,1,1,1,111
3338,2026-06-05T15:13:43.315Z,0,42.46667,0,27.4,90.4,25.68336,0,1,1,1,111
3339,2026-06-05T15:15:43.310Z,0,42.46667,0,27.4,90.4,25.68336,0,1,1,1,111
3340,2026-06-05T15:17:43.305Z,0,42.46667,0,27.4,90.4,25.68336,0,1,1,1,111
3341,2026-06-05T15:19:43.300Z,0,42.46667,0,27.4,90.4,25.68336,0,1,1,1,111
3342,2026-06-05T15:21:43.295Z,0,42.46667,0,27.4,90.4,25.68336,0,1,1,1,111
3343,2026-06-05T15:23:43.290Z,0,42.46667,0,27.4,90.4,25.68336,0,1,1,1,111
3344,2026-06-05T15:25:43.285Z,0,42.46667,0,27.4,90.4,25.68336,0,1,1,1,111
3345,2026-06-05T15:27:43.280Z,0,42.46667,0,27.4,90.4,25.68336,0,1,1,1,111
3346,2026-06-05T15:29:43.275Z,0,46.4,61,27.4,90.4,25.68336,0,1,1,0,110
3347,2026-06-05T15:31:43.270Z,0,46.4,61,27.4,90.4,25.68336,0,1,1,0,110
3348,2026-06-05T15:33:43.265Z,0,46.4,61,27.4,90.4,25.68336,0,1,1,0,110
3349,2026-06-05T15:35:43.260Z,0,46.4,61,27.4,90.4,25.68336,0,1,1,0,110
3350,2026-06-05T15:37:43.255Z,0,46.4,61,27.4,90.4,25.68336,0,1,1,0,110
3351,2026-06-05T15:39:43.250Z,0,46.4,61,27.4,90.4,25.68336,0,1,1,0,110
3352,2026-06-05T15:41:43.245Z,0,46.4,61,27.4,90.4,25.68336,0,1,1,0,110
3353,2026-06-05T15:43:43.240Z,0,46.4,61,27.4,90.4,25.68336,0,1,1,0,110
3354,2026-06-05T15:45:43.235Z,0,46.4,61,27.4,90.4,25.68336,0,1,1,0,110
3355,2026-06-05T15:47:43.230Z,0,46.4,61,27.4,90.4,25.68336,0,1,1,0,110
3356,2026-06-05T15:49:43.225Z,0,46.4,61,27.4,90.4,25.68336,0,1,1,0,110
3357,2026-06-05T15:51:43.220Z,0,49.13334,60.33333,27.5,90.5,25.80077,0,1,1,0,110
3358,2026-06-05T15:53:43.215Z,0,49.13334,60.33333,27.5,90.5,25.80077,0,1,1,0,110
3359,2026-06-05T15:55:43.210Z,0,49.13334,60.33333,27.5,90.5,25.80077,0,1,1,0,110
3360,2026-06-05T15:57:43.205Z,0,49.13334,60.33333,27.5,90.5,25.80077,0,1,1,0,110
3361,2026-06-05T15:59:43.200Z,0,49.13334,60.33333,27.5,90.5,25.80077,0,1,1,0,110
3362,2026-06-05T16:01:43.195Z,0,49.13334,60.33333,27.5,90.5,25.80077,0,1,1,0,110
3363,2026-06-05T16:03:43.190Z,0,49.13334,60.33333,27.5,90.5,25.80077,0,1,1,0,110
3364,2026-06-05T16:05:43.185Z,0,49.13334,60.33333,27.5,90.5,25.80077,0,1,1,0,110
3365,2026-06-05T16:07:43.180Z,0,49.13334,60.33333,27.5,90.5,25.80077,0,1,1,0,110
3366,2026-06-05T16:09:43.175Z,0,49.13334,60.33333,27.5,90.5,25.80077,0,1,1,0,110
3367,2026-06-05T16:11:43.170Z,0,49.13334,60.33333,27.5,90.5,25.80077,0,1,1,0,110
3368,2026-06-05T16:13:43.165Z,0,52.26667,57.06667,27.5,90.4,25.78206,0,1,0,0,100
3369,2026-06-05T16:15:43.160Z,0,52.26667,57.06667,27.5,90.4,25.78206,0,1,0,0,100
3370,2026-06-05T16:17:43.155Z,0,52.26667,57.06667,27.5,90.4,25.78206,0,1,0,0,100
3371,2026-06-05T16:19:43.150Z,0,52.26667,57.06667,27.5,90.4,25.78206,0,1,0,0,100
3372,2026-06-05T16:21:43.145Z,0,52.26667,57.06667,27.5,90.4,25.78206,0,1,0,0,100
3373,2026-06-05T16:23:43.140Z,0,52.26667,57.06667,27.5,90.4,25.78206,0,1,0,0,100
3374,2026-06-05T16:25:43.135Z,0,52.26667,57.06667,27.5,90.4,25.78206,0,1,0,0,100
3375,2026-06-05T16:27:43.130Z,0,52.26667,57.06667,27.5,90.4,25.78206,0,1,0,0,100
3376,2026-06-05T16:29:43.125Z,0,52.26667,57.06667,27.5,90.4,25.78206,0,1,0,0,100
3377,2026-06-05T16:31:43.120Z,0,52.26667,57.06667,27.5,90.4,25.78206,0,1,0,0,100
3378,2026-06-05T16:33:43.115Z,0,52.26667,57.06667,27.5,90.4,25.78206,0,1,0,0,100
3379,2026-06-05T16:35:43.110Z,0,51.53333,58.73333,27.4,90.4,25.68336,0,1,0,0,100
3380,2026-06-05T16:37:43.105Z,0,51.53333,58.73333,27.4,90.4,25.68336,0,1,0,0,100
3381,2026-06-05T16:39:43.100Z,0,51.53333,58.73333,27.4,90.4,25.68336,0,1,0,0,100
3382,2026-06-05T16:41:43.095Z,0,51.53333,58.73333,27.4,90.4,25.68336,0,1,0,0,100
3383,2026-06-05T16:43:43.090Z,0,51.53333,58.73333,27.4,90.4,25.68336,0,1,0,0,100
3384,2026-06-05T16:45:43.085Z,0,51.53333,58.73333,27.4,90.4,25.68336,0,1,0,0,100
3385,2026-06-05T16:47:43.080Z,0,51.53333,58.73333,27.4,90.4,25.68336,0,1,0,0,100
3386,2026-06-05T16:49:43.075Z,0,51.53333,58.73333,27.4,90.4,25.68336,0,1,0,0,100
3387,2026-06-05T16:51:43.070Z,0,51.53333,58.73333,27.4,90.4,25.68336,0,1,0,0,100
3388,2026-06-05T16:53:43.065Z,0,51.53333,58.73333,27.4,90.4,25.68336,0,1,0,0,100
3389,2026-06-05T16:55:43.060Z,0,51.53333,58.73333,27.4,90.4,25.68336,0,1,0,0,100
3390,2026-06-05T16:57:43.055Z,0,54,54.33333,27.4,90.4,25.68336,0,1,0,0,100
3391,2026-06-05T16:59:43.050Z,0,54,54.33333,27.4,90.4,25.68336,0,1,0,0,100
3392,2026-06-05T17:01:43.045Z,0,54,54.33333,27.4,90.4,25.68336,0,1,0,0,100
3393,2026-06-05T17:03:43.040Z,0,54,54.33333,27.4,90.4,25.68336,0,1,0,0,100
3394,2026-06-05T17:05:43.035Z,0,54,54.33333,27.4,90.4,25.68336,0,1,0,0,100
3395,2026-06-05T17:07:43.030Z,0,54,54.33333,27.4,90.4,25.68336,0,1,0,0,100
3396,2026-06-05T17:09:43.025Z,0,54,54.33333,27.4,90.4,25.68336,0,1,0,0,100
3397,2026-06-05T17:11:43.020Z,0,54,54.33333,27.4,90.4,25.68336,0,1,0,0,100
3398,2026-06-05T17:13:43.015Z,0,54,54.33333,27.4,90.4,25.68336,0,1,0,0,100
3399,2026-06-05T17:15:43.010Z,0,54,54.33333,27.4,90.4,25.68336,0,1,0,0,100
3400,2026-06-05T17:17:43.005Z,0,54,54.33333,27.4,90.4,25.68336,0,1,0,0,100
3401,2026-06-05T17:19:43.000Z,0,53.46667,54.06667,27.4,90.4,25.68336,0,1,0,0,100
3402,2026-06-05T17:21:42.995Z,0,53.46667,54.06667,27.4,90.4,25.68336,0,1,0,0,100
3403,2026-06-05T17:23:42.990Z,0,53.46667,54.06667,27.4,90.4,25.68336,0,1,0,0,100
3404,2026-06-05T17:25:42.985Z,0,53.46667,54.06667,27.4,90.4,25.68336,0,1,0,0,100
3405,2026-06-05T17:27:42.980Z,0,53.46667,54.06667,27.4,90.4,25.68336,0,1,0,0,100
3406,2026-06-05T17:29:42.975Z,0,53.46667,54.06667,27.4,90.4,25.68336,0,1,0,0,100
3407,2026-06-05T17:31:42.970Z,0,53.46667,54.06667,27.4,90.4,25.68336,0,1,0,0,100
3408,2026-06-05T17:33:42.965Z,0,53.46667,54.06667,27.4,90.4,25.68336,0,1,0,0,100
3409,2026-06-05T17:35:42.960Z,0,53.46667,54.06667,27.4,90.4,25.68336,0,1,0,0,100
3410,2026-06-05T17:37:42.955Z,0,53.46667,54.06667,27.4,90.4,25.68336,0,1,0,0,100
3411,2026-06-05T17:39:42.950Z,0,53.46667,54.06667,27.4,90.4,25.68336,0,1,0,0,100
3412,2026-06-05T17:41:42.945Z,0,54.2,52,27.4,90.5,25.70204,0,1,0,0,100
3413,2026-06-05T17:43:42.940Z,0,54.2,52,27.4,90.5,25.70204,0,1,0,0,100
3414,2026-06-05T17:45:42.935Z,0,54.2,52,27.4,90.5,25.70204,0,1,0,0,100
3415,2026-06-05T17:47:42.930Z,0,54.2,52,27.4,90.5,25.70204,0,1,0,0,100
3416,2026-06-05T17:49:42.925Z,0,54.2,52,27.4,90.5,25.70204,0,1,0,0,100
3417,2026-06-05T17:51:42.920Z,0,54.2,52,27.4,90.5,25.70204,0,1,0,0,100
3418,2026-06-05T17:53:42.915Z,0,54.2,52,27.4,90.5,25.70204,0,1,0,0,100
3419,2026-06-05T17:55:42.910Z,0,54.2,52,27.4,90.5,25.70204,0,1,0,0,100
3420,2026-06-05T17:57:42.905Z,0,54.2,52,27.4,90.5,25.70204,0,1,0,0,100
3421,2026-06-05T17:59:42.900Z,0,54.2,52,27.4,90.5,25.70204,0,1,0,0,100
3422,2026-06-05T18:01:42.895Z,0,54.2,52,27.4,90.5,25.70204,0,1,0,0,100
3423,2026-06-05T18:03:42.890Z,0,52,54.13334,27.4,90.7,25.73936,0,1,0,0,100
3424,2026-06-05T18:05:42.885Z,0,52,54.13334,27.4,90.7,25.73936,0,1,0,0,100
3425,2026-06-05T18:07:42.880Z,0,52,54.13334,27.4,90.7,25.73936,0,1,0,0,100
3426,2026-06-05T18:09:42.875Z,0,52,54.13334,27.4,90.7,25.73936,0,1,0,0,100
3427,2026-06-05T18:11:42.870Z,0,52,54.13334,27.4,90.7,25.73936,0,1,0,0,100
3428,2026-06-05T18:13:42.865Z,0,52,54.13334,27.4,90.7,25.73936,0,1,0,0,100
3429,2026-06-05T18:15:42.860Z,0,52,54.13334,27.4,90.7,25.73936,0,1,0,0,100
3430,2026-06-05T18:17:42.855Z,0,52,54.13334,27.4,90.7,25.73936,0,1,0,0,100
3431,2026-06-05T18:19:42.850Z,0,52,54.13334,27.4,90.7,25.73936,0,1,0,0,100
3432,2026-06-05T18:21:42.845Z,0,52,54.13334,27.4,90.7,25.73936,0,1,0,0,100
3433,2026-06-05T18:23:42.840Z,0,52,54.13334,27.4,90.7,25.73936,0,1,0,0,100
3434,2026-06-05T18:25:42.835Z,0,51.06667,53.13334,27.4,91,25.79519,0,1,0,0,100
3435,2026-06-05T18:27:42.830Z,0,51.06667,53.13334,27.4,91,25.79519,0,1,0,0,100
3436,2026-06-05T18:29:42.825Z,0,51.06667,53.13334,27.4,91,25.79519,0,1,0,0,100
3437,2026-06-05T18:31:42.820Z,0,51.06667,53.13334,27.4,91,25.79519,0,1,0,0,100
3438,2026-06-05T18:33:42.815Z,0,51.06667,53.13334,27.4,91,25.79519,0,1,0,0,100
3439,2026-06-05T18:35:42.810Z,0,51.06667,53.13334,27.4,91,25.79519,0,1,0,0,100
3440,2026-06-05T18:37:42.805Z,0,51.06667,53.13334,27.4,91,25.79519,0,1,0,0,100
3441,2026-06-05T18:39:42.800Z,0,51.06667,53.13334,27.4,91,25.79519,0,1,0,0,100
3442,2026-06-05T18:41:42.795Z,0,51.06667,53.13334,27.4,91,25.79519,0,1,0,0,100
3443,2026-06-05T18:43:42.790Z,0,51.06667,53.13334,27.4,91,25.79519,0,1,0,0,100
3444,2026-06-05T18:45:42.785Z,0,51.06667,53.13334,27.4,91,25.79519,0,1,0,0,100
3445,2026-06-05T18:47:42.780Z,0,51.86666,52.6,27.4,91.1,25.81377,0,1,0,0,100
3446,2026-06-05T18:49:42.775Z,0,51.86666,52.6,27.4,91.1,25.81377,0,1,0,0,100
3447,2026-06-05T18:51:42.770Z,0,51.86666,52.6,27.4,91.1,25.81377,0,1,0,0,100
3448,2026-06-05T18:53:42.765Z,0,51.86666,52.6,27.4,91.1,25.81377,0,1,0,0,100
3449,2026-06-05T18:55:42.760Z,0,51.86666,52.6,27.4,91.1,25.81377,0,1,0,0,100
3450,2026-06-05T18:57:42.755Z,0,51.86666,52.6,27.4,91.1,25.81377,0,1,0,0,100
3451,2026-06-05T18:59:42.750Z,0,51.86666,52.6,27.4,91.1,25.81377,0,1,0,0,100
3452,2026-06-05T19:01:42.745Z,0,51.86666,52.6,27.4,91.1,25.81377,0,1,0,0,100
3453,2026-06-05T19:03:42.740Z,0,51.86666,52.6,27.4,91.1,25.81377,0,1,0,0,100
3454,2026-06-05T19:05:42.735Z,0,51.86666,52.6,27.4,91.1,25.81377,0,1,0,0,100
3455,2026-06-05T19:07:42.730Z,0,51.86666,52.6,27.4,91.1,25.81377,0,1,0,0,100
3456,2026-06-05T19:09:42.725Z,0,53.46667,47.86666,27.4,91,25.79519,0,1,0,1,101
3457,2026-06-05T19:11:42.720Z,0,53.46667,47.86666,27.4,91,25.79519,0,1,0,1,101
3458,2026-06-05T19:13:42.715Z,0,53.46667,47.86666,27.4,91,25.79519,0,1,0,1,101
3459,2026-06-05T19:15:42.710Z,0,53.46667,47.86666,27.4,91,25.79519,0,1,0,1,101
3460,2026-06-05T19:17:42.705Z,0,53.46667,47.86666,27.4,91,25.79519,0,1,0,1,101
3461,2026-06-05T19:19:42.700Z,0,53.46667,47.86666,27.4,91,25.79519,0,1,0,1,101
3462,2026-06-05T19:21:42.695Z,0,53.46667,47.86666,27.4,91,25.79519,0,1,0,1,101
3463,2026-06-05T19:23:42.690Z,0,53.46667,47.86666,27.4,91,25.79519,0,1,0,1,101
3464,2026-06-05T19:25:42.685Z,0,53.46667,47.86666,27.4,91,25.79519,0,1,0,1,101
3465,2026-06-05T19:27:42.680Z,0,53.46667,47.86666,27.4,91,25.79519,0,1,0,1,101
3466,2026-06-05T19:29:42.675Z,0,55.6,48.86666,27.4,90.9,25.7766,0,1,0,1,101
3467,2026-06-05T19:31:42.670Z,0,55.6,48.86666,27.4,90.9,25.7766,0,1,0,1,101
3468,2026-06-05T19:33:42.665Z,0,55.6,48.86666,27.4,90.9,25.7766,0,1,0,1,101
3469,2026-06-05T19:35:42.660Z,0,55.6,48.86666,27.4,90.9,25.7766,0,1,0,1,101
3470,2026-06-05T19:37:42.655Z,0,55.6,48.86666,27.4,90.9,25.7766,0,1,0,1,101
3471,2026-06-05T19:39:42.650Z,0,55.6,48.86666,27.4,90.9,25.7766,0,1,0,1,101
3472,2026-06-05T19:41:42.645Z,0,55.6,48.86666,27.4,90.9,25.7766,0,1,0,1,101
3473,2026-06-05T19:43:42.640Z,0,55.6,48.86666,27.4,90.9,25.7766,0,1,0,1,101
3474,2026-06-05T19:45:42.635Z,0,55.6,48.86666,27.4,90.9,25.7766,0,1,0,1,101
3475,2026-06-05T19:47:42.630Z,0,55.6,48.86666,27.4,90.9,25.7766,0,1,0,1,101
3476,2026-06-05T19:49:42.625Z,0,54.4,46.2,27.4,90.9,25.7766,0,1,0,1,101
3477,2026-06-05T19:51:42.620Z,0,54.4,46.2,27.4,90.9,25.7766,0,1,0,1,101
3478,2026-06-05T19:53:42.615Z,0,54.4,46.2,27.4,90.9,25.7766,0,1,0,1,101
3479,2026-06-05T19:55:42.610Z,0,54.4,46.2,27.4,90.9,25.7766,0,1,0,1,101
3480,2026-06-05T19:57:42.605Z,0,54.4,46.2,27.4,90.9,25.7766,0,1,0,1,101
3481,2026-06-05T19:59:42.600Z,0,54.4,46.2,27.4,90.9,25.7766,0,1,0,1,101
3482,2026-06-05T20:01:42.595Z,0,54.4,46.2,27.4,90.9,25.7766,0,1,0,1,101
3483,2026-06-05T20:03:42.590Z,0,54.4,46.2,27.4,90.9,25.7766,0,1,0,1,101
3484,2026-06-05T20:05:42.585Z,0,54.4,46.2,27.4,90.9,25.7766,0,1,0,1,101
3485,2026-06-05T20:07:42.580Z,0,54.4,46.2,27.4,90.9,25.7766,0,1,0,1,101
3486,2026-06-05T20:09:42.575Z,0,54.4,46.2,27.4,90.9,25.7766,0,1,0,1,101
3487,2026-06-05T20:11:42.570Z,0,52.33333,50.4,27.4,90.8,25.75799,0,1,0,0,100
3488,2026-06-05T20:13:42.565Z,0,52.33333,50.4,27.4,90.8,25.75799,0,1,0,0,100
3489,2026-06-05T20:15:42.560Z,0,52.33333,50.4,27.4,90.8,25.75799,0,1,0,0,100
3490,2026-06-05T20:17:42.555Z,0,52.33333,50.4,27.4,90.8,25.75799,0,1,0,0,100
3491,2026-06-05T20:19:42.550Z,0,52.33333,50.4,27.4,90.8,25.75799,0,1,0,0,100
3492,2026-06-05T20:21:42.545Z,0,52.33333,50.4,27.4,90.8,25.75799,0,1,0,0,100
3493,2026-06-05T20:23:42.540Z,0,52.33333,50.4,27.4,90.8,25.75799,0,1,0,0,100
3494,2026-06-05T20:25:42.535Z,0,52.33333,50.4,27.4,90.8,25.75799,0,1,0,0,100
3495,2026-06-05T20:27:42.530Z,0,52.33333,50.4,27.4,90.8,25.75799,0,1,0,0,100
3496,2026-06-05T20:29:42.525Z,0,52.33333,50.4,27.4,90.8,25.75799,0,1,0,0,100
3497,2026-06-05T20:31:42.520Z,0,51.46667,48.46667,27.4,90.8,25.75799,0,1,0,1,101
3498,2026-06-05T20:33:42.515Z,0,51.46667,48.46667,27.4,90.8,25.75799,0,1,0,1,101
3499,2026-06-05T20:35:42.510Z,0,51.46667,48.46667,27.4,90.8,25.75799,0,1,0,1,101
3500,2026-06-05T20:37:42.505Z,0,51.46667,48.46667,27.4,90.8,25.75799,0,1,0,1,101
3501,2026-06-05T20:39:42.500Z,0,51.46667,48.46667,27.4,90.8,25.75799,0,1,0,1,101
3502,2026-06-05T20:41:42.495Z,0,51.46667,48.46667,27.4,90.8,25.75799,0,1,0,1,101
3503,2026-06-05T20:43:42.490Z,0,51.46667,48.46667,27.4,90.8,25.75799,0,1,0,1,101
3504,2026-06-05T20:45:42.485Z,0,51.46667,48.46667,27.4,90.8,25.75799,0,1,0,1,101
3505,2026-06-05T20:47:42.480Z,0,51.46667,48.46667,27.4,90.8,25.75799,0,1,0,1,101
3506,2026-06-05T20:49:42.475Z,0,51.46667,48.46667,27.4,90.8,25.75799,0,1,0,1,101
3507,2026-06-05T20:51:42.470Z,0,51.46667,48.46667,27.4,90.8,25.75799,0,1,0,1,101
3508,2026-06-05T20:53:42.465Z,0,56.66667,44.2,27.4,90.9,25.7766,0,1,0,1,101
3509,2026-06-05T20:55:42.460Z,0,56.66667,44.2,27.4,90.9,25.7766,0,1,0,1,101
3510,2026-06-05T20:57:42.455Z,0,56.66667,44.2,27.4,90.9,25.7766,0,1,0,1,101
3511,2026-06-05T20:59:42.450Z,0,56.66667,44.2,27.4,90.9,25.7766,0,1,0,1,101
3512,2026-06-05T21:01:42.445Z,0,56.66667,44.2,27.4,90.9,25.7766,0,1,0,1,101
3513,2026-06-05T21:03:42.440Z,0,56.66667,44.2,27.4,90.9,25.7766,0,1,0,1,101
3514,2026-06-05T21:05:42.435Z,0,56.66667,44.2,27.4,90.9,25.7766,0,1,0,1,101
3515,2026-06-05T21:07:42.430Z,0,56.66667,44.2,27.4,90.9,25.7766,0,1,0,1,101
3516,2026-06-05T21:09:42.425Z,0,56.66667,44.2,27.4,90.9,25.7766,0,1,0,1,101
3517,2026-06-05T21:11:42.420Z,0,56.66667,44.2,27.4,90.9,25.7766,0,1,0,1,101
3518,2026-06-05T21:13:42.415Z,0,56.66667,44.2,27.4,90.9,25.7766,0,1,0,1,101
3519,2026-06-05T21:15:42.410Z,0,53,47.53333,27.4,90.9,25.7766,0,1,0,1,101
3520,2026-06-05T21:17:42.405Z,0,53,47.53333,27.4,90.9,25.7766,0,1,0,1,101
3521,2026-06-05T21:19:42.400Z,0,53,47.53333,27.4,90.9,25.7766,0,1,0,1,101
3522,2026-06-05T21:21:42.395Z,0,53,47.53333,27.4,90.9,25.7766,0,1,0,1,101
3523,2026-06-05T21:23:42.390Z,0,53,47.53333,27.4,90.9,25.7766,0,1,0,1,101
3524,2026-06-05T21:25:42.385Z,0,53,47.53333,27.4,90.9,25.7766,0,1,0,1,101
3525,2026-06-05T21:27:42.380Z,0,53,47.53333,27.4,90.9,25.7766,0,1,0,1,101
3526,2026-06-05T21:29:42.375Z,0,53,47.53333,27.4,90.9,25.7766,0,1,0,1,101
3527,2026-06-05T21:31:42.370Z,0,53,47.53333,27.4,90.9,25.7766,0,1,0,1,101
3528,2026-06-05T21:33:42.365Z,0,53,47.53333,27.4,90.9,25.7766,0,1,0,1,101
3529,2026-06-05T21:35:42.360Z,0,53,47.53333,27.4,90.9,25.7766,0,1,0,1,101
3530,2026-06-05T21:37:42.355Z,0,53,49.06667,27.4,91,25.79519,0,1,0,1,101
3531,2026-06-05T21:39:42.350Z,0,53,49.06667,27.4,91,25.79519,0,1,0,1,101
3532,2026-06-05T21:41:42.345Z,0,53,49.06667,27.4,91,25.79519,0,1,0,1,101
3533,2026-06-05T21:43:42.340Z,0,53,49.06667,27.4,91,25.79519,0,1,0,1,101
3534,2026-06-05T21:45:42.335Z,0,53,49.06667,27.4,91,25.79519,0,1,0,1,101
3535,2026-06-05T21:47:42.330Z,0,53,49.06667,27.4,91,25.79519,0,1,0,1,101
3536,2026-06-05T21:49:42.325Z,0,53,49.06667,27.4,91,25.79519,0,1,0,1,101
3537,2026-06-05T21:51:42.320Z,0,53,49.06667,27.4,91,25.79519,0,1,0,1,101
3538,2026-06-05T21:53:42.315Z,0,53,49.06667,27.4,91,25.79519,0,1,0,1,101
3539,2026-06-05T21:55:42.310Z,0,53,49.06667,27.4,91,25.79519,0,1,0,1,101
3540,2026-06-05T21:57:42.305Z,0,53,49.06667,27.4,91,25.79519,0,1,0,1,101
3541,2026-06-05T21:59:42.300Z,0,51.26667,42.4,27.4,91.3,25.85087,0,1,0,1,101
3542,2026-06-05T22:01:42.295Z,0,51.26667,42.4,27.4,91.3,25.85087,0,1,0,1,101
3543,2026-06-05T22:03:42.290Z,0,51.26667,42.4,27.4,91.3,25.85087,0,1,0,1,101
3544,2026-06-05T22:05:42.285Z,0,51.26667,42.4,27.4,91.3,25.85087,0,1,0,1,101
3545,2026-06-05T22:07:42.280Z,0,51.26667,42.4,27.4,91.3,25.85087,0,1,0,1,101
3546,2026-06-05T22:09:42.275Z,0,51.26667,42.4,27.4,91.3,25.85087,0,1,0,1,101
3547,2026-06-05T22:11:42.270Z,0,51.26667,42.4,27.4,91.3,25.85087,0,1,0,1,101
3548,2026-06-05T22:13:42.265Z,0,51.26667,42.4,27.4,91.3,25.85087,0,1,0,1,101
3549,2026-06-05T22:15:42.260Z,0,51.26667,42.4,27.4,91.3,25.85087,0,1,0,1,101
3550,2026-06-05T22:17:42.255Z,0,51.26667,42.4,27.4,91.3,25.85087,0,1,0,1,101
3551,2026-06-05T22:19:42.250Z,0,51.26667,42.4,27.4,91.3,25.85087,0,1,0,1,101
3552,2026-06-05T22:21:42.245Z,0,51.73333,45.8,27.4,91.4,25.8694,0,1,0,1,101
3553,2026-06-05T22:23:42.240Z,0,51.73333,45.8,27.4,91.4,25.8694,0,1,0,1,101
3554,2026-06-05T22:25:42.235Z,0,51.73333,45.8,27.4,91.4,25.8694,0,1,0,1,101
3555,2026-06-05T22:27:42.230Z,0,51.73333,45.8,27.4,91.4,25.8694,0,1,0,1,101
3556,2026-06-05T22:29:42.225Z,0,51.73333,45.8,27.4,91.4,25.8694,0,1,0,1,101
3557,2026-06-05T22:31:42.220Z,0,51.73333,45.8,27.4,91.4,25.8694,0,1,0,1,101
3558,2026-06-05T22:33:42.215Z,0,51.73333,45.8,27.4,91.4,25.8694,0,1,0,1,101
3559,2026-06-05T22:35:42.210Z,0,51.73333,45.8,27.4,91.4,25.8694,0,1,0,1,101
3560,2026-06-05T22:37:42.205Z,0,51.73333,45.8,27.4,91.4,25.8694,0,1,0,1,101
3561,2026-06-05T22:39:42.200Z,0,51.73333,45.8,27.4,91.4,25.8694,0,1,0,1,101
3562,2026-06-05T22:41:42.195Z,0,51.73333,45.8,27.4,91.4,25.8694,0,1,0,1,101
3563,2026-06-05T22:43:42.190Z,0,54.13334,42.6,27.4,91.5,25.8879,0,1,0,1,101
3564,2026-06-05T22:45:42.185Z,0,54.13334,42.6,27.4,91.5,25.8879,0,1,0,1,101
3565,2026-06-05T22:47:42.180Z,0,54.13334,42.6,27.4,91.5,25.8879,0,1,0,1,101
3566,2026-06-05T22:49:42.175Z,0,54.13334,42.6,27.4,91.5,25.8879,0,1,0,1,101
3567,2026-06-05T22:51:42.170Z,0,54.13334,42.6,27.4,91.5,25.8879,0,1,0,1,101
3568,2026-06-05T22:53:42.165Z,0,54.13334,42.6,27.4,91.5,25.8879,0,1,0,1,101
3569,2026-06-05T22:55:42.160Z,0,54.13334,42.6,27.4,91.5,25.8879,0,1,0,1,101
3570,2026-06-05T22:57:42.155Z,0,54.13334,42.6,27.4,91.5,25.8879,0,1,0,1,101
3571,2026-06-05T22:59:42.150Z,0,54.13334,42.6,27.4,91.5,25.8879,0,1,0,1,101
3572,2026-06-05T23:01:42.145Z,0,54.13334,42.6,27.4,91.5,25.8879,0,1,0,1,101
3573,2026-06-05T23:03:42.140Z,0,54.13334,42.6,27.4,91.5,25.8879,0,1,0,1,101
3574,2026-06-05T23:05:42.135Z,0,52.93333,45,27.4,91.5,25.8879,0,1,0,1,101
3575,2026-06-05T23:07:42.130Z,0,52.93333,45,27.4,91.5,25.8879,0,1,0,1,101
3576,2026-06-05T23:09:42.125Z,0,52.93333,45,27.4,91.5,25.8879,0,1,0,1,101
3577,2026-06-05T23:11:42.120Z,0,52.93333,45,27.4,91.5,25.8879,0,1,0,1,101
3578,2026-06-05T23:13:42.115Z,0,52.93333,45,27.4,91.5,25.8879,0,1,0,1,101
3579,2026-06-05T23:15:42.110Z,0,52.93333,45,27.4,91.5,25.8879,0,1,0,1,101
3580,2026-06-05T23:17:42.105Z,0,52.93333,45,27.4,91.5,25.8879,0,1,0,1,101
3581,2026-06-05T23:19:42.100Z,0,52.93333,45,27.4,91.5,25.8879,0,1,0,1,101
3582,2026-06-05T23:21:42.095Z,0,52.93333,45,27.4,91.5,25.8879,0,1,0,1,101
3583,2026-06-05T23:23:42.090Z,0,52.93333,45,27.4,91.5,25.8879,0,1,0,1,101
3584,2026-06-05T23:25:42.085Z,0,52.93333,45,27.4,91.5,25.8879,0,1,0,1,101
3585,2026-06-05T23:27:42.080Z,0,55.73333,41.33333,27.4,91.5,25.8879,0,1,0,1,101
3586,2026-06-05T23:29:42.075Z,0,55.73333,41.33333,27.4,91.5,25.8879,0,1,0,1,101
3587,2026-06-05T23:31:42.070Z,0,55.73333,41.33333,27.4,91.5,25.8879,0,1,0,1,101
3588,2026-06-05T23:33:42.065Z,0,55.73333,41.33333,27.4,91.5,25.8879,0,1,0,1,101
3589,2026-06-05T23:35:42.060Z,0,55.73333,41.33333,27.4,91.5,25.8879,0,1,0,1,101
3590,2026-06-05T23:37:42.055Z,0,55.73333,41.33333,27.4,91.5,25.8879,0,1,0,1,101
3591,2026-06-05T23:39:42.050Z,0,55.73333,41.33333,27.4,91.5,25.8879,0,1,0,1,101
3592,2026-06-05T23:41:42.045Z,0,55.73333,41.33333,27.4,91.5,25.8879,0,1,0,1,101
3593,2026-06-05T23:43:42.040Z,0,55.73333,41.33333,27.4,91.5,25.8879,0,1,0,1,101
3594,2026-06-05T23:45:42.035Z,0,55.73333,41.33333,27.4,91.5,25.8879,0,1,0,1,101
3595,2026-06-05T23:47:42.030Z,0,55.73333,41.33333,27.4,91.5,25.8879,0,1,0,1,101
3596,2026-06-05T23:49:42.025Z,0,51.93333,43.33333,27.4,91.5,25.8879,0,1,0,1,101
3597,2026-06-05T23:51:42.020Z,0,51.93333,43.33333,27.4,91.5,25.8879,0,1,0,1,101
3598,2026-06-05T23:53:42.015Z,0,51.93333,43.33333,27.4,91.5,25.8879,0,1,0,1,101
3599,2026-06-05T23:55:42.010Z,0,51.93333,43.33333,27.4,91.5,25.8879,0,1,0,1,101
3600,2026-06-05T23:57:42.005Z,0,51.93333,43.33333,27.4,91.5,25.8879,0,1,0,1,101
3601,2026-06-05T23:59:42.000Z,0,51.93333,43.33333,27.4,91.5,25.8879,0,1,0,1,101
3602,2026-06-06T00:01:41.995Z,0,51.93333,43.33333,27.4,91.5,25.8879,0,1,0,1,101
3603,2026-06-06T00:03:41.990Z,0,51.93333,43.33333,27.4,91.5,25.8879,0,1,0,1,101
3604,2026-06-06T00:05:41.985Z,0,51.93333,43.33333,27.4,91.5,25.8879,0,1,0,1,101
3605,2026-06-06T00:07:41.980Z,0,51.93333,43.33333,27.4,91.5,25.8879,0,1,0,1,101
3606,2026-06-06T00:09:41.975Z,0,51.93333,43.33333,27.4,91.5,25.8879,0,1,0,1,101
3607,2026-06-06T00:11:41.970Z,0,53.8,42.93333,27.5,91.7,26.02375,0,1,0,1,101
3608,2026-06-06T00:13:41.965Z,0,53.8,42.93333,27.5,91.7,26.02375,0,1,0,1,101
3609,2026-06-06T00:15:41.960Z,0,53.8,42.93333,27.5,91.7,26.02375,0,1,0,1,101
3610,2026-06-06T00:17:41.955Z,0,53.8,42.93333,27.5,91.7,26.02375,0,1,0,1,101
3611,2026-06-06T00:19:41.950Z,0,53.8,42.93333,27.5,91.7,26.02375,0,1,0,1,101
3612,2026-06-06T00:21:41.945Z,0,53.8,42.93333,27.5,91.7,26.02375,0,1,0,1,101
3613,2026-06-06T00:23:41.940Z,0,53.8,42.93333,27.5,91.7,26.02375,0,1,0,1,101
3614,2026-06-06T00:25:41.935Z,0,53.8,42.93333,27.5,91.7,26.02375,0,1,0,1,101
3615,2026-06-06T00:27:41.930Z,0,53.8,42.93333,27.5,91.7,26.02375,0,1,0,1,101
3616,2026-06-06T00:29:41.925Z,0,53.8,42.93333,27.5,91.7,26.02375,0,1,0,1,101
3617,2026-06-06T00:31:41.920Z,0,53.8,42.93333,27.5,91.7,26.02375,0,1,0,1,101
3618,2026-06-06T00:33:41.915Z,0,53.4,43.66667,27.5,92.3,26.13429,0,1,0,1,101
3619,2026-06-06T00:35:41.910Z,0,53.4,43.66667,27.5,92.3,26.13429,0,1,0,1,101
3620,2026-06-06T00:37:41.905Z,0,53.4,43.66667,27.5,92.3,26.13429,0,1,0,1,101
3621,2026-06-06T00:39:41.900Z,0,53.4,43.66667,27.5,92.3,26.13429,0,1,0,1,101
3622,2026-06-06T00:41:41.895Z,0,53.4,43.66667,27.5,92.3,26.13429,0,1,0,1,101
3623,2026-06-06T00:43:41.890Z,0,53.4,43.66667,27.5,92.3,26.13429,0,1,0,1,101
3624,2026-06-06T00:45:41.885Z,0,53.4,43.66667,27.5,92.3,26.13429,0,1,0,1,101
3625,2026-06-06T00:47:41.880Z,0,53.4,43.66667,27.5,92.3,26.13429,0,1,0,1,101
3626,2026-06-06T00:49:41.875Z,0,53.4,43.66667,27.5,92.3,26.13429,0,1,0,1,101
3627,2026-06-06T00:51:41.870Z,0,53.4,43.66667,27.5,92.3,26.13429,0,1,0,1,101
3628,2026-06-06T00:53:41.865Z,0,53.4,43.66667,27.5,92.3,26.13429,0,1,0,1,101
3629,2026-06-06T00:55:41.860Z,0,54.13334,38.2,27.4,92.5,26.072,0,1,0,1,101
3630,2026-06-06T00:57:41.855Z,0,54.13334,38.2,27.4,92.5,26.072,0,1,0,1,101
3631,2026-06-06T00:59:41.850Z,0,54.13334,38.2,27.4,92.5,26.072,0,1,0,1,101
3632,2026-06-06T01:01:41.845Z,0,54.13334,38.2,27.4,92.5,26.072,0,1,0,1,101
3633,2026-06-06T01:03:41.840Z,0,54.13334,38.2,27.4,92.5,26.072,0,1,0,1,101
3634,2026-06-06T01:05:41.835Z,0,54.13334,38.2,27.4,92.5,26.072,0,1,0,1,101
3635,2026-06-06T01:07:41.830Z,0,54.13334,38.2,27.4,92.5,26.072,0,1,0,1,101
3636,2026-06-06T01:09:41.825Z,0,54.13334,38.2,27.4,92.5,26.072,0,1,0,1,101
3637,2026-06-06T01:11:41.820Z,0,54.13334,38.2,27.4,92.5,26.072,0,1,0,1,101
3638,2026-06-06T01:13:41.815Z,0,54.13334,38.2,27.4,92.5,26.072,0,1,0,1,101
3639,2026-06-06T01:15:41.810Z,0,54.13334,38.2,27.4,92.5,26.072,0,1,0,1,101
3640,2026-06-06T01:17:41.805Z,0,52.8,41.66667,27.4,92.6,26.09031,0,1,0,1,101
3641,2026-06-06T01:19:41.800Z,0,52.8,41.66667,27.4,92.6,26.09031,0,1,0,1,101
3642,2026-06-06T01:21:41.795Z,0,52.8,41.66667,27.4,92.6,26.09031,0,1,0,1,101
3643,2026-06-06T01:23:41.790Z,0,52.8,41.66667,27.4,92.6,26.09031,0,1,0,1,101
3644,2026-06-06T01:25:41.785Z,0,52.8,41.66667,27.4,92.6,26.09031,0,1,0,1,101
3645,2026-06-06T01:27:41.780Z,0,52.8,41.66667,27.4,92.6,26.09031,0,1,0,1,101
3646,2026-06-06T01:29:41.775Z,0,52.8,41.66667,27.4,92.6,26.09031,0,1,0,1,101
3647,2026-06-06T01:31:41.770Z,0,52.8,41.66667,27.4,92.6,26.09031,0,1,0,1,101
3648,2026-06-06T01:33:41.765Z,0,52.8,41.66667,27.4,92.6,26.09031,0,1,0,1,101
3649,2026-06-06T01:35:41.760Z,0,52.8,41.66667,27.4,92.6,26.09031,0,1,0,1,101
3650,2026-06-06T01:37:41.755Z,0,53.26667,41.2,27.4,92.7,26.10861,0,1,0,1,101
3651,2026-06-06T01:39:41.750Z,0,53.26667,41.2,27.4,92.7,26.10861,0,1,0,1,101
3652,2026-06-06T01:41:41.745Z,0,53.26667,41.2,27.4,92.7,26.10861,0,1,0,1,101
3653,2026-06-06T01:43:41.740Z,0,53.26667,41.2,27.4,92.7,26.10861,0,1,0,1,101
3654,2026-06-06T01:45:41.735Z,0,53.26667,41.2,27.4,92.7,26.10861,0,1,0,1,101
3655,2026-06-06T01:47:41.730Z,0,53.26667,41.2,27.4,92.7,26.10861,0,1,0,1,101
3656,2026-06-06T01:49:41.725Z,0,53.26667,41.2,27.4,92.7,26.10861,0,1,0,1,101
3657,2026-06-06T01:51:41.720Z,0,53.26667,41.2,27.4,92.7,26.10861,0,1,0,1,101
3658,2026-06-06T01:53:41.715Z,0,53.26667,41.2,27.4,92.7,26.10861,0,1,0,1,101
3659,2026-06-06T01:55:41.710Z,0,53.26667,41.2,27.4,92.7,26.10861,0,1,0,1,101
3660,2026-06-06T01:57:41.705Z,0,53.26667,41.2,27.4,92.7,26.10861,0,1,0,1,101
3661,2026-06-06T01:59:41.700Z,0,56.06667,38.6,27.4,92.8,26.12689,0,1,0,1,101
3662,2026-06-06T02:01:41.695Z,0,56.06667,38.6,27.4,92.8,26.12689,0,1,0,1,101
3663,2026-06-06T02:03:41.690Z,0,56.06667,38.6,27.4,92.8,26.12689,0,1,0,1,101
3664,2026-06-06T02:05:41.685Z,0,56.06667,38.6,27.4,92.8,26.12689,0,1,0,1,101
3665,2026-06-06T02:07:41.680Z,0,56.06667,38.6,27.4,92.8,26.12689,0,1,0,1,101
3666,2026-06-06T02:09:41.675Z,0,56.06667,38.6,27.4,92.8,26.12689,0,1,0,1,101
3667,2026-06-06T02:11:41.670Z,0,56.06667,38.6,27.4,92.8,26.12689,0,1,0,1,101
3668,2026-06-06T02:13:41.665Z,0,56.06667,38.6,27.4,92.8,26.12689,0,1,0,1,101
3669,2026-06-06T02:15:41.660Z,0,56.06667,38.6,27.4,92.8,26.12689,0,1,0,1,101
3670,2026-06-06T02:17:41.655Z,0,56.06667,38.6,27.4,92.8,26.12689,0,1,0,1,101
3671,2026-06-06T02:19:41.650Z,0,56.06667,38.6,27.4,92.8,26.12689,0,1,0,1,101
3672,2026-06-06T02:21:41.645Z,0,51.33333,37.33333,27.5,92.9,26.24421,0,1,0,1,101
3673,2026-06-06T02:23:41.640Z,0,51.33333,37.33333,27.5,92.9,26.24421,0,1,0,1,101
3674,2026-06-06T02:25:41.635Z,0,51.33333,37.33333,27.5,92.9,26.24421,0,1,0,1,101
3675,2026-06-06T02:27:41.630Z,0,51.33333,37.33333,27.5,92.9,26.24421,0,1,0,1,101
3676,2026-06-06T02:29:41.625Z,0,51.33333,37.33333,27.5,92.9,26.24421,0,1,0,1,101
3677,2026-06-06T02:31:41.620Z,0,51.33333,37.33333,27.5,92.9,26.24421,0,1,0,1,101
3678,2026-06-06T02:33:41.615Z,0,51.33333,37.33333,27.5,92.9,26.24421,0,1,0,1,101
3679,2026-06-06T02:35:41.610Z,0,51.33333,37.33333,27.5,92.9,26.24421,0,1,0,1,101
3680,2026-06-06T02:37:41.605Z,0,51.33333,37.33333,27.5,92.9,26.24421,0,1,0,1,101
3681,2026-06-06T02:39:41.600Z,0,51.33333,37.33333,27.5,92.9,26.24421,0,1,0,1,101
3682,2026-06-06T02:41:41.595Z,0,53,40.73333,27.5,92.7,26.20764,0,1,0,1,101
3683,2026-06-06T02:43:41.590Z,0,53,40.73333,27.5,92.7,26.20764,0,1,0,1,101
3684,2026-06-06T02:45:41.585Z,0,53,40.73333,27.5,92.7,26.20764,0,1,0,1,101
3685,2026-06-06T02:47:41.580Z,0,53,40.73333,27.5,92.7,26.20764,0,1,0,1,101
3686,2026-06-06T02:49:41.575Z,0,53,40.73333,27.5,92.7,26.20764,0,1,0,1,101
3687,2026-06-06T02:51:41.570Z,0,53,40.73333,27.5,92.7,26.20764,0,1,0,1,101
3688,2026-06-06T02:53:41.565Z,0,53,40.73333,27.5,92.7,26.20764,0,1,0,1,101
3689,2026-06-06T02:55:41.560Z,0,53,40.73333,27.5,92.7,26.20764,0,1,0,1,101
3690,2026-06-06T02:57:41.555Z,0,53,40.73333,27.5,92.7,26.20764,0,1,0,1,101
3691,2026-06-06T02:59:41.550Z,0,53,40.73333,27.5,92.7,26.20764,0,1,0,1,101
3692,2026-06-06T03:01:41.545Z,0,53,40.73333,27.5,92.7,26.20764,0,1,0,1,101
3693,2026-06-06T03:03:41.540Z,0,56.2,37.33333,27.5,92.5,26.171,0,1,0,1,101
3694,2026-06-06T03:05:41.535Z,0,56.2,37.33333,27.5,92.5,26.171,0,1,0,1,101
3695,2026-06-06T03:07:41.530Z,0,56.2,37.33333,27.5,92.5,26.171,0,1,0,1,101
3696,2026-06-06T03:09:41.525Z,0,56.2,37.33333,27.5,92.5,26.171,0,1,0,1,101
3697,2026-06-06T03:11:41.520Z,0,56.2,37.33333,27.5,92.5,26.171,0,1,0,1,101
3698,2026-06-06T03:13:41.515Z,0,56.2,37.33333,27.5,92.5,26.171,0,1,0,1,101
3699,2026-06-06T03:15:41.510Z,0,56.2,37.33333,27.5,92.5,26.171,0,1,0,1,101
3700,2026-06-06T03:17:41.505Z,0,56.2,37.33333,27.5,92.5,26.171,0,1,0,1,101
3701,2026-06-06T03:19:41.500Z,0,56.2,37.33333,27.5,92.5,26.171,0,1,0,1,101
3702,2026-06-06T03:21:41.495Z,0,56.2,37.33333,27.5,92.5,26.171,0,1,0,1,101
3703,2026-06-06T03:23:41.490Z,0,56.2,37.33333,27.5,92.5,26.171,0,1,0,1,101
3704,2026-06-06T03:25:41.485Z,0,53,40.2,27.5,92.3,26.13429,0,1,0,1,101
3705,2026-06-06T03:27:41.480Z,0,53,40.2,27.5,92.3,26.13429,0,1,0,1,101
3706,2026-06-06T03:29:41.475Z,0,53,40.2,27.5,92.3,26.13429,0,1,0,1,101
3707,2026-06-06T03:31:41.470Z,0,53,40.2,27.5,92.3,26.13429,0,1,0,1,101
3708,2026-06-06T03:33:41.465Z,0,53,40.2,27.5,92.3,26.13429,0,1,0,1,101
3709,2026-06-06T03:35:41.460Z,0,53,40.2,27.5,92.3,26.13429,0,1,0,1,101
3710,2026-06-06T03:37:41.455Z,0,53,40.2,27.5,92.3,26.13429,0,1,0,1,101
3711,2026-06-06T03:39:41.450Z,0,53,40.2,27.5,92.3,26.13429,0,1,0,1,101
3712,2026-06-06T03:41:41.445Z,0,53,40.2,27.5,92.3,26.13429,0,1,0,1,101
3713,2026-06-06T03:43:41.440Z,0,53,40.2,27.5,92.3,26.13429,0,1,0,1,101
3714,2026-06-06T03:45:41.435Z,0,53,40.2,27.5,92.3,26.13429,0,1,0,1,101
3715,2026-06-06T03:47:41.430Z,0,55.33333,36.33333,27.5,92.2,26.11591,0,1,0,1,101
3716,2026-06-06T03:49:41.425Z,0,55.33333,36.33333,27.5,92.2,26.11591,0,1,0,1,101
3717,2026-06-06T03:51:41.420Z,0,55.33333,36.33333,27.5,92.2,26.11591,0,1,0,1,101
3718,2026-06-06T03:53:41.415Z,0,55.33333,36.33333,27.5,92.2,26.11591,0,1,0,1,101
3719,2026-06-06T03:55:41.410Z,0,55.33333,36.33333,27.5,92.2,26.11591,0,1,0,1,101
3720,2026-06-06T03:57:41.405Z,0,55.33333,36.33333,27.5,92.2,26.11591,0,1,0,1,101
3721,2026-06-06T03:59:41.400Z,0,55.33333,36.33333,27.5,92.2,26.11591,0,1,0,1,101
3722,2026-06-06T04:01:41.395Z,0,55.33333,36.33333,27.5,92.2,26.11591,0,1,0,1,101
3723,2026-06-06T04:03:41.390Z,0,55.33333,36.33333,27.5,92.2,26.11591,0,1,0,1,101
3724,2026-06-06T04:05:41.385Z,0,55.33333,36.33333,27.5,92.2,26.11591,0,1,0,1,101
3725,2026-06-06T04:07:41.380Z,0,55.33333,36.33333,27.5,92.2,26.11591,0,1,0,1,101
3726,2026-06-06T04:09:41.375Z,0,52,38.6,27.5,92.2,26.11591,0,1,0,1,101
3727,2026-06-06T04:11:41.370Z,0,52,38.6,27.5,92.2,26.11591,0,1,0,1,101
3728,2026-06-06T04:13:41.365Z,0,52,38.6,27.5,92.2,26.11591,0,1,0,1,101
3729,2026-06-06T04:15:41.360Z,0,52,38.6,27.5,92.2,26.11591,0,1,0,1,101
3730,2026-06-06T04:17:41.355Z,0,52,38.6,27.5,92.2,26.11591,0,1,0,1,101
3731,2026-06-06T04:19:41.350Z,0,52,38.6,27.5,92.2,26.11591,0,1,0,1,101
3732,2026-06-06T04:21:41.345Z,0,52,38.6,27.5,92.2,26.11591,0,1,0,1,101
3733,2026-06-06T04:23:41.340Z,0,52,38.6,27.5,92.2,26.11591,0,1,0,1,101
3734,2026-06-06T04:25:41.335Z,0,52,38.6,27.5,92.2,26.11591,0,1,0,1,101
3735,2026-06-06T04:27:41.330Z,0,52,38.6,27.5,92.2,26.11591,0,1,0,1,101
3736,2026-06-06T04:29:41.325Z,0,53.2,37.86666,27.5,92.1,26.09752,0,1,0,1,101
3737,2026-06-06T04:31:41.320Z,0,53.2,37.86666,27.5,92.1,26.09752,0,1,0,1,101
3738,2026-06-06T04:33:41.315Z,0,53.2,37.86666,27.5,92.1,26.09752,0,1,0,1,101
3739,2026-06-06T04:35:41.310Z,0,53.2,37.86666,27.5,92.1,26.09752,0,1,0,1,101
3740,2026-06-06T04:37:41.305Z,0,53.2,37.86666,27.5,92.1,26.09752,0,1,0,1,101
3741,2026-06-06T04:39:41.300Z,0,53.2,37.86666,27.5,92.1,26.09752,0,1,0,1,101
3742,2026-06-06T04:41:41.295Z,0,53.2,37.86666,27.5,92.1,26.09752,0,1,0,1,101
3743,2026-06-06T04:43:41.290Z,0,53.2,37.86666,27.5,92.1,26.09752,0,1,0,1,101
3744,2026-06-06T04:45:41.285Z,0,53.2,37.86666,27.5,92.1,26.09752,0,1,0,1,101
3745,2026-06-06T04:47:41.280Z,0,53.2,37.86666,27.5,92.1,26.09752,0,1,0,1,101
3746,2026-06-06T04:49:41.275Z,0,53.2,37.86666,27.5,92.1,26.09752,0,1,0,1,101
3747,2026-06-06T04:51:41.270Z,0,53.2,37.8,27.5,92.1,26.09752,0,1,0,1,101
3748,2026-06-06T04:53:41.265Z,0,53.2,37.8,27.5,92.1,26.09752,0,1,0,1,101
3749,2026-06-06T04:55:41.260Z,0,53.2,37.8,27.5,92.1,26.09752,0,1,0,1,101
3750,2026-06-06T04:57:41.255Z,0,53.2,37.8,27.5,92.1,26.09752,0,1,0,1,101
3751,2026-06-06T04:59:41.250Z,0,53.2,37.8,27.5,92.1,26.09752,0,1,0,1,101
3752,2026-06-06T05:01:41.245Z,0,53.2,37.8,27.5,92.1,26.09752,0,1,0,1,101
3753,2026-06-06T05:03:41.240Z,0,53.2,37.8,27.5,92.1,26.09752,0,1,0,1,101
3754,2026-06-06T05:05:41.235Z,0,53.2,37.8,27.5,92.1,26.09752,0,1,0,1,101
3755,2026-06-06T05:07:41.230Z,0,53.2,37.8,27.5,92.1,26.09752,0,1,0,1,101
3756,2026-06-06T05:09:41.225Z,0,53.2,37.8,27.5,92.1,26.09752,0,1,0,1,101
3757,2026-06-06T05:11:41.220Z,0,52.46667,34.46667,27.5,92.1,26.09752,0,1,0,1,101
3758,2026-06-06T05:13:41.215Z,0,52.46667,34.46667,27.5,92.1,26.09752,0,1,0,1,101
3759,2026-06-06T05:15:41.210Z,0,52.46667,34.46667,27.5,92.1,26.09752,0,1,0,1,101
3760,2026-06-06T05:17:41.205Z,0,52.46667,34.46667,27.5,92.1,26.09752,0,1,0,1,101
3761,2026-06-06T05:19:41.200Z,0,52.46667,34.46667,27.5,92.1,26.09752,0,1,0,1,101
3762,2026-06-06T05:21:41.195Z,0,52.46667,34.46667,27.5,92.1,26.09752,0,1,0,1,101
3763,2026-06-06T05:23:41.190Z,0,52.46667,34.46667,27.5,92.1,26.09752,0,1,0,1,101
3764,2026-06-06T05:25:41.185Z,0,52.46667,34.46667,27.5,92.1,26.09752,0,1,0,1,101
3765,2026-06-06T05:27:41.180Z,0,52.46667,34.46667,27.5,92.1,26.09752,0,1,0,1,101
3766,2026-06-06T05:29:41.175Z,0,52.46667,34.46667,27.5,92.1,26.09752,0,1,0,1,101
3767,2026-06-06T05:31:41.170Z,0,52.46667,34.46667,27.5,92.1,26.09752,0,1,0,1,101
3768,2026-06-06T05:33:41.165Z,0,55,32.4,27.5,92.1,26.09752,0,1,0,1,101
3769,2026-06-06T05:35:41.160Z,0,55,32.4,27.5,92.1,26.09752,0,1,0,1,101
3770,2026-06-06T05:37:41.155Z,0,55,32.4,27.5,92.1,26.09752,0,1,0,1,101
3771,2026-06-06T05:39:41.150Z,0,55,32.4,27.5,92.1,26.09752,0,1,0,1,101
3772,2026-06-06T05:41:41.145Z,0,55,32.4,27.5,92.1,26.09752,0,1,0,1,101
3773,2026-06-06T05:43:41.140Z,0,55,32.4,27.5,92.1,26.09752,0,1,0,1,101
3774,2026-06-06T05:45:41.135Z,0,55,32.4,27.5,92.1,26.09752,0,1,0,1,101
3775,2026-06-06T05:47:41.130Z,0,55,32.4,27.5,92.1,26.09752,0,1,0,1,101
3776,2026-06-06T05:49:41.125Z,0,55,32.4,27.5,92.1,26.09752,0,1,0,1,101
3777,2026-06-06T05:51:41.120Z,0,55,32.4,27.5,92.1,26.09752,0,1,0,1,101
3778,2026-06-06T05:53:41.115Z,0,55,32.4,27.5,92.1,26.09752,0,1,0,1,101
3779,2026-06-06T05:55:41.110Z,0,52.93333,36.73333,27.5,92.3,26.13429,0,1,0,1,101
3780,2026-06-06T05:57:41.105Z,0,52.93333,36.73333,27.5,92.3,26.13429,0,1,0,1,101
3781,2026-06-06T05:59:41.100Z,0,52.93333,36.73333,27.5,92.3,26.13429,0,1,0,1,101
3782,2026-06-06T06:01:41.095Z,0,52.93333,36.73333,27.5,92.3,26.13429,0,1,0,1,101
3783,2026-06-06T06:03:41.090Z,0,52.93333,36.73333,27.5,92.3,26.13429,0,1,0,1,101
3784,2026-06-06T06:05:41.085Z,0,52.93333,36.73333,27.5,92.3,26.13429,0,1,0,1,101
3785,2026-06-06T06:07:41.080Z,0,52.93333,36.73333,27.5,92.3,26.13429,0,1,0,1,101
3786,2026-06-06T06:09:41.075Z,0,52.93333,36.73333,27.5,92.3,26.13429,0,1,0,1,101
3787,2026-06-06T06:11:41.070Z,0,52.93333,36.73333,27.5,92.3,26.13429,0,1,0,1,101
3788,2026-06-06T06:13:41.065Z,0,52.93333,36.73333,27.5,92.3,26.13429,0,1,0,1,101
3789,2026-06-06T06:15:41.060Z,0,53.46667,36.53333,27.5,92.4,26.15265,0,1,0,1,101
3790,2026-06-06T06:17:41.055Z,0,53.46667,36.53333,27.5,92.4,26.15265,0,1,0,1,101
3791,2026-06-06T06:19:41.050Z,0,53.46667,36.53333,27.5,92.4,26.15265,0,1,0,1,101
3792,2026-06-06T06:21:41.045Z,0,53.46667,36.53333,27.5,92.4,26.15265,0,1,0,1,101
3793,2026-06-06T06:23:41.040Z,0,53.46667,36.53333,27.5,92.4,26.15265,0,1,0,1,101
3794,2026-06-06T06:25:41.035Z,0,53.46667,36.53333,27.5,92.4,26.15265,0,1,0,1,101
3795,2026-06-06T06:27:41.030Z,0,53.46667,36.53333,27.5,92.4,26.15265,0,1,0,1,101
3796,2026-06-06T06:29:41.025Z,0,53.46667,36.53333,27.5,92.4,26.15265,0,1,0,1,101
3797,2026-06-06T06:31:41.020Z,0,53.46667,36.53333,27.5,92.4,26.15265,0,1,0,1,101
3798,2026-06-06T06:33:41.015Z,0,53.46667,36.53333,27.5,92.4,26.15265,0,1,0,1,101
3799,2026-06-06T06:35:41.010Z,0,52.8,34.86666,27.5,92.5,26.171,0,1,0,1,101
3800,2026-06-06T06:37:41.005Z,0,52.8,34.86666,27.5,92.5,26.171,0,1,0,1,101
3801,2026-06-06T06:39:41.000Z,0,52.8,34.86666,27.5,92.5,26.171,0,1,0,1,101
3802,2026-06-06T06:41:40.995Z,0,52.8,34.86666,27.5,92.5,26.171,0,1,0,1,101
3803,2026-06-06T06:43:40.990Z,0,52.8,34.86666,27.5,92.5,26.171,0,1,0,1,101
3804,2026-06-06T06:45:40.985Z,0,52.8,34.86666,27.5,92.5,26.171,0,1,0,1,101
3805,2026-06-06T06:47:40.980Z,0,52.8,34.86666,27.5,92.5,26.171,0,1,0,1,101
3806,2026-06-06T06:49:40.975Z,0,52.8,34.86666,27.5,92.5,26.171,0,1,0,1,101
3807,2026-06-06T06:51:40.970Z,0,52.8,34.86666,27.5,92.5,26.171,0,1,0,1,101
3808,2026-06-06T06:53:40.965Z,0,52.8,34.86666,27.5,92.5,26.171,0,1,0,1,101
3809,2026-06-06T06:55:40.960Z,0,52.46667,32.6,27.5,92.7,26.20764,0,1,0,1,101
3810,2026-06-06T06:57:40.955Z,0,52.46667,32.6,27.5,92.7,26.20764,0,1,0,1,101
3811,2026-06-06T06:59:40.950Z,0,52.46667,32.6,27.5,92.7,26.20764,0,1,0,1,101
3812,2026-06-06T07:01:40.945Z,0,52.46667,32.6,27.5,92.7,26.20764,0,1,0,1,101
3813,2026-06-06T07:03:40.940Z,0,52.46667,32.6,27.5,92.7,26.20764,0,1,0,1,101
3814,2026-06-06T07:05:40.935Z,0,52.46667,32.6,27.5,92.7,26.20764,0,1,0,1,101
3815,2026-06-06T07:07:40.930Z,0,52.46667,32.6,27.5,92.7,26.20764,0,1,0,1,101
3816,2026-06-06T07:09:40.925Z,0,52.46667,32.6,27.5,92.7,26.20764,0,1,0,1,101
3817,2026-06-06T07:11:40.920Z,0,52.46667,32.6,27.5,92.7,26.20764,0,1,0,1,101
3818,2026-06-06T07:13:40.915Z,0,52.46667,32.6,27.5,92.7,26.20764,0,1,0,1,101
3819,2026-06-06T07:15:40.910Z,0,52.46667,32.6,27.5,92.7,26.20764,0,1,0,1,101
3820,2026-06-06T07:17:40.905Z,0,54.66667,32.8,27.5,92.8,26.22593,0,1,0,1,101
3821,2026-06-06T07:19:40.900Z,0,54.66667,32.8,27.5,92.8,26.22593,0,1,0,1,101
3822,2026-06-06T07:21:40.895Z,0,54.66667,32.8,27.5,92.8,26.22593,0,1,0,1,101
3823,2026-06-06T07:23:40.890Z,0,54.66667,32.8,27.5,92.8,26.22593,0,1,0,1,101
3824,2026-06-06T07:25:40.885Z,0,54.66667,32.8,27.5,92.8,26.22593,0,1,0,1,101
3825,2026-06-06T07:27:40.880Z,0,54.66667,32.8,27.5,92.8,26.22593,0,1,0,1,101
3826,2026-06-06T07:29:40.875Z,0,54.66667,32.8,27.5,92.8,26.22593,0,1,0,1,101
3827,2026-06-06T07:31:40.870Z,0,54.66667,32.8,27.5,92.8,26.22593,0,1,0,1,101
3828,2026-06-06T07:33:40.865Z,0,54.66667,32.8,27.5,92.8,26.22593,0,1,0,1,101
3829,2026-06-06T07:35:40.860Z,0,54.66667,32.8,27.5,92.8,26.22593,0,1,0,1,101
3830,2026-06-06T07:37:40.855Z,0,54.66667,32.8,27.5,92.8,26.22593,0,1,0,1,101
3831,2026-06-06T07:39:40.850Z,0,54.13334,34.86666,27.5,93,26.26247,0,1,0,1,101
3832,2026-06-06T07:41:40.845Z,0,54.13334,34.86666,27.5,93,26.26247,0,1,0,1,101
3833,2026-06-06T07:43:40.840Z,0,54.13334,34.86666,27.5,93,26.26247,0,1,0,1,101
3834,2026-06-06T07:45:40.835Z,0,54.13334,34.86666,27.5,93,26.26247,0,1,0,1,101
3835,2026-06-06T07:47:40.830Z,0,54.13334,34.86666,27.5,93,26.26247,0,1,0,1,101
3836,2026-06-06T07:49:40.825Z,0,54.13334,34.86666,27.5,93,26.26247,0,1,0,1,101
3837,2026-06-06T07:51:40.820Z,0,54.13334,34.86666,27.5,93,26.26247,0,1,0,1,101
3838,2026-06-06T07:53:40.815Z,0,54.13334,34.86666,27.5,93,26.26247,0,1,0,1,101
3839,2026-06-06T07:55:40.810Z,0,54.13334,34.86666,27.5,93,26.26247,0,1,0,1,101
3840,2026-06-06T07:57:40.805Z,0,54.13334,34.86666,27.5,93,26.26247,0,1,0,1,101
3841,2026-06-06T07:59:40.800Z,0,54.13334,34.86666,27.5,93,26.26247,0,1,0,1,101
3842,2026-06-06T08:01:40.795Z,0,53.8,32.66667,27.5,93,26.26247,0,1,0,1,101
3843,2026-06-06T08:03:40.790Z,0,53.8,32.66667,27.5,93,26.26247,0,1,0,1,101
3844,2026-06-06T08:05:40.785Z,0,53.8,32.66667,27.5,93,26.26247,0,1,0,1,101
3845,2026-06-06T08:07:40.780Z,0,53.8,32.66667,27.5,93,26.26247,0,1,0,1,101
3846,2026-06-06T08:09:40.775Z,0,53.8,32.66667,27.5,93,26.26247,0,1,0,1,101
3847,2026-06-06T08:11:40.770Z,0,53.8,32.66667,27.5,93,26.26247,0,1,0,1,101
3848,2026-06-06T08:13:40.765Z,0,53.8,32.66667,27.5,93,26.26247,0,1,0,1,101
3849,2026-06-06T08:15:40.760Z,0,53.8,32.66667,27.5,93,26.26247,0,1,0,1,101
3850,2026-06-06T08:17:40.755Z,0,53.8,32.66667,27.5,93,26.26247,0,1,0,1,101
3851,2026-06-06T08:19:40.750Z,0,53.8,32.66667,27.5,93,26.26247,0,1,0,1,101
3852,2026-06-06T08:21:40.745Z,0,53.8,32.66667,27.5,93,26.26247,0,1,0,1,101
3853,2026-06-06T08:23:40.740Z,0,53.13334,34.06667,27.5,92.9,26.24421,0,1,0,1,101
3854,2026-06-06T08:25:40.735Z,0,53.13334,34.06667,27.5,92.9,26.24421,0,1,0,1,101
3855,2026-06-06T08:27:40.730Z,0,53.13334,34.06667,27.5,92.9,26.24421,0,1,0,1,101
3856,2026-06-06T08:29:40.725Z,0,53.13334,34.06667,27.5,92.9,26.24421,0,1,0,1,101
3857,2026-06-06T08:31:40.720Z,0,53.13334,34.06667,27.5,92.9,26.24421,0,1,0,1,101
3858,2026-06-06T08:33:40.715Z,0,53.13334,34.06667,27.5,92.9,26.24421,0,1,0,1,101
3859,2026-06-06T08:35:40.710Z,0,53.13334,34.06667,27.5,92.9,26.24421,0,1,0,1,101
3860,2026-06-06T08:37:40.705Z,0,53.13334,34.06667,27.5,92.9,26.24421,0,1,0,1,101
3861,2026-06-06T08:39:40.700Z,0,53.13334,34.06667,27.5,92.9,26.24421,0,1,0,1,101
3862,2026-06-06T08:41:40.695Z,0,53.13334,34.06667,27.5,92.9,26.24421,0,1,0,1,101
3863,2026-06-06T08:43:40.690Z,0,53.13334,34.06667,27.5,92.9,26.24421,0,1,0,1,101
3864,2026-06-06T08:45:40.685Z,0,55.86666,30.73333,27.5,92.7,26.20764,0,1,0,1,101
3865,2026-06-06T08:47:40.680Z,0,55.86666,30.73333,27.5,92.7,26.20764,0,1,0,1,101
3866,2026-06-06T08:49:40.675Z,0,55.86666,30.73333,27.5,92.7,26.20764,0,1,0,1,101
3867,2026-06-06T08:51:40.670Z,0,55.86666,30.73333,27.5,92.7,26.20764,0,1,0,1,101
3868,2026-06-06T08:53:40.665Z,0,55.86666,30.73333,27.5,92.7,26.20764,0,1,0,1,101
3869,2026-06-06T08:55:40.660Z,0,55.86666,30.73333,27.5,92.7,26.20764,0,1,0,1,101
3870,2026-06-06T08:57:40.655Z,0,55.86666,30.73333,27.5,92.7,26.20764,0,1,0,1,101
3871,2026-06-06T08:59:40.650Z,0,55.86666,30.73333,27.5,92.7,26.20764,0,1,0,1,101
3872,2026-06-06T09:01:40.645Z,0,55.86666,30.73333,27.5,92.7,26.20764,0,1,0,1,101
3873,2026-06-06T09:03:40.640Z,0,55.86666,30.73333,27.5,92.7,26.20764,0,1,0,1,101
3874,2026-06-06T09:05:40.635Z,0,55.86666,30.73333,27.5,92.7,26.20764,0,1,0,1,101
3875,2026-06-06T09:07:40.630Z,0,50.13334,30,27.5,92.9,26.24421,0,1,0,1,101
3876,2026-06-06T09:09:40.625Z,0,50.13334,30,27.5,92.9,26.24421,0,1,0,1,101
3877,2026-06-06T09:11:40.620Z,0,50.13334,30,27.5,92.9,26.24421,0,1,0,1,101
3878,2026-06-06T09:13:40.615Z,0,50.13334,30,27.5,92.9,26.24421,0,1,0,1,101
3879,2026-06-06T09:15:40.610Z,0,50.13334,30,27.5,92.9,26.24421,0,1,0,1,101
3880,2026-06-06T09:17:40.605Z,0,50.13334,30,27.5,92.9,26.24421,0,1,0,1,101
3881,2026-06-06T09:19:40.600Z,0,50.13334,30,27.5,92.9,26.24421,0,1,0,1,101
3882,2026-06-06T09:21:40.595Z,0,50.13334,30,27.5,92.9,26.24421,0,1,0,1,101
3883,2026-06-06T09:23:40.590Z,0,50.13334,30,27.5,92.9,26.24421,0,1,0,1,101
3884,2026-06-06T09:25:40.585Z,0,50.13334,30,27.5,92.9,26.24421,0,1,0,1,101
3885,2026-06-06T09:27:40.580Z,0,52.6,33.53333,27.5,92.8,26.22593,0,1,0,1,101
3886,2026-06-06T09:29:40.575Z,0,52.6,33.53333,27.5,92.8,26.22593,0,1,0,1,101
3887,2026-06-06T09:31:40.570Z,0,52.6,33.53333,27.5,92.8,26.22593,0,1,0,1,101
3888,2026-06-06T09:33:40.565Z,0,52.6,33.53333,27.5,92.8,26.22593,0,1,0,1,101
3889,2026-06-06T09:35:40.560Z,0,52.6,33.53333,27.5,92.8,26.22593,0,1,0,1,101
3890,2026-06-06T09:37:40.555Z,0,52.6,33.53333,27.5,92.8,26.22593,0,1,0,1,101
3891,2026-06-06T09:39:40.550Z,0,52.6,33.53333,27.5,92.8,26.22593,0,1,0,1,101
3892,2026-06-06T09:41:40.545Z,0,52.6,33.53333,27.5,92.8,26.22593,0,1,0,1,101
3893,2026-06-06T09:43:40.540Z,0,52.6,33.53333,27.5,92.8,26.22593,0,1,0,1,101
3894,2026-06-06T09:45:40.535Z,0,52.6,33.53333,27.5,92.8,26.22593,0,1,0,1,101
3895,2026-06-06T09:47:40.530Z,0,52.6,33.53333,27.5,92.8,26.22593,0,1,0,1,101
3896,2026-06-06T09:49:40.525Z,0,54.93333,29.93333,27.6,93,26.36154,0,1,0,1,101
3897,2026-06-06T09:51:40.520Z,0,54.93333,29.93333,27.6,93,26.36154,0,1,0,1,101
3898,2026-06-06T09:53:40.515Z,0,54.93333,29.93333,27.6,93,26.36154,0,1,0,1,101
3899,2026-06-06T09:55:40.510Z,0,54.93333,29.93333,27.6,93,26.36154,0,1,0,1,101
3900,2026-06-06T09:57:40.505Z,0,54.93333,29.93333,27.6,93,26.36154,0,1,0,1,101
3901,2026-06-06T09:59:40.500Z,0,54.93333,29.93333,27.6,93,26.36154,0,1,0,1,101
3902,2026-06-06T10:01:40.495Z,0,54.93333,29.93333,27.6,93,26.36154,0,1,0,1,101
3903,2026-06-06T10:03:40.490Z,0,54.93333,29.93333,27.6,93,26.36154,0,1,0,1,101
3904,2026-06-06T10:05:40.485Z,0,54.93333,29.93333,27.6,93,26.36154,0,1,0,1,101
3905,2026-06-06T10:07:40.480Z,0,54.93333,29.93333,27.6,93,26.36154,0,1,0,1,101
3906,2026-06-06T10:09:40.475Z,0,54.93333,29.93333,27.6,93,26.36154,0,1,0,1,101
3907,2026-06-06T10:11:40.470Z,0,53.06667,32.4,27.6,93.2,26.39803,0,1,0,1,101
3908,2026-06-06T10:13:40.465Z,0,53.06667,32.4,27.6,93.2,26.39803,0,1,0,1,101
3909,2026-06-06T10:15:40.460Z,0,53.06667,32.4,27.6,93.2,26.39803,0,1,0,1,101
3910,2026-06-06T10:17:40.455Z,0,53.06667,32.4,27.6,93.2,26.39803,0,1,0,1,101
3911,2026-06-06T10:19:40.450Z,0,53.06667,32.4,27.6,93.2,26.39803,0,1,0,1,101
3912,2026-06-06T10:21:40.445Z,0,53.06667,32.4,27.6,93.2,26.39803,0,1,0,1,101
3913,2026-06-06T10:23:40.440Z,0,53.06667,32.4,27.6,93.2,26.39803,0,1,0,1,101
3914,2026-06-06T10:25:40.435Z,0,53.06667,32.4,27.6,93.2,26.39803,0,1,0,1,101
3915,2026-06-06T10:27:40.430Z,0,53.06667,32.4,27.6,93.2,26.39803,0,1,0,1,101
3916,2026-06-06T10:29:40.425Z,0,53.06667,32.4,27.6,93.2,26.39803,0,1,0,1,101
3917,2026-06-06T10:31:40.420Z,0,53.06667,32.4,27.6,93.2,26.39803,0,1,0,1,101
3918,2026-06-06T10:33:40.415Z,0,56.86666,28.93333,27.6,93.3,26.41626,0,1,0,1,101
3919,2026-06-06T10:35:40.410Z,0,56.86666,28.93333,27.6,93.3,26.41626,0,1,0,1,101
3920,2026-06-06T10:37:40.405Z,0,56.86666,28.93333,27.6,93.3,26.41626,0,1,0,1,101
3921,2026-06-06T10:39:40.400Z,0,56.86666,28.93333,27.6,93.3,26.41626,0,1,0,1,101
3922,2026-06-06T10:41:40.395Z,0,56.86666,28.93333,27.6,93.3,26.41626,0,1,0,1,101
3923,2026-06-06T10:43:40.390Z,0,56.86666,28.93333,27.6,93.3,26.41626,0,1,0,1,101
3924,2026-06-06T10:45:40.385Z,0,56.86666,28.93333,27.6,93.3,26.41626,0,1,0,1,101
3925,2026-06-06T10:47:40.380Z,0,56.86666,28.93333,27.6,93.3,26.41626,0,1,0,1,101
3926,2026-06-06T10:49:40.375Z,0,56.86666,28.93333,27.6,93.3,26.41626,0,1,0,1,101
3927,2026-06-06T10:51:40.370Z,0,56.86666,28.93333,27.6,93.3,26.41626,0,1,0,1,101
3928,2026-06-06T10:53:40.365Z,0,56.86666,28.93333,27.6,93.3,26.41626,0,1,0,1,101
3929,2026-06-06T10:55:40.360Z,0,52,32,27.6,93.3,26.41626,0,1,0,1,101
3930,2026-06-06T10:57:40.355Z,0,52,32,27.6,93.3,26.41626,0,1,0,1,101
3931,2026-06-06T10:59:40.350Z,0,52,32,27.6,93.3,26.41626,0,1,0,1,101
3932,2026-06-06T11:01:40.345Z,0,52,32,27.6,93.3,26.41626,0,1,0,1,101
3933,2026-06-06T11:03:40.340Z,0,52,32,27.6,93.3,26.41626,0,1,0,1,101
3934,2026-06-06T11:05:40.335Z,0,52,32,27.6,93.3,26.41626,0,1,0,1,101
3935,2026-06-06T11:07:40.330Z,0,52,32,27.6,93.3,26.41626,0,1,0,1,101
3936,2026-06-06T11:09:40.325Z,0,52,32,27.6,93.3,26.41626,0,1,0,1,101
3937,2026-06-06T11:11:40.320Z,0,52,32,27.6,93.3,26.41626,0,1,0,1,101
3938,2026-06-06T11:13:40.315Z,61,52,32,27.6,93.3,26.41626,0,0,0,1,1
3939,2026-06-06T11:15:40.310Z,61,52,32,27.6,93.3,26.41626,0,0,0,1,1
3940,2026-06-06T11:17:40.305Z,61,56.2,28.26667,27.6,93.4,26.43446,0,0,0,1,1
3941,2026-06-06T11:19:40.300Z,61,56.2,28.26667,27.6,93.4,26.43446,0,0,0,1,1
3942,2026-06-06T11:21:40.295Z,61,56.2,28.26667,27.6,93.4,26.43446,0,0,0,1,1
3943,2026-06-06T11:23:40.290Z,61,56.2,28.26667,27.6,93.4,26.43446,0,0,0,1,1
3944,2026-06-06T11:25:40.285Z,61,56.2,28.26667,27.6,93.4,26.43446,0,0,0,1,1
3945,2026-06-06T11:27:40.280Z,61,56.2,28.26667,27.6,93.4,26.43446,0,0,0,1,1
3946,2026-06-06T11:29:40.275Z,61,56.2,28.26667,27.6,93.4,26.43446,0,0,0,1,1
3947,2026-06-06T11:31:40.270Z,61,56.2,28.26667,27.6,93.4,26.43446,0,0,0,1,1
3948,2026-06-06T11:33:40.265Z,61,56.2,28.26667,27.6,93.4,26.43446,0,0,0,1,1
3949,2026-06-06T11:35:40.260Z,60.33333,56.2,28.26667,27.6,93.4,26.43446,0,0,0,1,1
3950,2026-06-06T11:37:40.255Z,60.33333,56.2,28.26667,27.6,93.4,26.43446,0,0,0,1,1
3951,2026-06-06T11:39:40.250Z,60.33333,52.8,31,27.6,93.6,26.47082,0,0,0,1,1
3952,2026-06-06T11:41:40.245Z,60.33333,52.8,31,27.6,93.6,26.47082,0,0,0,1,1
3953,2026-06-06T11:43:40.240Z,60.33333,52.8,31,27.6,93.6,26.47082,0,0,0,1,1
3954,2026-06-06T11:45:40.235Z,60.33333,52.8,31,27.6,93.6,26.47082,0,0,0,1,1
3955,2026-06-06T11:47:40.230Z,60.33333,52.8,31,27.6,93.6,26.47082,0,0,0,1,1
3956,2026-06-06T11:49:40.225Z,60.33333,52.8,31,27.6,93.6,26.47082,0,0,0,1,1
3957,2026-06-06T11:51:40.220Z,60.33333,52.8,31,27.6,93.6,26.47082,0,0,0,1,1
3958,2026-06-06T11:53:40.215Z,60.33333,52.8,31,27.6,93.6,26.47082,0,0,0,1,1
3959,2026-06-06T11:55:40.210Z,60.33333,52.8,31,27.6,93.6,26.47082,0,0,0,1,1
3960,2026-06-06T11:57:40.205Z,57.06667,52.8,31,27.6,93.6,26.47082,0,0,0,1,1
3961,2026-06-06T11:59:40.200Z,57.06667,52.8,31,27.6,93.6,26.47082,0,0,0,1,1
3962,2026-06-06T12:01:40.195Z,57.06667,52.86666,30.4,27.6,93.7,26.48897,0,0,0,1,1
3963,2026-06-06T12:03:40.190Z,57.06667,52.86666,30.4,27.6,93.7,26.48897,0,0,0,1,1
3964,2026-06-06T12:05:40.185Z,57.06667,52.86666,30.4,27.6,93.7,26.48897,0,0,0,1,1
3965,2026-06-06T12:07:40.180Z,57.06667,52.86666,30.4,27.6,93.7,26.48897,0,0,0,1,1
3966,2026-06-06T12:09:40.175Z,57.06667,52.86666,30.4,27.6,93.7,26.48897,0,0,0,1,1
3967,2026-06-06T12:11:40.170Z,57.06667,52.86666,30.4,27.6,93.7,26.48897,0,0,0,1,1
3968,2026-06-06T12:13:40.165Z,57.06667,52.86666,30.4,27.6,93.7,26.48897,0,0,0,1,1
3969,2026-06-06T12:15:40.160Z,57.06667,52.86666,30.4,27.6,93.7,26.48897,0,0,0,1,1
3970,2026-06-06T12:17:40.155Z,57.06667,52.86666,30.4,27.6,93.7,26.48897,0,0,0,1,1
3971,2026-06-06T12:19:40.150Z,58.73333,52.86666,30.4,27.6,93.7,26.48897,0,0,0,1,1
3972,2026-06-06T12:21:40.145Z,58.73333,52.86666,30.4,27.6,93.7,26.48897,0,0,0,1,1
3973,2026-06-06T12:23:40.140Z,58.73333,56.2,26.2,27.5,93.7,26.38981,0,0,0,1,1
3974,2026-06-06T12:25:40.135Z,58.73333,56.2,26.2,27.5,93.7,26.38981,0,0,0,1,1
3975,2026-06-06T12:27:40.130Z,58.73333,56.2,26.2,27.5,93.7,26.38981,0,0,0,1,1
3976,2026-06-06T12:29:40.125Z,58.73333,56.2,26.2,27.5,93.7,26.38981,0,0,0,1,1
3977,2026-06-06T12:31:40.120Z,58.73333,56.2,26.2,27.5,93.7,26.38981,0,0,0,1,1
3978,2026-06-06T12:33:40.115Z,58.73333,56.2,26.2,27.5,93.7,26.38981,0,0,0,1,1
3979,2026-06-06T12:35:40.110Z,58.73333,56.2,26.2,27.5,93.7,26.38981,0,0,0,1,1
3980,2026-06-06T12:37:40.105Z,58.73333,56.2,26.2,27.5,93.7,26.38981,0,0,0,1,1
3981,2026-06-06T12:39:40.100Z,58.73333,56.2,26.2,27.5,93.7,26.38981,0,0,0,1,1
3982,2026-06-06T12:41:40.095Z,54.33333,56.2,26.2,27.5,93.7,26.38981,0,0,0,1,1
3983,2026-06-06T12:43:40.090Z,54.33333,56.2,26.2,27.5,93.7,26.38981,0,0,0,1,1
3984,2026-06-06T12:45:40.085Z,54.33333,52.8,26.73333,27.5,93.9,26.42604,0,0,0,1,1
3985,2026-06-06T12:47:40.080Z,54.33333,52.8,26.73333,27.5,93.9,26.42604,0,0,0,1,1
3986,2026-06-06T12:49:40.075Z,54.33333,52.8,26.73333,27.5,93.9,26.42604,0,0,0,1,1
3987,2026-06-06T12:51:40.070Z,54.33333,52.8,26.73333,27.5,93.9,26.42604,0,0,0,1,1
3988,2026-06-06T12:53:40.065Z,54.33333,52.8,26.73333,27.5,93.9,26.42604,0,0,0,1,1
3989,2026-06-06T12:55:40.060Z,54.33333,52.8,26.73333,27.5,93.9,26.42604,0,0,0,1,1
3990,2026-06-06T12:57:40.055Z,54.33333,52.8,26.73333,27.5,93.9,26.42604,0,0,0,1,1
3991,2026-06-06T12:59:40.050Z,54.33333,52.8,26.73333,27.5,93.9,26.42604,0,0,0,1,1
3992,2026-06-06T13:01:40.045Z,54.33333,52.8,26.73333,27.5,93.9,26.42604,0,0,0,1,1
3993,2026-06-06T13:03:40.040Z,54.06667,52.8,26.73333,27.5,93.9,26.42604,0,0,0,1,1
3994,2026-06-06T13:05:40.035Z,54.06667,52.4,28.86667,27.5,93.9,26.42604,0,0,0,1,1
3995,2026-06-06T13:07:40.030Z,54.06667,52.4,28.86667,27.5,93.9,26.42604,0,0,0,1,1
3996,2026-06-06T13:09:40.025Z,54.06667,52.4,28.86667,27.5,93.9,26.42604,0,0,0,1,1
3997,2026-06-06T13:11:40.020Z,54.06667,52.4,28.86667,27.5,93.9,26.42604,0,0,0,1,1
3998,2026-06-06T13:13:40.015Z,54.06667,52.4,28.86667,27.5,93.9,26.42604,0,0,0,1,1
3999,2026-06-06T13:15:40.010Z,54.06667,52.4,28.86667,27.5,93.9,26.42604,0,0,0,1,1
4000,2026-06-06T13:17:40.005Z,54.06667,52.4,28.86667,27.5,93.9,26.42604,0,0,0,1,1
4001,2026-06-06T13:19:40.000Z,54.06667,52.4,28.86667,27.5,93.9,26.42604,0,0,0,1,1
4002,2026-06-06T13:21:39.995Z,54.06667,52.4,28.86667,27.5,93.9,26.42604,0,0,0,1,1
4003,2026-06-06T13:23:39.990Z,54.06667,52.4,28.86667,27.5,93.9,26.42604,0,0,0,1,1
4004,2026-06-06T13:25:39.985Z,52,52.4,28.86667,27.5,93.9,26.42604,0,0,0,1,1
4005,2026-06-06T13:27:39.980Z,52,55.2,27.26667,27.5,94,26.44413,0,0,0,1,1
4006,2026-06-06T13:29:39.975Z,52,55.2,27.26667,27.5,94,26.44413,0,0,0,1,1
4007,2026-06-06T13:31:39.970Z,52,55.2,27.26667,27.5,94,26.44413,0,0,0,1,1
4008,2026-06-06T13:33:39.965Z,52,55.2,27.26667,27.5,94,26.44413,0,0,0,1,1
4009,2026-06-06T13:35:39.960Z,52,55.2,27.26667,27.5,94,26.44413,0,0,0,1,1
4010,2026-06-06T13:37:39.955Z,52,55.2,27.26667,27.5,94,26.44413,0,0,0,1,1
4011,2026-06-06T13:39:39.950Z,52,55.2,27.26667,27.5,94,26.44413,0,0,0,1,1
4012,2026-06-06T13:41:39.945Z,52,55.2,27.26667,27.5,94,26.44413,0,0,0,1,1
4013,2026-06-06T13:43:39.940Z,52,55.2,27.26667,27.5,94,26.44413,0,0,0,1,1
4014,2026-06-06T13:45:39.935Z,52,55.2,27.26667,27.5,94,26.44413,0,0,0,1,1
4015,2026-06-06T13:47:39.930Z,54.13334,55.2,27.26667,27.5,94,26.44413,0,0,0,1,1
4016,2026-06-06T13:49:39.925Z,54.13334,53.86666,25.8,27.5,94,26.44413,0,0,0,1,1
4017,2026-06-06T13:51:39.920Z,54.13334,53.86666,25.8,27.5,94,26.44413,0,0,0,1,1
4018,2026-06-06T13:53:39.915Z,54.13334,53.86666,25.8,27.5,94,26.44413,0,0,0,1,1
4019,2026-06-06T13:55:39.910Z,54.13334,53.86666,25.8,27.5,94,26.44413,0,0,0,1,1
4020,2026-06-06T13:57:39.905Z,54.13334,53.86666,25.8,27.5,94,26.44413,0,0,0,1,1
4021,2026-06-06T13:59:39.900Z,54.13334,53.86666,25.8,27.5,94,26.44413,0,0,0,1,1
4022,2026-06-06T14:01:39.895Z,54.13334,53.86666,25.8,27.5,94,26.44413,0,0,0,1,1
4023,2026-06-06T14:03:39.890Z,54.13334,53.86666,25.8,27.5,94,26.44413,0,0,0,1,1
4024,2026-06-06T14:05:39.885Z,54.13334,53.86666,25.8,27.5,94,26.44413,0,0,0,1,1
4025,2026-06-06T14:07:39.880Z,54.13334,53.86666,25.8,27.5,94,26.44413,0,0,0,1,1
4026,2026-06-06T14:09:39.875Z,53.13334,52.66667,27.6,27.5,94.1,26.4622,0,0,0,1,1
4027,2026-06-06T14:11:39.870Z,53.13334,52.66667,27.6,27.5,94.1,26.4622,0,0,0,1,1
4028,2026-06-06T14:13:39.865Z,53.13334,52.66667,27.6,27.5,94.1,26.4622,0,0,0,1,1
4029,2026-06-06T14:15:39.860Z,53.13334,52.66667,27.6,27.5,94.1,26.4622,0,0,0,1,1
4030,2026-06-06T14:17:39.855Z,53.13334,52.66667,27.6,27.5,94.1,26.4622,0,0,0,1,1
4031,2026-06-06T14:19:39.850Z,53.13334,52.66667,27.6,27.5,94.1,26.4622,0,0,0,1,1
4032,2026-06-06T14:21:39.845Z,53.13334,52.66667,27.6,27.5,94.1,26.4622,0,0,0,1,1
4033,2026-06-06T14:23:39.840Z,53.13334,52.66667,27.6,27.5,94.1,26.4622,0,0,0,1,1
4034,2026-06-06T14:25:39.835Z,53.13334,52.66667,27.6,27.5,94.1,26.4622,0,0,0,1,1
4035,2026-06-06T14:27:39.830Z,53.13334,52.66667,27.6,27.5,94.1,26.4622,0,0,0,1,1
4036,2026-06-06T14:29:39.825Z,53.13334,52.66667,27.6,27.5,94.1,26.4622,0,0,0,1,1
4037,2026-06-06T14:31:39.820Z,52.6,54.6,23.93333,27.5,94.3,26.4983,0,0,0,1,1
4038,2026-06-06T14:33:39.815Z,52.6,54.6,23.93333,27.5,94.3,26.4983,0,0,0,1,1
4039,2026-06-06T14:35:39.810Z,52.6,54.6,23.93333,27.5,94.3,26.4983,0,0,0,1,1
4040,2026-06-06T14:37:39.805Z,52.6,54.6,23.93333,27.5,94.3,26.4983,0,0,0,1,1
4041,2026-06-06T14:39:39.800Z,52.6,54.6,23.93333,27.5,94.3,26.4983,0,0,0,1,1
4042,2026-06-06T14:41:39.795Z,52.6,54.6,23.93333,27.5,94.3,26.4983,0,0,0,1,1
4043,2026-06-06T14:43:39.790Z,52.6,54.6,23.93333,27.5,94.3,26.4983,0,0,0,1,1
4044,2026-06-06T14:45:39.785Z,52.6,54.6,23.93333,27.5,94.3,26.4983,0,0,0,1,1
4045,2026-06-06T14:47:39.780Z,52.6,54.6,23.93333,27.5,94.3,26.4983,0,0,0,1,1
4046,2026-06-06T14:49:39.775Z,52.6,54.6,23.93333,27.5,94.3,26.4983,0,0,0,1,1
4047,2026-06-06T14:51:39.770Z,52.6,54.6,23.93333,27.5,94.3,26.4983,0,0,0,1,1
4048,2026-06-06T14:53:39.765Z,47.86666,52.73333,26.06667,27.5,94.4,26.51632,0,1,0,1,101
4049,2026-06-06T14:55:39.760Z,47.86666,52.73333,26.06667,27.5,94.4,26.51632,0,1,0,1,101
4050,2026-06-06T14:57:39.755Z,47.86666,52.73333,26.06667,27.5,94.4,26.51632,0,1,0,1,101
4051,2026-06-06T14:59:39.750Z,47.86666,52.73333,26.06667,27.5,94.4,26.51632,0,1,0,1,101
4052,2026-06-06T15:01:39.745Z,47.86666,52.73333,26.06667,27.5,94.4,26.51632,0,1,0,1,101
4053,2026-06-06T15:03:39.740Z,47.86666,52.73333,26.06667,27.5,94.4,26.51632,0,1,0,1,101
4054,2026-06-06T15:05:39.735Z,47.86666,52.73333,26.06667,27.5,94.4,26.51632,0,1,0,1,101
4055,2026-06-06T15:07:39.730Z,47.86666,52.73333,26.06667,27.5,94.4,26.51632,0,1,0,1,101
4056,2026-06-06T15:09:39.725Z,47.86666,52.73333,26.06667,27.5,94.4,26.51632,0,1,0,1,101
4057,2026-06-06T15:11:39.720Z,47.86666,52.73333,26.06667,27.5,94.4,26.51632,0,1,0,1,101
4058,2026-06-06T15:13:39.715Z,48.86666,52.73333,26.06667,27.5,94.4,26.51632,0,1,0,1,101
4059,2026-06-06T15:15:39.710Z,48.86666,53.8,25.13333,27.5,94.3,26.4983,0,1,0,1,101
4060,2026-06-06T15:17:39.705Z,48.86666,53.8,25.13333,27.5,94.3,26.4983,0,1,0,1,101
4061,2026-06-06T15:19:39.700Z,48.86666,53.8,25.13333,27.5,94.3,26.4983,0,1,0,1,101
4062,2026-06-06T15:21:39.695Z,48.86666,53.8,25.13333,27.5,94.3,26.4983,0,1,0,1,101
4063,2026-06-06T15:23:39.690Z,48.86666,53.8,25.13333,27.5,94.3,26.4983,0,1,0,1,101
4064,2026-06-06T15:25:39.685Z,48.86666,53.8,25.13333,27.5,94.3,26.4983,0,1,0,1,101
4065,2026-06-06T15:27:39.680Z,48.86666,53.8,25.13333,27.5,94.3,26.4983,0,1,0,1,101
4066,2026-06-06T15:29:39.675Z,48.86666,53.8,25.13333,27.5,94.3,26.4983,0,1,0,1,101
4067,2026-06-06T15:31:39.670Z,48.86666,53.8,25.13333,27.5,94.3,26.4983,0,1,0,1,101
4068,2026-06-06T15:33:39.665Z,46.2,53.8,25.13333,27.5,94.3,26.4983,0,1,0,1,101
4069,2026-06-06T15:35:39.660Z,46.2,53.8,25.13333,27.5,94.3,26.4983,0,1,0,1,101
4070,2026-06-06T15:37:39.655Z,46.2,53.93333,26.06667,27.6,94.1,26.56142,0,1,0,1,101
4071,2026-06-06T15:39:39.650Z,46.2,53.93333,26.06667,27.6,94.1,26.56142,0,1,0,1,101
4072,2026-06-06T15:41:39.645Z,46.2,53.93333,26.06667,27.6,94.1,26.56142,0,1,0,1,101
4073,2026-06-06T15:43:39.640Z,46.2,53.93333,26.06667,27.6,94.1,26.56142,0,1,0,1,101
4074,2026-06-06T15:45:39.635Z,46.2,53.93333,26.06667,27.6,94.1,26.56142,0,1,0,1,101
4075,2026-06-06T15:47:39.630Z,46.2,53.93333,26.06667,27.6,94.1,26.56142,0,1,0,1,101
4076,2026-06-06T15:49:39.625Z,46.2,53.93333,26.06667,27.6,94.1,26.56142,0,1,0,1,101
4077,2026-06-06T15:51:39.620Z,46.2,53.93333,26.06667,27.6,94.1,26.56142,0,1,0,1,101
4078,2026-06-06T15:53:39.615Z,46.2,53.93333,26.06667,27.6,94.1,26.56142,0,1,0,1,101
4079,2026-06-06T15:55:39.610Z,50.4,53.93333,26.06667,27.6,94.1,26.56142,0,0,0,1,1
4080,2026-06-06T15:57:39.605Z,50.4,53.93333,26.06667,27.6,94.1,26.56142,0,0,0,1,1
4081,2026-06-06T15:59:39.600Z,50.4,55.33333,22.8,27.6,94,26.54333,0,0,0,1,1
4082,2026-06-06T16:01:39.595Z,50.4,55.33333,22.8,27.6,94,26.54333,0,0,0,1,1
4083,2026-06-06T16:03:39.590Z,50.4,55.33333,22.8,27.6,94,26.54333,0,0,0,1,1
4084,2026-06-06T16:05:39.585Z,50.4,55.33333,22.8,27.6,94,26.54333,0,0,0,1,1
4085,2026-06-06T16:07:39.580Z,50.4,55.33333,22.8,27.6,94,26.54333,0,0,0,1,1
4086,2026-06-06T16:09:39.575Z,50.4,55.33333,22.8,27.6,94,26.54333,0,0,0,1,1
4087,2026-06-06T16:11:39.570Z,50.4,55.33333,22.8,27.6,94,26.54333,0,0,0,1,1
4088,2026-06-06T16:13:39.565Z,50.4,55.33333,22.8,27.6,94,26.54333,0,0,0,1,1
4089,2026-06-06T16:15:39.560Z,48.46667,55.33333,22.8,27.6,94,26.54333,0,1,0,1,101
4090,2026-06-06T16:17:39.555Z,48.46667,55.33333,22.8,27.6,94,26.54333,0,1,0,1,101
4091,2026-06-06T16:19:39.550Z,48.46667,55.33333,22.8,27.6,94,26.54333,0,1,0,1,101
4092,2026-06-06T16:21:39.545Z,48.46667,52.8,26.93333,27.6,94.1,26.56142,0,1,0,1,101
4093,2026-06-06T16:23:39.540Z,48.46667,52.8,26.93333,27.6,94.1,26.56142,0,1,0,1,101
4094,2026-06-06T16:25:39.535Z,48.46667,52.8,26.93333,27.6,94.1,26.56142,0,1,0,1,101
4095,2026-06-06T16:27:39.530Z,48.46667,52.8,26.93333,27.6,94.1,26.56142,0,1,0,1,101
4096,2026-06-06T16:29:39.525Z,48.46667,52.8,26.93333,27.6,94.1,26.56142,0,1,0,1,101
4097,2026-06-06T16:31:39.520Z,48.46667,52.8,26.93333,27.6,94.1,26.56142,0,1,0,1,101
4098,2026-06-06T16:33:39.515Z,48.46667,52.8,26.93333,27.6,94.1,26.56142,0,1,0,1,101
4099,2026-06-06T16:35:39.510Z,48.46667,52.8,26.93333,27.6,94.1,26.56142,0,1,0,1,101
4100,2026-06-06T16:37:39.505Z,44.2,52.8,26.93333,27.6,94.1,26.56142,0,1,0,1,101
4101,2026-06-06T16:39:39.500Z,44.2,52.8,26.93333,27.6,94.1,26.56142,0,1,0,1,101
4102,2026-06-06T16:41:39.495Z,44.2,52.8,26.93333,27.6,94.1,26.56142,0,1,0,1,101
4103,2026-06-06T16:43:39.490Z,44.2,52.86666,23.6,27.7,94.2,26.67872,0,1,0,1,101
4104,2026-06-06T16:45:39.485Z,44.2,52.86666,23.6,27.7,94.2,26.67872,0,1,0,1,101
4105,2026-06-06T16:47:39.480Z,44.2,52.86666,23.6,27.7,94.2,26.67872,0,1,0,1,101
4106,2026-06-06T16:49:39.475Z,44.2,52.86666,23.6,27.7,94.2,26.67872,0,1,0,1,101
4107,2026-06-06T16:51:39.470Z,44.2,52.86666,23.6,27.7,94.2,26.67872,0,1,0,1,101
4108,2026-06-06T16:53:39.465Z,44.2,52.86666,23.6,27.7,94.2,26.67872,0,1,0,1,101
4109,2026-06-06T16:55:39.460Z,44.2,52.86666,23.6,27.7,94.2,26.67872,0,1,0,1,101
4110,2026-06-06T16:57:39.455Z,44.2,52.86666,23.6,27.7,94.2,26.67872,0,1,0,1,101
4111,2026-06-06T16:59:39.450Z,47.53333,52.86666,23.6,27.7,94.2,26.67872,0,1,0,1,101
4112,2026-06-06T17:01:39.445Z,47.53333,52.86666,23.6,27.7,94.2,26.67872,0,1,0,1,101
4113,2026-06-06T17:03:39.440Z,47.53333,52.86666,23.6,27.7,94.2,26.67872,0,1,0,1,101
4114,2026-06-06T17:05:39.435Z,47.53333,53.26667,25.26667,27.7,94.1,26.66064,0,1,0,1,101
4115,2026-06-06T17:07:39.430Z,47.53333,53.26667,25.26667,27.7,94.1,26.66064,0,1,0,1,101
4116,2026-06-06T17:09:39.425Z,47.53333,53.26667,25.26667,27.7,94.1,26.66064,0,1,0,1,101
4117,2026-06-06T17:11:39.420Z,47.53333,53.26667,25.26667,27.7,94.1,26.66064,0,1,0,1,101
4118,2026-06-06T17:13:39.415Z,47.53333,53.26667,25.26667,27.7,94.1,26.66064,0,1,0,1,101
4119,2026-06-06T17:15:39.410Z,47.53333,53.26667,25.26667,27.7,94.1,26.66064,0,1,0,1,101
4120,2026-06-06T17:17:39.405Z,47.53333,53.26667,25.26667,27.7,94.1,26.66064,0,1,0,1,101
4121,2026-06-06T17:19:39.400Z,47.53333,53.26667,25.26667,27.7,94.1,26.66064,0,1,0,1,101
4122,2026-06-06T17:21:39.395Z,49.06667,53.26667,25.26667,27.7,94.1,26.66064,0,1,0,1,101
4123,2026-06-06T17:23:39.390Z,49.06667,53.26667,25.26667,27.7,94.1,26.66064,0,1,0,1,101
4124,2026-06-06T17:25:39.385Z,49.06667,53.26667,25.26667,27.7,94.1,26.66064,0,1,0,1,101
4125,2026-06-06T17:27:39.380Z,49.06667,54.66667,22.8,27.7,93.9,26.62442,0,1,0,1,101
4126,2026-06-06T17:29:39.375Z,49.06667,54.66667,22.8,27.7,93.9,26.62442,0,1,0,1,101
4127,2026-06-06T17:31:39.370Z,49.06667,54.66667,22.8,27.7,93.9,26.62442,0,1,0,1,101
4128,2026-06-06T17:33:39.365Z,49.06667,54.66667,22.8,27.7,93.9,26.62442,0,1,0,1,101
4129,2026-06-06T17:35:39.360Z,49.06667,54.66667,22.8,27.7,93.9,26.62442,0,1,0,1,101
4130,2026-06-06T17:37:39.355Z,49.06667,54.66667,22.8,27.7,93.9,26.62442,0,1,0,1,101
4131,2026-06-06T17:39:39.350Z,49.06667,54.66667,22.8,27.7,93.9,26.62442,0,1,0,1,101
4132,2026-06-06T17:41:39.345Z,49.06667,54.66667,22.8,27.7,93.9,26.62442,0,1,0,1,101
4133,2026-06-06T17:43:39.340Z,42.4,54.66667,22.8,27.7,93.9,26.62442,0,1,0,1,101
4134,2026-06-06T17:45:39.335Z,42.4,54.66667,22.8,27.7,93.9,26.62442,0,1,0,1,101
4135,2026-06-06T17:47:39.330Z,42.4,54.66667,22.8,27.7,93.9,26.62442,0,1,0,1,101
4136,2026-06-06T17:49:39.325Z,42.4,53.93333,20.26667,27.7,93.7,26.58814,0,1,0,1,101
4137,2026-06-06T17:51:39.320Z,42.4,53.93333,20.26667,27.7,93.7,26.58814,0,1,0,1,101
4138,2026-06-06T17:53:39.315Z,42.4,53.93333,20.26667,27.7,93.7,26.58814,0,1,0,1,101
4139,2026-06-06T17:55:39.310Z,42.4,53.93333,20.26667,27.7,93.7,26.58814,0,1,0,1,101
4140,2026-06-06T17:57:39.305Z,42.4,53.93333,20.26667,27.7,93.7,26.58814,0,1,0,1,101
4141,2026-06-06T17:59:39.300Z,42.4,53.93333,20.26667,27.7,93.7,26.58814,0,1,0,1,101
4142,2026-06-06T18:01:39.295Z,42.4,53.93333,20.26667,27.7,93.7,26.58814,0,1,0,1,101
4143,2026-06-06T18:03:39.290Z,42.4,53.93333,20.26667,27.7,93.7,26.58814,0,1,0,1,101
4144,2026-06-06T18:05:39.285Z,45.8,53.93333,20.26667,27.7,93.7,26.58814,0,1,0,1,101
4145,2026-06-06T18:07:39.280Z,45.8,53.93333,20.26667,27.7,93.7,26.58814,0,1,0,1,101
4146,2026-06-06T18:09:39.275Z,45.8,53.93333,20.26667,27.7,93.7,26.58814,0,1,0,1,101
4147,2026-06-06T18:11:39.270Z,45.8,57.13334,20.4,27.7,93.4,26.53359,0,1,0,1,101
4148,2026-06-06T18:13:39.265Z,45.8,57.13334,20.4,27.7,93.4,26.53359,0,1,0,1,101
4149,2026-06-06T18:15:39.260Z,45.8,57.13334,20.4,27.7,93.4,26.53359,0,1,0,1,101
4150,2026-06-06T18:17:39.255Z,45.8,57.13334,20.4,27.7,93.4,26.53359,0,1,0,1,101
4151,2026-06-06T18:19:39.250Z,45.8,57.13334,20.4,27.7,93.4,26.53359,0,1,0,1,101
4152,2026-06-06T18:21:39.245Z,45.8,57.13334,20.4,27.7,93.4,26.53359,0,1,0,1,101
4153,2026-06-06T18:23:39.240Z,45.8,57.13334,20.4,27.7,93.4,26.53359,0,1,0,1,101
4154,2026-06-06T18:25:39.235Z,45.8,57.13334,20.4,27.7,93.4,26.53359,0,1,0,1,101
4155,2026-06-06T18:27:39.230Z,42.6,57.13334,20.4,27.7,93.4,26.53359,0,1,0,1,101
4156,2026-06-06T18:29:39.225Z,42.6,57.13334,20.4,27.7,93.4,26.53359,0,1,0,1,101
4157,2026-06-06T18:31:39.220Z,42.6,57.13334,20.4,27.7,93.4,26.53359,0,1,0,1,101
4158,2026-06-06T18:33:39.215Z,42.6,53.26667,19.53333,27.8,93.3,26.61448,0,1,0,1,101
4159,2026-06-06T18:35:39.210Z,42.6,53.26667,19.53333,27.8,93.3,26.61448,0,1,0,1,101
4160,2026-06-06T18:37:39.205Z,42.6,53.26667,19.53333,27.8,93.3,26.61448,0,1,0,1,101
4161,2026-06-06T18:39:39.200Z,42.6,53.26667,19.53333,27.8,93.3,26.61448,0,1,0,1,101
4162,2026-06-06T18:41:39.195Z,42.6,53.26667,19.53333,27.8,93.3,26.61448,0,1,0,1,101
4163,2026-06-06T18:43:39.190Z,42.6,53.26667,19.53333,27.8,93.3,26.61448,0,1,0,1,101
4164,2026-06-06T18:45:39.185Z,42.6,53.26667,19.53333,27.8,93.3,26.61448,0,1,0,1,101
4165,2026-06-06T18:47:39.180Z,42.6,53.26667,19.53333,27.8,93.3,26.61448,0,1,0,1,101
4166,2026-06-06T18:49:39.175Z,45,53.26667,19.53333,27.8,93.3,26.61448,0,1,0,1,101
4167,2026-06-06T18:51:39.170Z,45,53.26667,19.53333,27.8,93.3,26.61448,0,1,0,1,101
4168,2026-06-06T18:53:39.165Z,45,54.93333,23.46667,27.8,93.3,26.61448,0,1,0,1,101
4169,2026-06-06T18:55:39.160Z,45,54.93333,23.46667,27.8,93.3,26.61448,0,1,0,1,101
4170,2026-06-06T18:57:39.155Z,45,54.93333,23.46667,27.8,93.3,26.61448,0,1,0,1,101
4171,2026-06-06T18:59:39.150Z,45,54.93333,23.46667,27.8,93.3,26.61448,0,1,0,1,101
4172,2026-06-06T19:01:39.145Z,45,54.93333,23.46667,27.8,93.3,26.61448,0,1,0,1,101
4173,2026-06-06T19:03:39.140Z,45,54.93333,23.46667,27.8,93.3,26.61448,0,1,0,1,101
4174,2026-06-06T19:05:39.135Z,45,54.93333,23.46667,27.8,93.3,26.61448,0,1,0,1,101
4175,2026-06-06T19:07:39.130Z,45,54.93333,23.46667,27.8,93.3,26.61448,0,1,0,1,101
4176,2026-06-06T19:09:39.125Z,45,54.93333,23.46667,27.8,93.3,26.61448,0,1,0,1,101
4177,2026-06-06T19:11:39.120Z,41.33333,54.93333,23.46667,27.8,93.3,26.61448,0,1,0,1,101
4178,2026-06-06T19:13:39.115Z,41.33333,54.93333,23.46667,27.8,93.3,26.61448,0,1,0,1,101
4179,2026-06-06T19:15:39.110Z,41.33333,53.53333,23.86667,27.7,93.2,26.49713,0,1,0,1,101
4180,2026-06-06T19:17:39.105Z,41.33333,53.53333,23.86667,27.7,93.2,26.49713,0,1,0,1,101
4181,2026-06-06T19:19:39.100Z,41.33333,53.53333,23.86667,27.7,93.2,26.49713,0,1,0,1,101
4182,2026-06-06T19:21:39.095Z,41.33333,53.53333,23.86667,27.7,93.2,26.49713,0,1,0,1,101
4183,2026-06-06T19:23:39.090Z,41.33333,53.53333,23.86667,27.7,93.2,26.49713,0,1,0,1,101
4184,2026-06-06T19:25:39.085Z,41.33333,53.53333,23.86667,27.7,93.2,26.49713,0,1,0,1,101
4185,2026-06-06T19:27:39.080Z,41.33333,53.53333,23.86667,27.7,93.2,26.49713,0,1,0,1,101
4186,2026-06-06T19:29:39.075Z,41.33333,53.53333,23.86667,27.7,93.2,26.49713,0,1,0,1,101
4187,2026-06-06T19:31:39.070Z,41.33333,53.53333,23.86667,27.7,93.2,26.49713,0,1,0,1,101
4188,2026-06-06T19:33:39.065Z,43.33333,53.53333,23.86667,27.7,93.2,26.49713,0,1,0,1,101
4189,2026-06-06T19:35:39.060Z,43.33333,53.53333,23.86667,27.7,93.2,26.49713,0,1,0,1,101
4190,2026-06-06T19:37:39.055Z,43.33333,53.8,22.06667,27.7,93.2,26.49713,0,1,0,1,101
4191,2026-06-06T19:39:39.050Z,43.33333,53.8,22.06667,27.7,93.2,26.49713,0,1,0,1,101
4192,2026-06-06T19:41:39.045Z,43.33333,53.8,22.06667,27.7,93.2,26.49713,0,1,0,1,101
4193,2026-06-06T19:43:39.040Z,43.33333,53.8,22.06667,27.7,93.2,26.49713,0,1,0,1,101
4194,2026-06-06T19:45:39.035Z,43.33333,53.8,22.06667,27.7,93.2,26.49713,0,1,0,1,101
4195,2026-06-06T19:47:39.030Z,43.33333,53.8,22.06667,27.7,93.2,26.49713,0,1,0,1,101
4196,2026-06-06T19:49:39.025Z,43.33333,53.8,22.06667,27.7,93.2,26.49713,0,1,0,1,101
4197,2026-06-06T19:51:39.020Z,43.33333,53.8,22.06667,27.7,93.2,26.49713,0,1,0,1,101
4198,2026-06-06T19:53:39.015Z,43.33333,53.8,22.06667,27.7,93.2,26.49713,0,1,0,1,101
4199,2026-06-06T19:55:39.010Z,42.93333,53.8,22.06667,27.7,93.2,26.49713,0,1,0,1,101
4200,2026-06-06T19:57:39.005Z,42.93333,53.8,22.06667,27.7,93.2,26.49713,0,1,0,1,101
4201,2026-06-06T19:59:39.000Z,42.93333,55.2,20.53333,27.7,93.3,26.51537,0,1,0,1,101
4202,2026-06-06T20:01:38.995Z,42.93333,55.2,20.53333,27.7,93.3,26.51537,0,1,0,1,101
4203,2026-06-06T20:03:38.990Z,42.93333,55.2,20.53333,27.7,93.3,26.51537,0,1,0,1,101
4204,2026-06-06T20:05:38.985Z,42.93333,55.2,20.53333,27.7,93.3,26.51537,0,1,0,1,101
4205,2026-06-06T20:07:38.980Z,42.93333,55.2,20.53333,27.7,93.3,26.51537,0,1,0,1,101
4206,2026-06-06T20:09:38.975Z,42.93333,55.2,20.53333,27.7,93.3,26.51537,0,1,0,1,101
4207,2026-06-06T20:11:38.970Z,42.93333,55.2,20.53333,27.7,93.3,26.51537,0,1,0,1,101
4208,2026-06-06T20:13:38.965Z,42.93333,55.2,20.53333,27.7,93.3,26.51537,0,1,0,1,101
4209,2026-06-06T20:15:38.960Z,42.93333,55.2,20.53333,27.7,93.3,26.51537,0,1,0,1,101
4210,2026-06-06T20:17:38.955Z,43.66667,55.2,20.53333,27.7,93.3,26.51537,0,1,0,1,101
4211,2026-06-06T20:19:38.950Z,43.66667,55.2,20.53333,27.7,93.3,26.51537,0,1,0,1,101
4212,2026-06-06T20:21:38.945Z,43.66667,53.66667,16.6,27.7,93.3,26.51537,0,1,0,1,101
4213,2026-06-06T20:23:38.940Z,43.66667,53.66667,16.6,27.7,93.3,26.51537,0,1,0,1,101
4214,2026-06-06T20:25:38.935Z,43.66667,53.66667,16.6,27.7,93.3,26.51537,0,1,0,1,101
4215,2026-06-06T20:27:38.930Z,43.66667,53.66667,16.6,27.7,93.3,26.51537,0,1,0,1,101
4216,2026-06-06T20:29:38.925Z,43.66667,53.66667,16.6,27.7,93.3,26.51537,0,1,0,1,101
4217,2026-06-06T20:31:38.920Z,43.66667,53.66667,16.6,27.7,93.3,26.51537,0,1,0,1,101
4218,2026-06-06T20:33:38.915Z,43.66667,53.66667,16.6,27.7,93.3,26.51537,0,1,0,1,101
4219,2026-06-06T20:35:38.910Z,43.66667,53.66667,16.6,27.7,93.3,26.51537,0,1,0,1,101
4220,2026-06-06T20:37:38.905Z,43.66667,53.66667,16.6,27.7,93.3,26.51537,0,1,0,1,101
4221,2026-06-06T20:39:38.900Z,38.2,53.66667,16.6,27.7,93.3,26.51537,0,1,0,1,101
4222,2026-06-06T20:41:38.895Z,38.2,53.66667,16.6,27.7,93.3,26.51537,0,1,0,1,101
4223,2026-06-06T20:43:38.890Z,38.2,53.53333,18.8,27.7,93.3,26.51537,0,1,0,1,101
4224,2026-06-06T20:45:38.885Z,38.2,53.53333,18.8,27.7,93.3,26.51537,0,1,0,1,101
4225,2026-06-06T20:47:38.880Z,38.2,53.53333,18.8,27.7,93.3,26.51537,0,1,0,1,101
4226,2026-06-06T20:49:38.875Z,38.2,53.53333,18.8,27.7,93.3,26.51537,0,1,0,1,101
4227,2026-06-06T20:51:38.870Z,38.2,53.53333,18.8,27.7,93.3,26.51537,0,1,0,1,101
4228,2026-06-06T20:53:38.865Z,38.2,53.53333,18.8,27.7,93.3,26.51537,0,1,0,1,101
4229,2026-06-06T20:55:38.860Z,38.2,53.53333,18.8,27.7,93.3,26.51537,0,1,0,1,101
4230,2026-06-06T20:57:38.855Z,38.2,53.53333,18.8,27.7,93.3,26.51537,0,1,0,1,101
4231,2026-06-06T20:59:38.850Z,38.2,53.53333,18.8,27.7,93.3,26.51537,0,1,0,1,101
4232,2026-06-06T21:01:38.845Z,41.66667,53.53333,18.8,27.7,93.3,26.51537,0,1,0,1,101
4233,2026-06-06T21:03:38.840Z,41.66667,53.53333,18.8,27.7,93.3,26.51537,0,1,0,1,101
4234,2026-06-06T21:05:38.835Z,41.66667,64.46667,16.2,27.7,93.4,26.53359,0,1,0,1,101
4235,2026-06-06T21:07:38.830Z,41.66667,64.46667,16.2,27.7,93.4,26.53359,0,1,0,1,101
4236,2026-06-06T21:09:38.825Z,41.66667,64.46667,16.2,27.7,93.4,26.53359,0,1,0,1,101
4237,2026-06-06T21:11:38.820Z,41.66667,64.46667,16.2,27.7,93.4,26.53359,0,1,0,1,101
4238,2026-06-06T21:13:38.815Z,41.66667,64.46667,16.2,27.7,93.4,26.53359,0,1,0,1,101
4239,2026-06-06T21:15:38.810Z,41.66667,64.46667,16.2,27.7,93.4,26.53359,0,1,0,1,101
4240,2026-06-06T21:17:38.805Z,41.66667,64.46667,16.2,27.7,93.4,26.53359,0,1,0,1,101
4241,2026-06-06T21:19:38.800Z,41.66667,64.46667,16.2,27.7,93.4,26.53359,0,1,0,1,101
4242,2026-06-06T21:21:38.795Z,41.2,64.46667,16.2,27.7,93.4,26.53359,0,1,0,1,101
4243,2026-06-06T21:23:38.790Z,41.2,64.46667,16.2,27.7,93.4,26.53359,0,1,0,1,101
4244,2026-06-06T21:25:38.785Z,41.2,64.46667,16.2,27.7,93.4,26.53359,0,1,0,1,101
4245,2026-06-06T21:27:38.780Z,41.2,61.46667,16.2,27.8,93.4,26.63271,0,1,0,1,101
4246,2026-06-06T21:29:38.775Z,41.2,61.46667,16.2,27.8,93.4,26.63271,0,1,0,1,101
4247,2026-06-06T21:31:38.770Z,41.2,61.46667,16.2,27.8,93.4,26.63271,0,1,0,1,101
4248,2026-06-06T21:33:38.765Z,41.2,61.46667,16.2,27.8,93.4,26.63271,0,1,0,1,101
4249,2026-06-06T21:35:38.760Z,41.2,61.46667,16.2,27.8,93.4,26.63271,0,1,0,1,101
4250,2026-06-06T21:37:38.755Z,41.2,61.46667,16.2,27.8,93.4,26.63271,0,1,0,1,101
4251,2026-06-06T21:39:38.750Z,41.2,61.46667,16.2,27.8,93.4,26.63271,0,1,0,1,101
4252,2026-06-06T21:41:38.745Z,41.2,61.46667,16.2,27.8,93.4,26.63271,0,1,0,1,101
4253,2026-06-06T21:43:38.740Z,38.6,61.46667,16.2,27.8,93.4,26.63271,0,1,0,1,101
4254,2026-06-06T21:45:38.735Z,38.6,61.46667,16.2,27.8,93.4,26.63271,0,1,0,1,101
4255,2026-06-06T21:47:38.730Z,38.6,60.4,55.2,27.8,93.3,26.61448,0,1,0,0,100
4256,2026-06-06T21:49:38.725Z,38.6,60.4,55.2,27.8,93.3,26.61448,0,1,0,0,100
4257,2026-06-06T21:51:38.720Z,38.6,60.4,55.2,27.8,93.3,26.61448,0,1,0,0,100
4258,2026-06-06T21:53:38.715Z,38.6,60.4,55.2,27.8,93.3,26.61448,0,1,0,0,100
4259,2026-06-06T21:55:38.710Z,38.6,60.4,55.2,27.8,93.3,26.61448,0,1,0,0,100
4260,2026-06-06T21:57:38.705Z,38.6,60.4,55.2,27.8,93.3,26.61448,0,1,0,0,100
4261,2026-06-06T21:59:38.700Z,38.6,60.4,55.2,27.8,93.3,26.61448,0,1,0,0,100
4262,2026-06-06T22:01:38.695Z,38.6,60.4,55.2,27.8,93.3,26.61448,0,1,0,0,100
4263,2026-06-06T22:03:38.690Z,38.6,60.4,55.2,27.8,93.3,26.61448,0,1,0,0,100
4264,2026-06-06T22:05:38.685Z,37.33333,60.4,55.2,27.8,93.3,26.61448,0,1,0,0,100
4265,2026-06-06T22:07:38.680Z,37.33333,60.4,55.2,27.8,93.3,26.61448,0,1,0,0,100
4266,2026-06-06T22:09:38.675Z,37.33333,62.13334,48,27.8,93.3,26.61448,0,1,0,1,101
4267,2026-06-06T22:11:38.670Z,37.33333,62.13334,48,27.8,93.3,26.61448,0,1,0,1,101
4268,2026-06-06T22:13:38.665Z,37.33333,62.13334,48,27.8,93.3,26.61448,0,1,0,1,101
4269,2026-06-06T22:15:38.660Z,37.33333,62.13334,48,27.8,93.3,26.61448,0,1,0,1,101
4270,2026-06-06T22:17:38.655Z,37.33333,62.13334,48,27.8,93.3,26.61448,0,1,0,1,101
4271,2026-06-06T22:19:38.650Z,37.33333,62.13334,48,27.8,93.3,26.61448,0,1,0,1,101
4272,2026-06-06T22:21:38.645Z,37.33333,62.13334,48,27.8,93.3,26.61448,0,1,0,1,101
4273,2026-06-06T22:23:38.640Z,37.33333,62.13334,48,27.8,93.3,26.61448,0,1,0,1,101
4274,2026-06-06T22:25:38.635Z,40.73333,62.13334,48,27.8,93.3,26.61448,0,1,0,1,101
4275,2026-06-06T22:27:38.630Z,40.73333,62.13334,48,27.8,93.3,26.61448,0,1,0,1,101
4276,2026-06-06T22:29:38.625Z,40.73333,62.13334,48,27.8,93.3,26.61448,0,1,0,1,101
4277,2026-06-06T22:31:38.620Z,40.73333,62.6,46.6,27.9,93.2,26.69532,0,1,0,1,101
4278,2026-06-06T22:33:38.615Z,40.73333,62.6,46.6,27.9,93.2,26.69532,0,1,0,1,101
4279,2026-06-06T22:35:38.610Z,40.73333,62.6,46.6,27.9,93.2,26.69532,0,1,0,1,101
4280,2026-06-06T22:37:38.605Z,40.73333,62.6,46.6,27.9,93.2,26.69532,0,1,0,1,101
4281,2026-06-06T22:39:38.600Z,40.73333,62.6,46.6,27.9,93.2,26.69532,0,1,0,1,101
4282,2026-06-06T22:41:38.595Z,40.73333,62.6,46.6,27.9,93.2,26.69532,0,1,0,1,101
4283,2026-06-06T22:43:38.590Z,40.73333,62.6,46.6,27.9,93.2,26.69532,0,1,0,1,101
4284,2026-06-06T22:45:38.585Z,40.73333,62.6,46.6,27.9,93.2,26.69532,0,1,0,1,101
4285,2026-06-06T22:47:38.580Z,37.33333,62.6,46.6,27.9,93.2,26.69532,0,1,0,1,101
4286,2026-06-06T22:49:38.575Z,37.33333,62.6,46.6,27.9,93.2,26.69532,0,1,0,1,101
4287,2026-06-06T22:51:38.570Z,37.33333,62.6,46.6,27.9,93.2,26.69532,0,1,0,1,101
4288,2026-06-06T22:53:38.565Z,37.33333,60.6,46.46667,27.9,93.1,26.67704,0,1,0,1,101
4289,2026-06-06T22:55:38.560Z,37.33333,60.6,46.46667,27.9,93.1,26.67704,0,1,0,1,101
4290,2026-06-06T22:57:38.555Z,37.33333,60.6,46.46667,27.9,93.1,26.67704,0,1,0,1,101
4291,2026-06-06T22:59:38.550Z,37.33333,60.6,46.46667,27.9,93.1,26.67704,0,1,0,1,101
4292,2026-06-06T23:01:38.545Z,37.33333,60.6,46.46667,27.9,93.1,26.67704,0,1,0,1,101
4293,2026-06-06T23:03:38.540Z,37.33333,60.6,46.46667,27.9,93.1,26.67704,0,1,0,1,101
4294,2026-06-06T23:05:38.535Z,37.33333,60.6,46.46667,27.9,93.1,26.67704,0,1,0,1,101
4295,2026-06-06T23:07:38.530Z,37.33333,60.6,46.46667,27.9,93.1,26.67704,0,1,0,1,101
4296,2026-06-06T23:09:38.525Z,40.2,60.6,46.46667,27.9,93.1,26.67704,0,1,0,1,101
4297,2026-06-06T23:11:38.520Z,40.2,60.6,46.46667,27.9,93.1,26.67704,0,1,0,1,101
4298,2026-06-06T23:13:38.515Z,40.2,60.6,46.46667,27.9,93.1,26.67704,0,1,0,1,101
4299,2026-06-06T23:15:38.510Z,40.2,64.06667,43.06667,27.9,93.2,26.69532,0,1,0,1,101
4300,2026-06-06T23:17:38.505Z,40.2,64.06667,43.06667,27.9,93.2,26.69532,0,1,0,1,101
4301,2026-06-06T23:19:38.500Z,40.2,64.06667,43.06667,27.9,93.2,26.69532,0,1,0,1,101
4302,2026-06-06T23:21:38.495Z,40.2,64.06667,43.06667,27.9,93.2,26.69532,0,1,0,1,101
4303,2026-06-06T23:23:38.490Z,40.2,64.06667,43.06667,27.9,93.2,26.69532,0,1,0,1,101
4304,2026-06-06T23:25:38.485Z,40.2,64.06667,43.06667,27.9,93.2,26.69532,0,1,0,1,101
4305,2026-06-06T23:27:38.480Z,40.2,64.06667,43.06667,27.9,93.2,26.69532,0,1,0,1,101
4306,2026-06-06T23:29:38.475Z,40.2,64.06667,43.06667,27.9,93.2,26.69532,0,1,0,1,101
4307,2026-06-06T23:31:38.470Z,36.33333,64.06667,43.06667,27.9,93.2,26.69532,0,1,0,1,101
4308,2026-06-06T23:33:38.465Z,36.33333,64.06667,43.06667,27.9,93.2,26.69532,0,1,0,1,101
4309,2026-06-06T23:35:38.460Z,36.33333,64.06667,43.06667,27.9,93.2,26.69532,0,1,0,1,101
4310,2026-06-06T23:37:38.455Z,36.33333,61.26667,41.73333,27.9,93.2,26.69532,0,1,0,1,101
4311,2026-06-06T23:39:38.450Z,36.33333,61.26667,41.73333,27.9,93.2,26.69532,0,1,0,1,101
4312,2026-06-06T23:41:38.445Z,36.33333,61.26667,41.73333,27.9,93.2,26.69532,0,1,0,1,101
4313,2026-06-06T23:43:38.440Z,36.33333,61.26667,41.73333,27.9,93.2,26.69532,0,1,0,1,101
4314,2026-06-06T23:45:38.435Z,36.33333,61.26667,41.73333,27.9,93.2,26.69532,0,1,0,1,101
4315,2026-06-06T23:47:38.430Z,36.33333,61.26667,41.73333,27.9,93.2,26.69532,0,1,0,1,101
4316,2026-06-06T23:49:38.425Z,36.33333,61.26667,41.73333,27.9,93.2,26.69532,0,1,0,1,101
4317,2026-06-06T23:51:38.420Z,36.33333,61.26667,41.73333,27.9,93.2,26.69532,0,1,0,1,101
4318,2026-06-06T23:53:38.415Z,38.6,61.26667,41.73333,27.9,93.2,26.69532,0,1,0,1,101
4319,2026-06-06T23:55:38.410Z,38.6,61.26667,41.73333,27.9,93.2,26.69532,0,1,0,1,101
4320,2026-06-06T23:57:38.405Z,38.6,61.26667,41.73333,27.9,93.2,26.69532,0,1,0,1,101
4321,2026-06-06T23:59:38.400Z,38.6,61.8,44.06667,27.8,93.2,26.59622,0,1,0,1,101
4322,2026-06-07T00:01:38.395Z,38.6,61.8,44.06667,27.8,93.2,26.59622,0,1,0,1,101
4323,2026-06-07T00:03:38.390Z,38.6,61.8,44.06667,27.8,93.2,26.59622,0,1,0,1,101
4324,2026-06-07T00:05:38.385Z,38.6,61.8,44.06667,27.8,93.2,26.59622,0,1,0,1,101
4325,2026-06-07T00:07:38.380Z,38.6,61.8,44.06667,27.8,93.2,26.59622,0,1,0,1,101
4326,2026-06-07T00:09:38.375Z,38.6,61.8,44.06667,27.8,93.2,26.59622,0,1,0,1,101
4327,2026-06-07T00:11:38.370Z,38.6,61.8,44.06667,27.8,93.2,26.59622,0,1,0,1,101
4328,2026-06-07T00:13:38.365Z,37.86666,61.8,44.06667,27.8,93.2,26.59622,0,1,0,1,101
4329,2026-06-07T00:15:38.360Z,37.86666,61.8,44.06667,27.8,93.2,26.59622,0,1,0,1,101
4330,2026-06-07T00:17:38.355Z,37.86666,61.8,44.06667,27.8,93.2,26.59622,0,1,0,1,101
4331,2026-06-07T00:19:38.350Z,37.86666,63.93333,40.86666,27.8,93.4,26.63271,0,1,0,1,101
4332,2026-06-07T00:21:38.345Z,37.86666,63.93333,40.86666,27.8,93.4,26.63271,0,1,0,1,101
4333,2026-06-07T00:23:38.340Z,37.86666,63.93333,40.86666,27.8,93.4,26.63271,0,1,0,1,101
4334,2026-06-07T00:25:38.335Z,37.86666,63.93333,40.86666,27.8,93.4,26.63271,0,1,0,1,101
4335,2026-06-07T00:27:38.330Z,37.86666,63.93333,40.86666,27.8,93.4,26.63271,0,1,0,1,101
4336,2026-06-07T00:29:38.325Z,37.86666,63.93333,40.86666,27.8,93.4,26.63271,0,1,0,1,101
4337,2026-06-07T00:31:38.320Z,37.86666,63.93333,40.86666,27.8,93.4,26.63271,0,1,0,1,101
4338,2026-06-07T00:33:38.315Z,37.86666,63.93333,40.86666,27.8,93.4,26.63271,0,1,0,1,101
4339,2026-06-07T00:35:38.310Z,37.8,63.93333,40.86666,27.8,93.4,26.63271,0,1,0,1,101
4340,2026-06-07T00:37:38.305Z,37.8,63.93333,40.86666,27.8,93.4,26.63271,0,1,0,1,101
4341,2026-06-07T00:39:38.300Z,37.8,63.93333,40.86666,27.8,93.4,26.63271,0,1,0,1,101
4342,2026-06-07T00:41:38.295Z,37.8,60.6,42.8,27.8,93.5,26.65092,0,1,0,1,101
4343,2026-06-07T00:43:38.290Z,37.8,60.6,42.8,27.8,93.5,26.65092,0,1,0,1,101
4344,2026-06-07T00:45:38.285Z,37.8,60.6,42.8,27.8,93.5,26.65092,0,1,0,1,101
4345,2026-06-07T00:47:38.280Z,37.8,60.6,42.8,27.8,93.5,26.65092,0,1,0,1,101
4346,2026-06-07T00:49:38.275Z,37.8,60.6,42.8,27.8,93.5,26.65092,0,1,0,1,101
4347,2026-06-07T00:51:38.270Z,37.8,60.6,42.8,27.8,93.5,26.65092,0,1,0,1,101
4348,2026-06-07T00:53:38.265Z,37.8,60.6,42.8,27.8,93.5,26.65092,0,1,0,1,101
4349,2026-06-07T00:55:38.260Z,34.46667,60.6,42.8,27.8,93.5,26.65092,0,1,0,1,101
4350,2026-06-07T00:57:38.255Z,34.46667,60.6,42.8,27.8,93.5,26.65092,0,1,0,1,101
4351,2026-06-07T00:59:38.250Z,34.46667,60.6,42.8,27.8,93.5,26.65092,0,1,0,1,101
4352,2026-06-07T01:01:38.245Z,34.46667,60.6,42.8,27.8,93.5,26.65092,0,1,0,1,101
4353,2026-06-07T01:03:38.240Z,34.46667,63.4,39.73333,27.8,93.3,26.61448,0,1,0,1,101
4354,2026-06-07T01:05:38.235Z,34.46667,63.4,39.73333,27.8,93.3,26.61448,0,1,0,1,101
4355,2026-06-07T01:07:38.230Z,34.46667,63.4,39.73333,27.8,93.3,26.61448,0,1,0,1,101
4356,2026-06-07T01:09:38.225Z,34.46667,63.4,39.73333,27.8,93.3,26.61448,0,1,0,1,101
4357,2026-06-07T01:11:38.220Z,34.46667,63.4,39.73333,27.8,93.3,26.61448,0,1,0,1,101
4358,2026-06-07T01:13:38.215Z,34.46667,63.4,39.73333,27.8,93.3,26.61448,0,1,0,1,101
4359,2026-06-07T01:15:38.210Z,34.46667,63.4,39.73333,27.8,93.3,26.61448,0,1,0,1,101
4360,2026-06-07T01:17:38.205Z,32.4,63.4,39.73333,27.8,93.3,26.61448,0,1,0,1,101
4361,2026-06-07T01:19:38.200Z,32.4,63.4,39.73333,27.8,93.3,26.61448,0,1,0,1,101
4362,2026-06-07T01:21:38.195Z,32.4,63.4,39.73333,27.8,93.3,26.61448,0,1,0,1,101
4363,2026-06-07T01:23:38.190Z,32.4,63.4,39.73333,27.8,93.3,26.61448,0,1,0,1,101
4364,2026-06-07T01:25:38.185Z,32.4,60.53333,42.13334,27.8,93.5,26.65092,0,1,0,1,101
4365,2026-06-07T01:27:38.180Z,32.4,60.53333,42.13334,27.8,93.5,26.65092,0,1,0,1,101
4366,2026-06-07T01:29:38.175Z,32.4,60.53333,42.13334,27.8,93.5,26.65092,0,1,0,1,101
4367,2026-06-07T01:31:38.170Z,32.4,60.53333,42.13334,27.8,93.5,26.65092,0,1,0,1,101
4368,2026-06-07T01:33:38.165Z,32.4,60.53333,42.13334,27.8,93.5,26.65092,0,1,0,1,101
4369,2026-06-07T01:35:38.160Z,32.4,60.53333,42.13334,27.8,93.5,26.65092,0,1,0,1,101
4370,2026-06-07T01:37:38.155Z,32.4,60.53333,42.13334,27.8,93.5,26.65092,0,1,0,1,101
4371,2026-06-07T01:39:38.150Z,36.73333,60.53333,42.13334,27.8,93.5,26.65092,0,1,0,1,101
4372,2026-06-07T01:41:38.145Z,36.73333,60.53333,42.13334,27.8,93.5,26.65092,0,1,0,1,101
4373,2026-06-07T01:43:38.140Z,36.73333,60.53333,42.13334,27.8,93.5,26.65092,0,1,0,1,101
4374,2026-06-07T01:45:38.135Z,36.73333,60.53333,42.13334,27.8,93.5,26.65092,0,1,0,1,101
4375,2026-06-07T01:47:38.130Z,36.73333,63.53333,33.66667,27.8,93.8,26.70547,0,1,0,1,101
4376,2026-06-07T01:49:38.125Z,36.73333,63.53333,33.66667,27.8,93.8,26.70547,0,1,0,1,101
4377,2026-06-07T01:51:38.120Z,36.73333,63.53333,33.66667,27.8,93.8,26.70547,0,1,0,1,101
4378,2026-06-07T01:53:38.115Z,36.73333,63.53333,33.66667,27.8,93.8,26.70547,0,1,0,1,101
4379,2026-06-07T01:55:38.110Z,36.73333,63.53333,33.66667,27.8,93.8,26.70547,0,1,0,1,101
4380,2026-06-07T01:57:38.105Z,36.73333,63.53333,33.66667,27.8,93.8,26.70547,0,1,0,1,101
4381,2026-06-07T01:59:38.100Z,36.53333,63.53333,33.66667,27.8,93.8,26.70547,0,1,0,1,101
4382,2026-06-07T02:01:38.095Z,36.53333,63.53333,33.66667,27.8,93.8,26.70547,0,1,0,1,101
4383,2026-06-07T02:03:38.090Z,36.53333,63.53333,33.66667,27.8,93.8,26.70547,0,1,0,1,101
4384,2026-06-07T02:05:38.085Z,36.53333,63.53333,33.66667,27.8,93.8,26.70547,0,1,0,1,101
4385,2026-06-07T02:07:38.080Z,36.53333,63.53333,33.66667,27.8,93.8,26.70547,0,1,0,1,101
4386,2026-06-07T02:09:38.075Z,36.53333,60.93333,32.4,27.8,93.8,26.70547,0,1,0,1,101
4387,2026-06-07T02:11:38.070Z,36.53333,60.93333,32.4,27.8,93.8,26.70547,0,1,0,1,101
4388,2026-06-07T02:13:38.065Z,36.53333,60.93333,32.4,27.8,93.8,26.70547,0,1,0,1,101
4389,2026-06-07T02:15:38.060Z,36.53333,60.93333,32.4,27.8,93.8,26.70547,0,1,0,1,101
4390,2026-06-07T02:17:38.055Z,36.53333,60.93333,32.4,27.8,93.8,26.70547,0,1,0,1,101
4391,2026-06-07T02:19:38.050Z,34.86666,60.93333,32.4,27.8,93.8,26.70547,0,1,0,1,101
4392,2026-06-07T02:21:38.045Z,34.86666,60.93333,32.4,27.8,93.8,26.70547,0,1,0,1,101
4393,2026-06-07T02:23:38.040Z,34.86666,60.93333,32.4,27.8,93.8,26.70547,0,1,0,1,101
4394,2026-06-07T02:25:38.035Z,34.86666,60.93333,32.4,27.8,93.8,26.70547,0,1,0,1,101
4395,2026-06-07T02:27:38.030Z,34.86666,60.93333,32.4,27.8,93.8,26.70547,0,1,0,1,101
4396,2026-06-07T02:29:38.025Z,34.86666,61.46667,32.73333,27.7,93.5,26.55179,0,1,0,1,101
4397,2026-06-07T02:31:38.020Z,34.86666,61.46667,32.73333,27.7,93.5,26.55179,0,1,0,1,101
4398,2026-06-07T02:33:38.015Z,34.86666,61.46667,32.73333,27.7,93.5,26.55179,0,1,0,1,101
4399,2026-06-07T02:35:38.010Z,34.86666,61.46667,32.73333,27.7,93.5,26.55179,0,1,0,1,101
4400,2026-06-07T02:37:38.005Z,34.86666,61.46667,32.73333,27.7,93.5,26.55179,0,1,0,1,101
4401,2026-06-07T02:39:38.000Z,32.6,61.46667,32.73333,27.7,93.5,26.55179,0,1,0,1,101
4402,2026-06-07T02:41:37.995Z,32.6,61.46667,32.73333,27.7,93.5,26.55179,0,1,0,1,101
4403,2026-06-07T02:43:37.990Z,32.6,61.46667,32.73333,27.7,93.5,26.55179,0,1,0,1,101
4404,2026-06-07T02:45:37.985Z,32.6,61.46667,32.73333,27.7,93.5,26.55179,0,1,0,1,101
4405,2026-06-07T02:47:37.980Z,32.6,61.46667,32.73333,27.7,93.5,26.55179,0,1,0,1,101
4406,2026-06-07T02:49:37.975Z,32.6,61.46667,32.73333,27.7,93.5,26.55179,0,1,0,1,101
4407,2026-06-07T02:51:37.970Z,32.6,62.93333,28.8,27.8,93.6,26.66912,0,1,0,1,101
4408,2026-06-07T02:53:37.965Z,32.6,62.93333,28.8,27.8,93.6,26.66912,0,1,0,1,101
4409,2026-06-07T02:55:37.960Z,32.6,62.93333,28.8,27.8,93.6,26.66912,0,1,0,1,101
4410,2026-06-07T02:57:37.955Z,32.6,62.93333,28.8,27.8,93.6,26.66912,0,1,0,1,101
4411,2026-06-07T02:59:37.950Z,32.6,62.93333,28.8,27.8,93.6,26.66912,0,1,0,1,101
4412,2026-06-07T03:01:37.945Z,32.8,62.93333,28.8,27.8,93.6,26.66912,0,1,0,1,101
4413,2026-06-07T03:03:37.940Z,32.8,62.93333,28.8,27.8,93.6,26.66912,0,1,0,1,101
4414,2026-06-07T03:05:37.935Z,32.8,62.93333,28.8,27.8,93.6,26.66912,0,1,0,1,101
4415,2026-06-07T03:07:37.930Z,32.8,62.93333,28.8,27.8,93.6,26.66912,0,1,0,1,101
4416,2026-06-07T03:09:37.925Z,32.8,62.93333,28.8,27.8,93.6,26.66912,0,1,0,1,101
4417,2026-06-07T03:11:37.920Z,32.8,62.93333,28.8,27.8,93.6,26.66912,0,1,0,1,101
4418,2026-06-07T03:13:37.915Z,32.8,60,29.4,27.8,93.8,26.70547,0,1,0,1,101
4419,2026-06-07T03:15:37.910Z,32.8,60,29.4,27.8,93.8,26.70547,0,1,0,1,101
4420,2026-06-07T03:17:37.905Z,32.8,60,29.4,27.8,93.8,26.70547,0,1,0,1,101
4421,2026-06-07T03:19:37.900Z,32.8,60,29.4,27.8,93.8,26.70547,0,1,0,1,101
4422,2026-06-07T03:21:37.895Z,32.8,60,29.4,27.8,93.8,26.70547,0,1,0,1,101
4423,2026-06-07T03:23:37.890Z,34.86666,60,29.4,27.8,93.8,26.70547,0,1,0,1,101
4424,2026-06-07T03:25:37.885Z,34.86666,60,29.4,27.8,93.8,26.70547,0,1,0,1,101
4425,2026-06-07T03:27:37.880Z,34.86666,60,29.4,27.8,93.8,26.70547,0,1,0,1,101
4426,2026-06-07T03:29:37.875Z,34.86666,60,29.4,27.8,93.8,26.70547,0,1,0,1,101
4427,2026-06-07T03:31:37.870Z,34.86666,60,29.4,27.8,93.8,26.70547,0,1,0,1,101
4428,2026-06-07T03:33:37.865Z,34.86666,60,29.4,27.8,93.8,26.70547,0,1,0,1,101
4429,2026-06-07T03:35:37.860Z,34.86666,62.53333,27.26667,27.8,93.7,26.6873,0,1,0,1,101
4430,2026-06-07T03:37:37.855Z,34.86666,62.53333,27.26667,27.8,93.7,26.6873,0,1,0,1,101
4431,2026-06-07T03:39:37.850Z,34.86666,62.53333,27.26667,27.8,93.7,26.6873,0,1,0,1,101
4432,2026-06-07T03:41:37.845Z,34.86666,62.53333,27.26667,27.8,93.7,26.6873,0,1,0,1,101
4433,2026-06-07T03:43:37.840Z,34.86666,62.53333,27.26667,27.8,93.7,26.6873,0,1,0,1,101
4434,2026-06-07T03:45:37.835Z,32.66667,62.53333,27.26667,27.8,93.7,26.6873,0,1,0,1,101
4435,2026-06-07T03:47:37.830Z,32.66667,62.53333,27.26667,27.8,93.7,26.6873,0,1,0,1,101
4436,2026-06-07T03:49:37.825Z,32.66667,62.53333,27.26667,27.8,93.7,26.6873,0,1,0,1,101
4437,2026-06-07T03:51:37.820Z,32.66667,62.53333,27.26667,27.8,93.7,26.6873,0,1,0,1,101
4438,2026-06-07T03:53:37.815Z,32.66667,62.53333,27.26667,27.8,93.7,26.6873,0,1,0,1,101
4439,2026-06-07T03:55:37.810Z,32.66667,62.53333,27.26667,27.8,93.7,26.6873,0,1,0,1,101
4440,2026-06-07T03:57:37.805Z,32.66667,59.93333,28.93333,27.8,93.9,26.72361,0,1,0,1,101
4441,2026-06-07T03:59:37.800Z,32.66667,59.93333,28.93333,27.8,93.9,26.72361,0,1,0,1,101
4442,2026-06-07T04:01:37.795Z,32.66667,59.93333,28.93333,27.8,93.9,26.72361,0,1,0,1,101
4443,2026-06-07T04:03:37.790Z,32.66667,59.93333,28.93333,27.8,93.9,26.72361,0,1,0,1,101
4444,2026-06-07T04:05:37.785Z,32.66667,59.93333,28.93333,27.8,93.9,26.72361,0,1,0,1,101
4445,2026-06-07T04:07:37.780Z,34.06667,59.93333,28.93333,27.8,93.9,26.72361,0,1,0,1,101
4446,2026-06-07T04:09:37.775Z,34.06667,59.93333,28.93333,27.8,93.9,26.72361,0,1,0,1,101
4447,2026-06-07T04:11:37.770Z,34.06667,59.93333,28.93333,27.8,93.9,26.72361,0,1,0,1,101
4448,2026-06-07T04:13:37.765Z,34.06667,59.93333,28.93333,27.8,93.9,26.72361,0,1,0,1,101
4449,2026-06-07T04:15:37.760Z,34.06667,59.93333,28.93333,27.8,93.9,26.72361,0,1,0,1,101
4450,2026-06-07T04:17:37.755Z,34.06667,59.93333,28.93333,27.8,93.9,26.72361,0,1,0,1,101
4451,2026-06-07T04:19:37.750Z,34.06667,62.26667,25.8,27.8,93.9,26.72361,0,1,0,1,101
4452,2026-06-07T04:21:37.745Z,34.06667,62.26667,25.8,27.8,93.9,26.72361,0,1,0,1,101
4453,2026-06-07T04:23:37.740Z,34.06667,62.26667,25.8,27.8,93.9,26.72361,0,1,0,1,101
4454,2026-06-07T04:25:37.735Z,34.06667,62.26667,25.8,27.8,93.9,26.72361,0,1,0,1,101
4455,2026-06-07T04:27:37.730Z,34.06667,62.26667,25.8,27.8,93.9,26.72361,0,1,0,1,101
4456,2026-06-07T04:29:37.725Z,30.73333,62.26667,25.8,27.8,93.9,26.72361,0,1,0,1,101
4457,2026-06-07T04:31:37.720Z,30.73333,62.26667,25.8,27.8,93.9,26.72361,0,1,0,1,101
4458,2026-06-07T04:33:37.715Z,30.73333,62.26667,25.8,27.8,93.9,26.72361,0,1,0,1,101
4459,2026-06-07T04:35:37.710Z,30.73333,62.26667,25.8,27.8,93.9,26.72361,0,1,0,1,101
4460,2026-06-07T04:37:37.705Z,30.73333,62.26667,25.8,27.8,93.9,26.72361,0,1,0,1,101
4461,2026-06-07T04:39:37.700Z,30.73333,59.93333,25.2,27.8,93.8,26.70547,0,1,0,1,101
4462,2026-06-07T04:41:37.695Z,30.73333,59.93333,25.2,27.8,93.8,26.70547,0,1,0,1,101
4463,2026-06-07T04:43:37.690Z,30.73333,59.93333,25.2,27.8,93.8,26.70547,0,1,0,1,101
4464,2026-06-07T04:45:37.685Z,30.73333,59.93333,25.2,27.8,93.8,26.70547,0,1,0,1,101
4465,2026-06-07T04:47:37.680Z,30.73333,59.93333,25.2,27.8,93.8,26.70547,0,1,0,1,101
4466,2026-06-07T04:49:37.675Z,30.73333,59.93333,25.2,27.8,93.8,26.70547,0,1,0,1,101
4467,2026-06-07T04:51:37.670Z,30,59.93333,25.2,27.8,93.8,26.70547,0,1,0,1,101
4468,2026-06-07T04:53:37.665Z,30,59.93333,25.2,27.8,93.8,26.70547,0,1,0,1,101
4469,2026-06-07T04:55:37.660Z,30,59.93333,25.2,27.8,93.8,26.70547,0,1,0,1,101
4470,2026-06-07T04:57:37.655Z,30,59.93333,25.2,27.8,93.8,26.70547,0,1,0,1,101
4471,2026-06-07T04:59:37.650Z,30,59.93333,25.2,27.8,93.8,26.70547,0,1,0,1,101
4472,2026-06-07T05:01:37.645Z,30,58.93333,27.66667,27.9,93.3,26.71358,0,1,0,1,101
4473,2026-06-07T05:03:37.640Z,30,58.93333,27.66667,27.9,93.3,26.71358,0,1,0,1,101
4474,2026-06-07T05:05:37.635Z,30,58.93333,27.66667,27.9,93.3,26.71358,0,1,0,1,101
4475,2026-06-07T05:07:37.630Z,30,58.93333,27.66667,27.9,93.3,26.71358,0,1,0,1,101
4476,2026-06-07T05:09:37.625Z,30,58.93333,27.66667,27.9,93.3,26.71358,0,1,0,1,101
4477,2026-06-07T05:11:37.620Z,33.53333,58.93333,27.66667,27.9,93.3,26.71358,0,1,0,1,101
4478,2026-06-07T05:13:37.615Z,33.53333,58.93333,27.66667,27.9,93.3,26.71358,0,1,0,1,101
4479,2026-06-07T05:15:37.610Z,33.53333,58.93333,27.66667,27.9,93.3,26.71358,0,1,0,1,101
4480,2026-06-07T05:17:37.605Z,33.53333,58.93333,27.66667,27.9,93.3,26.71358,0,1,0,1,101
4481,2026-06-07T05:19:37.600Z,33.53333,58.93333,27.66667,27.9,93.3,26.71358,0,1,0,1,101
4482,2026-06-07T05:21:37.595Z,33.53333,58.93333,27.66667,27.9,93.3,26.71358,0,1,0,1,101
4483,2026-06-07T05:23:37.590Z,33.53333,62.53333,23.73333,27.9,93.3,26.71358,0,1,0,1,101
4484,2026-06-07T05:25:37.585Z,33.53333,62.53333,23.73333,27.9,93.3,26.71358,0,1,0,1,101
4485,2026-06-07T05:27:37.580Z,33.53333,62.53333,23.73333,27.9,93.3,26.71358,0,1,0,1,101
4486,2026-06-07T05:29:37.575Z,33.53333,62.53333,23.73333,27.9,93.3,26.71358,0,1,0,1,101
4487,2026-06-07T05:31:37.570Z,33.53333,62.53333,23.73333,27.9,93.3,26.71358,0,1,0,1,101
4488,2026-06-07T05:33:37.565Z,29.93333,62.53333,23.73333,27.9,93.3,26.71358,0,1,0,1,101
4489,2026-06-07T05:35:37.560Z,29.93333,62.53333,23.73333,27.9,93.3,26.71358,0,1,0,1,101
4490,2026-06-07T05:37:37.555Z,29.93333,62.53333,23.73333,27.9,93.3,26.71358,0,1,0,1,101
4491,2026-06-07T05:39:37.550Z,29.93333,62.53333,23.73333,27.9,93.3,26.71358,0,1,0,1,101
4492,2026-06-07T05:41:37.545Z,29.93333,62.53333,23.73333,27.9,93.3,26.71358,0,1,0,1,101
4493,2026-06-07T05:43:37.540Z,29.93333,60.86666,26.4,27.9,93.4,26.73183,0,1,0,1,101
4494,2026-06-07T05:45:37.535Z,29.93333,60.86666,26.4,27.9,93.4,26.73183,0,1,0,1,101
4495,2026-06-07T05:47:37.530Z,29.93333,60.86666,26.4,27.9,93.4,26.73183,0,1,0,1,101
4496,2026-06-07T05:49:37.525Z,29.93333,60.86666,26.4,27.9,93.4,26.73183,0,1,0,1,101
4497,2026-06-07T05:51:37.520Z,29.93333,60.86666,26.4,27.9,93.4,26.73183,0,1,0,1,101
4498,2026-06-07T05:53:37.515Z,29.93333,60.86666,26.4,27.9,93.4,26.73183,0,1,0,1,101
4499,2026-06-07T05:55:37.510Z,32.4,60.86666,26.4,27.9,93.4,26.73183,0,1,0,1,101
4500,2026-06-07T05:57:37.505Z,32.4,60.86666,26.4,27.9,93.4,26.73183,0,1,0,1,101
4501,2026-06-07T05:59:37.500Z,32.4,60.86666,26.4,27.9,93.4,26.73183,0,1,0,1,101
4502,2026-06-07T06:01:37.495Z,32.4,60.86666,26.4,27.9,93.4,26.73183,0,1,0,1,101
4503,2026-06-07T06:03:37.490Z,32.4,60.86666,26.4,27.9,93.4,26.73183,0,1,0,1,101
4504,2026-06-07T06:05:37.485Z,32.4,58.8,26,28,93.4,26.83095,0,1,0,1,101
4505,2026-06-07T06:07:37.480Z,32.4,58.8,26,28,93.4,26.83095,0,1,0,1,101
4506,2026-06-07T06:09:37.475Z,32.4,58.8,26,28,93.4,26.83095,0,1,0,1,101
4507,2026-06-07T06:11:37.470Z,32.4,58.8,26,28,93.4,26.83095,0,1,0,1,101
4508,2026-06-07T06:13:37.465Z,32.4,58.8,26,28,93.4,26.83095,0,1,0,1,101
4509,2026-06-07T06:15:37.460Z,32.4,58.8,26,28,93.4,26.83095,0,1,0,1,101
4510,2026-06-07T06:17:37.455Z,28.93333,58.8,26,28,93.4,26.83095,0,1,0,1,101
4511,2026-06-07T06:19:37.450Z,28.93333,58.8,26,28,93.4,26.83095,0,1,0,1,101
4512,2026-06-07T06:21:37.445Z,28.93333,58.8,26,28,93.4,26.83095,0,1,0,1,101
4513,2026-06-07T06:23:37.440Z,28.93333,58.8,26,28,93.4,26.83095,0,1,0,1,101
4514,2026-06-07T06:25:37.435Z,28.93333,58.8,26,28,93.4,26.83095,0,1,0,1,101
4515,2026-06-07T06:27:37.430Z,28.93333,60.86666,23,28,93,26.75781,0,1,0,1,101
4516,2026-06-07T06:29:37.425Z,28.93333,60.86666,23,28,93,26.75781,0,1,0,1,101
4517,2026-06-07T06:31:37.420Z,28.93333,60.86666,23,28,93,26.75781,0,1,0,1,101
4518,2026-06-07T06:33:37.415Z,28.93333,60.86666,23,28,93,26.75781,0,1,0,1,101
4519,2026-06-07T06:35:37.410Z,28.93333,60.86666,23,28,93,26.75781,0,1,0,1,101
4520,2026-06-07T06:37:37.405Z,28.93333,60.86666,23,28,93,26.75781,0,1,0,1,101
4521,2026-06-07T06:39:37.400Z,32,60.86666,23,28,93,26.75781,0,1,0,1,101
4522,2026-06-07T06:41:37.395Z,32,60.86666,23,28,93,26.75781,0,1,0,1,101
4523,2026-06-07T06:43:37.390Z,32,60.86666,23,28,93,26.75781,0,1,0,1,101
4524,2026-06-07T06:45:37.385Z,32,60.86666,23,28,93,26.75781,0,1,0,1,101
4525,2026-06-07T06:47:37.380Z,32,60.86666,23,28,93,26.75781,0,1,0,1,101
4526,2026-06-07T06:49:37.375Z,32,59.73333,25.33333,28,92.6,26.68439,0,1,0,1,101
4527,2026-06-07T06:51:37.370Z,32,59.73333,25.33333,28,92.6,26.68439,0,1,0,1,101
4528,2026-06-07T06:53:37.365Z,32,59.73333,25.33333,28,92.6,26.68439,0,1,0,1,101
4529,2026-06-07T06:55:37.360Z,32,59.73333,25.33333,28,92.6,26.68439,0,1,0,1,101
4530,2026-06-07T06:57:37.355Z,32,59.73333,25.33333,28,92.6,26.68439,0,1,0,1,101
4531,2026-06-07T06:59:37.350Z,32,59.73333,25.33333,28,92.6,26.68439,0,1,0,1,101
4532,2026-06-07T07:01:37.345Z,28.26667,59.73333,25.33333,28,92.6,26.68439,0,1,0,1,101
4533,2026-06-07T07:03:37.340Z,28.26667,59.73333,25.33333,28,92.6,26.68439,0,1,0,1,101
4534,2026-06-07T07:05:37.335Z,28.26667,59.73333,25.33333,28,92.6,26.68439,0,1,0,1,101
4535,2026-06-07T07:07:37.330Z,28.26667,59.73333,25.33333,28,92.6,26.68439,0,1,0,1,101
4536,2026-06-07T07:09:37.325Z,28.26667,59.73333,25.33333,28,92.6,26.68439,0,1,0,1,101
4537,2026-06-07T07:11:37.320Z,28.26667,61,24.26667,28,92.4,26.64758,0,1,0,1,101
4538,2026-06-07T07:13:37.315Z,28.26667,61,24.26667,28,92.4,26.64758,0,1,0,1,101
4539,2026-06-07T07:15:37.310Z,28.26667,61,24.26667,28,92.4,26.64758,0,1,0,1,101
4540,2026-06-07T07:17:37.305Z,28.26667,61,24.26667,28,92.4,26.64758,0,1,0,1,101
4541,2026-06-07T07:19:37.300Z,28.26667,61,24.26667,28,92.4,26.64758,0,1,0,1,101
4542,2026-06-07T07:21:37.295Z,28.26667,61,24.26667,28,92.4,26.64758,0,1,0,1,101
4543,2026-06-07T07:23:37.290Z,31,61,24.26667,28,92.4,26.64758,0,1,0,1,101
4544,2026-06-07T07:25:37.285Z,31,61,24.26667,28,92.4,26.64758,0,1,0,1,101
4545,2026-06-07T07:27:37.280Z,31,61,24.26667,28,92.4,26.64758,0,1,0,1,101
4546,2026-06-07T07:29:37.275Z,31,61,24.26667,28,92.4,26.64758,0,1,0,1,101
4547,2026-06-07T07:31:37.270Z,31,61,24.26667,28,92.4,26.64758,0,1,0,1,101
4548,2026-06-07T07:33:37.265Z,31,59.6,21.66667,28,92.1,26.59223,0,1,0,1,101
4549,2026-06-07T07:35:37.260Z,31,59.6,21.66667,28,92.1,26.59223,0,1,0,1,101
4550,2026-06-07T07:37:37.255Z,31,59.6,21.66667,28,92.1,26.59223,0,1,0,1,101
4551,2026-06-07T07:39:37.250Z,31,59.6,21.66667,28,92.1,26.59223,0,1,0,1,101
4552,2026-06-07T07:41:37.245Z,31,59.6,21.66667,28,92.1,26.59223,0,1,0,1,101
4553,2026-06-07T07:43:37.240Z,31,59.6,21.66667,28,92.1,26.59223,0,1,0,1,101
4554,2026-06-07T07:45:37.235Z,30.4,59.6,21.66667,28,92.1,26.59223,0,1,0,1,101
4555,2026-06-07T07:47:37.230Z,30.4,59.6,21.66667,28,92.1,26.59223,0,1,0,1,101
4556,2026-06-07T07:49:37.225Z,30.4,59.6,21.66667,28,92.1,26.59223,0,1,0,1,101
4557,2026-06-07T07:51:37.220Z,30.4,59.6,21.66667,28,92.1,26.59223,0,1,0,1,101
4558,2026-06-07T07:53:37.215Z,30.4,59.6,21.66667,28,92.1,26.59223,0,1,0,1,101
4559,2026-06-07T07:55:37.210Z,30.4,62.66667,21.93333,28,91.7,26.51819,0,1,0,1,101
4560,2026-06-07T07:57:37.205Z,30.4,62.66667,21.93333,28,91.7,26.51819,0,1,0,1,101
4561,2026-06-07T07:59:37.200Z,30.4,62.66667,21.93333,28,91.7,26.51819,0,1,0,1,101
4562,2026-06-07T08:01:37.195Z,30.4,62.66667,21.93333,28,91.7,26.51819,0,1,0,1,101
4563,2026-06-07T08:03:37.190Z,30.4,62.66667,21.93333,28,91.7,26.51819,0,1,0,1,101
4564,2026-06-07T08:05:37.185Z,30.4,62.66667,21.93333,28,91.7,26.51819,0,1,0,1,101
4565,2026-06-07T08:07:37.180Z,26.2,62.66667,21.93333,28,91.7,26.51819,0,1,0,1,101
4566,2026-06-07T08:09:37.175Z,26.2,62.66667,21.93333,28,91.7,26.51819,0,1,0,1,101
4567,2026-06-07T08:11:37.170Z,26.2,62.66667,21.93333,28,91.7,26.51819,0,1,0,1,101
4568,2026-06-07T08:13:37.165Z,26.2,62.66667,21.93333,28,91.7,26.51819,0,1,0,1,101
4569,2026-06-07T08:15:37.160Z,26.2,62.66667,21.93333,28,91.7,26.51819,0,1,0,1,101
4570,2026-06-07T08:17:37.155Z,26.2,59.26667,22.33333,28,91.9,26.55525,0,1,0,1,101
4571,2026-06-07T08:19:37.150Z,26.2,59.26667,22.33333,28,91.9,26.55525,0,1,0,1,101
4572,2026-06-07T08:21:37.145Z,26.2,59.26667,22.33333,28,91.9,26.55525,0,1,0,1,101
4573,2026-06-07T08:23:37.140Z,26.2,59.26667,22.33333,28,91.9,26.55525,0,1,0,1,101
4574,2026-06-07T08:25:37.135Z,26.2,59.26667,22.33333,28,91.9,26.55525,0,1,0,1,101
4575,2026-06-07T08:27:37.130Z,26.2,59.26667,22.33333,28,91.9,26.55525,0,1,0,1,101
4576,2026-06-07T08:29:37.125Z,26.73333,59.26667,22.33333,28,91.9,26.55525,0,1,0,1,101
4577,2026-06-07T08:31:37.120Z,26.73333,59.26667,22.33333,28,91.9,26.55525,0,1,0,1,101
4578,2026-06-07T08:33:37.115Z,26.73333,59.26667,22.33333,28,91.9,26.55525,0,1,0,1,101
4579,2026-06-07T08:35:37.110Z,26.73333,59.26667,22.33333,28,91.9,26.55525,0,1,0,1,101
4580,2026-06-07T08:37:37.105Z,26.73333,59.26667,22.33333,28,91.9,26.55525,0,1,0,1,101
4581,2026-06-07T08:39:37.100Z,26.73333,62.2,23.13333,28.1,92.2,26.70966,0,1,0,1,101
4582,2026-06-07T08:41:37.095Z,26.73333,62.2,23.13333,28.1,92.2,26.70966,0,1,0,1,101
4583,2026-06-07T08:43:37.090Z,26.73333,62.2,23.13333,28.1,92.2,26.70966,0,1,0,1,101
4584,2026-06-07T08:45:37.085Z,26.73333,62.2,23.13333,28.1,92.2,26.70966,0,1,0,1,101
4585,2026-06-07T08:47:37.080Z,26.73333,62.2,23.13333,28.1,92.2,26.70966,0,1,0,1,101
4586,2026-06-07T08:49:37.075Z,28.86667,62.2,23.13333,28.1,92.2,26.70966,0,1,0,1,101
4587,2026-06-07T08:51:37.070Z,28.86667,62.2,23.13333,28.1,92.2,26.70966,0,1,0,1,101
4588,2026-06-07T08:53:37.065Z,28.86667,62.2,23.13333,28.1,92.2,26.70966,0,1,0,1,101
4589,2026-06-07T08:55:37.060Z,28.86667,62.2,23.13333,28.1,92.2,26.70966,0,1,0,1,101
4590,2026-06-07T08:57:37.055Z,28.86667,62.2,23.13333,28.1,92.2,26.70966,0,1,0,1,101
4591,2026-06-07T08:59:37.050Z,28.86667,62.2,23.13333,28.1,92.2,26.70966,0,1,0,1,101
4592,2026-06-07T09:01:37.045Z,28.86667,59.93333,19.73333,28.1,92.4,26.74657,0,1,0,1,101
4593,2026-06-07T09:03:37.040Z,28.86667,59.93333,19.73333,28.1,92.4,26.74657,0,1,0,1,101
4594,2026-06-07T09:05:37.035Z,28.86667,59.93333,19.73333,28.1,92.4,26.74657,0,1,0,1,101
4595,2026-06-07T09:07:37.030Z,28.86667,59.93333,19.73333,28.1,92.4,26.74657,0,1,0,1,101
4596,2026-06-07T09:09:37.025Z,28.86667,59.93333,19.73333,28.1,92.4,26.74657,0,1,0,1,101
4597,2026-06-07T09:11:37.020Z,27.26667,59.93333,19.73333,28.1,92.4,26.74657,0,1,0,1,101
4598,2026-06-07T09:13:37.015Z,27.26667,59.93333,19.73333,28.1,92.4,26.74657,0,1,0,1,101
4599,2026-06-07T09:15:37.010Z,27.26667,59.93333,19.73333,28.1,92.4,26.74657,0,1,0,1,101
4600,2026-06-07T09:17:37.005Z,27.26667,59.93333,19.73333,28.1,92.4,26.74657,0,1,0,1,101
4601,2026-06-07T09:19:37.000Z,27.26667,59.93333,19.73333,28.1,92.4,26.74657,0,1,0,1,101
4602,2026-06-07T09:21:36.995Z,27.26667,59.93333,19.73333,28.1,92.4,26.74657,0,1,0,1,101
4603,2026-06-07T09:23:36.990Z,27.26667,60.73333,17.86667,28.1,92.5,26.765,0,1,0,1,101
4604,2026-06-07T09:25:36.985Z,27.26667,60.73333,17.86667,28.1,92.5,26.765,0,1,0,1,101
4605,2026-06-07T09:27:36.980Z,27.26667,60.73333,17.86667,28.1,92.5,26.765,0,1,0,1,101
4606,2026-06-07T09:29:36.975Z,27.26667,60.73333,17.86667,28.1,92.5,26.765,0,1,0,1,101
4607,2026-06-07T09:31:36.970Z,27.26667,60.73333,17.86667,28.1,92.5,26.765,0,1,0,1,101
4608,2026-06-07T09:33:36.965Z,25.8,60.73333,17.86667,28.1,92.5,26.765,0,1,0,1,101
4609,2026-06-07T09:35:36.960Z,25.8,60.73333,17.86667,28.1,92.5,26.765,0,1,0,1,101
4610,2026-06-07T09:37:36.955Z,25.8,60.73333,17.86667,28.1,92.5,26.765,0,1,0,1,101
4611,2026-06-07T09:39:36.950Z,25.8,60.73333,17.86667,28.1,92.5,26.765,0,1,0,1,101
4612,2026-06-07T09:41:36.945Z,25.8,60.73333,17.86667,28.1,92.5,26.765,0,1,0,1,101
4613,2026-06-07T09:43:36.940Z,25.8,60.73333,17.86667,28.1,92.5,26.765,0,1,0,1,101
4614,2026-06-07T09:45:36.935Z,25.8,61.13334,16.53333,28.1,92.6,26.78341,0,1,0,1,101
4615,2026-06-07T09:47:36.930Z,25.8,61.13334,16.53333,28.1,92.6,26.78341,0,1,0,1,101
4616,2026-06-07T09:49:36.925Z,25.8,61.13334,16.53333,28.1,92.6,26.78341,0,1,0,1,101
4617,2026-06-07T09:51:36.920Z,25.8,61.13334,16.53333,28.1,92.6,26.78341,0,1,0,1,101
4618,2026-06-07T09:53:36.915Z,27.6,61.13334,16.53333,28.1,92.6,26.78341,0,1,0,1,101
4619,2026-06-07T09:55:36.910Z,27.6,61.13334,16.53333,28.1,92.6,26.78341,0,1,0,1,101
4620,2026-06-07T09:57:36.905Z,27.6,61.13334,16.53333,28.1,92.6,26.78341,0,1,0,1,101
4621,2026-06-07T09:59:36.900Z,27.6,61.13334,16.53333,28.1,92.6,26.78341,0,1,0,1,101
4622,2026-06-07T10:01:36.895Z,27.6,61.13334,16.53333,28.1,92.6,26.78341,0,1,0,1,101
4623,2026-06-07T10:03:36.890Z,27.6,61.13334,16.53333,28.1,92.6,26.78341,0,1,0,1,101
4624,2026-06-07T10:05:36.885Z,27.6,61.13334,16.53333,28.1,92.6,26.78341,0,1,0,1,101
4625,2026-06-07T10:07:36.880Z,27.6,61.93333,12.4,28.1,92.5,26.765,0,1,0,1,101
4626,2026-06-07T10:09:36.875Z,27.6,61.93333,12.4,28.1,92.5,26.765,0,1,0,1,101
4627,2026-06-07T10:11:36.870Z,27.6,61.93333,12.4,28.1,92.5,26.765,0,1,0,1,101
4628,2026-06-07T10:13:36.865Z,27.6,61.93333,12.4,28.1,92.5,26.765,0,1,0,1,101
4629,2026-06-07T10:15:36.860Z,23.93333,61.93333,12.4,28.1,92.5,26.765,0,1,0,1,101
4630,2026-06-07T10:17:36.855Z,23.93333,61.93333,12.4,28.1,92.5,26.765,0,1,0,1,101
4631,2026-06-07T10:19:36.850Z,23.93333,61.93333,12.4,28.1,92.5,26.765,0,1,0,1,101
4632,2026-06-07T10:21:36.845Z,23.93333,61.93333,12.4,28.1,92.5,26.765,0,1,0,1,101
4633,2026-06-07T10:23:36.840Z,23.93333,61.93333,12.4,28.1,92.5,26.765,0,1,0,1,101
4634,2026-06-07T10:25:36.835Z,23.93333,61.93333,12.4,28.1,92.5,26.765,0,1,0,1,101
4635,2026-06-07T10:27:36.830Z,23.93333,61.93333,12.4,28.1,92.5,26.765,0,1,0,1,101
4636,2026-06-07T10:29:36.825Z,23.93333,60.8,14.2,28.1,92.1,26.69118,0,1,0,1,101
4637,2026-06-07T10:31:36.820Z,23.93333,60.8,14.2,28.1,92.1,26.69118,0,1,0,1,101
4638,2026-06-07T10:33:36.815Z,23.93333,60.8,14.2,28.1,92.1,26.69118,0,1,0,1,101
4639,2026-06-07T10:35:36.810Z,23.93333,60.8,14.2,28.1,92.1,26.69118,0,1,0,1,101
4640,2026-06-07T10:37:36.805Z,26.06667,60.8,14.2,28.1,92.1,26.69118,0,1,0,1,101
4641,2026-06-07T10:39:36.800Z,26.06667,60.8,14.2,28.1,92.1,26.69118,0,1,0,1,101
4642,2026-06-07T10:41:36.795Z,26.06667,60.8,14.2,28.1,92.1,26.69118,0,1,0,1,101
4643,2026-06-07T10:43:36.790Z,26.06667,60.8,14.2,28.1,92.1,26.69118,0,1,0,1,101
4644,2026-06-07T10:45:36.785Z,26.06667,60.8,14.2,28.1,92.1,26.69118,0,1,0,1,101
4645,2026-06-07T10:47:36.780Z,26.06667,60.8,14.2,28.1,92.1,26.69118,0,1,0,1,101
4646,2026-06-07T10:49:36.775Z,26.06667,60.66667,11,28.1,91.7,26.61709,0,1,0,1,101
4647,2026-06-07T10:51:36.770Z,26.06667,60.66667,11,28.1,91.7,26.61709,0,1,0,1,101
4648,2026-06-07T10:53:36.765Z,26.06667,60.66667,11,28.1,91.7,26.61709,0,1,0,1,101
4649,2026-06-07T10:55:36.760Z,26.06667,60.66667,11,28.1,91.7,26.61709,0,1,0,1,101
4650,2026-06-07T10:57:36.755Z,26.06667,60.66667,11,28.1,91.7,26.61709,0,1,0,1,101
4651,2026-06-07T10:59:36.750Z,25.13333,60.66667,11,28.1,91.7,26.61709,0,1,0,1,101
4652,2026-06-07T11:01:36.745Z,25.13333,60.66667,11,28.1,91.7,26.61709,0,1,0,1,101
4653,2026-06-07T11:03:36.740Z,25.13333,60.66667,11,28.1,91.7,26.61709,0,1,0,1,101
4654,2026-06-07T11:05:36.735Z,25.13333,60.66667,11,28.1,91.7,26.61709,0,1,0,1,101
4655,2026-06-07T11:07:36.730Z,25.13333,60.66667,11,28.1,91.7,26.61709,0,1,0,1,101
4656,2026-06-07T11:09:36.725Z,25.13333,60.13334,12.53333,28.1,91.5,26.57993,0,1,0,1,101
4657,2026-06-07T11:11:36.720Z,25.13333,60.13334,12.53333,28.1,91.5,26.57993,0,1,0,1,101
4658,2026-06-07T11:13:36.715Z,25.13333,60.13334,12.53333,28.1,91.5,26.57993,0,1,0,1,101
4659,2026-06-07T11:15:36.710Z,25.13333,60.13334,12.53333,28.1,91.5,26.57993,0,1,0,1,101
4660,2026-06-07T11:17:36.705Z,25.13333,60.13334,12.53333,28.1,91.5,26.57993,0,1,0,1,101
4661,2026-06-07T11:19:36.700Z,25.13333,60.13334,12.53333,28.1,91.5,26.57993,0,1,0,1,101
4662,2026-06-07T11:21:36.695Z,26.06667,60.13334,12.53333,28.1,91.5,26.57993,0,1,0,1,101
4663,2026-06-07T11:23:36.690Z,26.06667,60.13334,12.53333,28.1,91.5,26.57993,0,1,0,1,101
4664,2026-06-07T11:25:36.685Z,26.06667,60.13334,12.53333,28.1,91.5,26.57993,0,1,0,1,101
4665,2026-06-07T11:27:36.680Z,26.06667,60.13334,12.53333,28.1,91.5,26.57993,0,1,0,1,101
4666,2026-06-07T11:29:36.675Z,26.06667,60.13334,12.53333,28.1,91.5,26.57993,0,1,0,1,101
4667,2026-06-07T11:31:36.670Z,26.06667,60.13334,12.53333,28.1,91.5,26.57993,0,1,0,1,101
4668,2026-06-07T11:33:36.665Z,26.06667,58.73333,8.733334,28.1,91.4,26.56133,0,1,0,1,101
4669,2026-06-07T11:35:36.660Z,26.06667,58.73333,8.733334,28.1,91.4,26.56133,0,1,0,1,101
4670,2026-06-07T11:37:36.655Z,26.06667,58.73333,8.733334,28.1,91.4,26.56133,0,1,0,1,101
4671,2026-06-07T11:39:36.650Z,26.06667,58.73333,8.733334,28.1,91.4,26.56133,0,1,0,1,101
4672,2026-06-07T11:41:36.645Z,26.06667,58.73333,8.733334,28.1,91.4,26.56133,0,1,0,1,101
4673,2026-06-07T11:43:36.640Z,22.8,58.73333,8.733334,28.1,91.4,26.56133,0,1,0,1,101
4674,2026-06-07T11:45:36.635Z,22.8,58.73333,8.733334,28.1,91.4,26.56133,0,1,0,1,101
4675,2026-06-07T11:47:36.630Z,22.8,58.73333,8.733334,28.1,91.4,26.56133,0,1,0,1,101
4676,2026-06-07T11:49:36.625Z,22.8,58.73333,8.733334,28.1,91.4,26.56133,0,1,0,1,101
4677,2026-06-07T11:51:36.620Z,22.8,58.73333,8.733334,28.1,91.4,26.56133,0,1,0,1,101
4678,2026-06-07T11:53:36.615Z,22.8,59.66667,10.53333,28.1,90.9,26.46805,0,1,0,1,101
4679,2026-06-07T11:55:36.610Z,22.8,59.66667,10.53333,28.1,90.9,26.46805,0,1,0,1,101
4680,2026-06-07T11:57:36.605Z,22.8,59.66667,10.53333,28.1,90.9,26.46805,0,1,0,1,101
4681,2026-06-07T11:59:36.600Z,22.8,59.66667,10.53333,28.1,90.9,26.46805,0,1,0,1,101
4682,2026-06-07T12:01:36.595Z,22.8,59.66667,10.53333,28.1,90.9,26.46805,0,1,0,1,101
4683,2026-06-07T12:03:36.590Z,22.8,59.66667,10.53333,28.1,90.9,26.46805,0,1,0,1,101
4684,2026-06-07T12:05:36.585Z,26.93333,59.66667,10.53333,28.1,90.9,26.46805,0,1,0,1,101
4685,2026-06-07T12:07:36.580Z,26.93333,59.66667,10.53333,28.1,90.9,26.46805,0,1,0,1,101
4686,2026-06-07T12:09:36.575Z,26.93333,59.66667,10.53333,28.1,90.9,26.46805,0,1,0,1,101
4687,2026-06-07T12:11:36.570Z,26.93333,59.66667,10.53333,28.1,90.9,26.46805,0,1,0,1,101
4688,2026-06-07T12:13:36.565Z,26.93333,59.66667,10.53333,28.1,90.9,26.46805,0,1,0,1,101
4689,2026-06-07T12:15:36.560Z,26.93333,60.53333,7.4,28.1,90.6,26.41186,0,1,0,1,101
4690,2026-06-07T12:17:36.555Z,26.93333,60.53333,7.4,28.1,90.6,26.41186,0,1,0,1,101
4691,2026-06-07T12:19:36.550Z,26.93333,60.53333,7.4,28.1,90.6,26.41186,0,1,0,1,101
4692,2026-06-07T12:21:36.545Z,26.93333,60.53333,7.4,28.1,90.6,26.41186,0,1,0,1,101
4693,2026-06-07T12:23:36.540Z,26.93333,60.53333,7.4,28.1,90.6,26.41186,0,1,0,1,101
4694,2026-06-07T12:25:36.535Z,26.93333,60.53333,7.4,28.1,90.6,26.41186,0,1,0,1,101
4695,2026-06-07T12:27:36.530Z,23.6,60.53333,7.4,28.1,90.6,26.41186,0,1,0,1,101
4696,2026-06-07T12:29:36.525Z,23.6,60.53333,7.4,28.1,90.6,26.41186,0,1,0,1,101
4697,2026-06-07T12:31:36.520Z,23.6,60.53333,7.4,28.1,90.6,26.41186,0,1,0,1,101
4698,2026-06-07T12:33:36.515Z,23.6,60.53333,7.4,28.1,90.6,26.41186,0,1,0,1,101
4699,2026-06-07T12:35:36.510Z,23.6,60.53333,7.4,28.1,90.6,26.41186,0,1,0,1,101
4700,2026-06-07T12:37:36.505Z,23.6,60.73333,9.533334,28.2,90.4,26.47302,0,1,0,1,101
4701,2026-06-07T12:39:36.500Z,23.6,60.73333,9.533334,28.2,90.4,26.47302,0,1,0,1,101
4702,2026-06-07T12:41:36.495Z,23.6,60.73333,9.533334,28.2,90.4,26.47302,0,1,0,1,101
4703,2026-06-07T12:43:36.490Z,23.6,60.73333,9.533334,28.2,90.4,26.47302,0,1,0,1,101
4704,2026-06-07T12:45:36.485Z,23.6,60.73333,9.533334,28.2,90.4,26.47302,0,1,0,1,101
4705,2026-06-07T12:47:36.480Z,23.6,60.73333,9.533334,28.2,90.4,26.47302,0,1,0,1,101
4706,2026-06-07T12:49:36.475Z,25.26667,60.73333,9.533334,28.2,90.4,26.47302,0,1,0,1,101
4707,2026-06-07T12:51:36.470Z,25.26667,60.73333,9.533334,28.2,90.4,26.47302,0,1,0,1,101
4708,2026-06-07T12:53:36.465Z,25.26667,60.73333,9.533334,28.2,90.4,26.47302,0,1,0,1,101
4709,2026-06-07T12:55:36.460Z,25.26667,60.73333,9.533334,28.2,90.4,26.47302,0,1,0,1,101
4710,2026-06-07T12:57:36.455Z,25.26667,60.13334,9.066667,28.2,90.3,26.45421,0,1,0,1,101
4711,2026-06-07T12:59:36.450Z,25.26667,60.13334,9.066667,28.2,90.3,26.45421,0,1,0,1,101
4712,2026-06-07T13:01:36.445Z,25.26667,60.13334,9.066667,28.2,90.3,26.45421,0,1,0,1,101
4713,2026-06-07T13:03:36.440Z,25.26667,60.13334,9.066667,28.2,90.3,26.45421,0,1,0,1,101
4714,2026-06-07T13:05:36.435Z,25.26667,60.13334,9.066667,28.2,90.3,26.45421,0,1,0,1,101
4715,2026-06-07T13:07:36.430Z,25.26667,60.13334,9.066667,28.2,90.3,26.45421,0,1,0,1,101
4716,2026-06-07T13:09:36.425Z,25.26667,60.13334,9.066667,28.2,90.3,26.45421,0,1,0,1,101
4717,2026-06-07T13:11:36.420Z,22.8,60.13334,9.066667,28.2,90.3,26.45421,0,1,0,1,101
4718,2026-06-07T13:13:36.415Z,22.8,60.13334,9.066667,28.2,90.3,26.45421,0,1,0,1,101
4719,2026-06-07T13:15:36.410Z,22.8,60.13334,9.066667,28.2,90.3,26.45421,0,1,0,1,101
4720,2026-06-07T13:17:36.405Z,22.8,60.13334,9.066667,28.2,90.3,26.45421,0,1,0,1,101
4721,2026-06-07T13:19:36.400Z,22.8,60.4,4.866667,28.2,90.2,26.43537,0,1,0,1,101
4722,2026-06-07T13:21:36.395Z,22.8,60.4,4.866667,28.2,90.2,26.43537,0,1,0,1,101
4723,2026-06-07T13:23:36.390Z,22.8,60.4,4.866667,28.2,90.2,26.43537,0,1,0,1,101
4724,2026-06-07T13:25:36.385Z,22.8,60.4,4.866667,28.2,90.2,26.43537,0,1,0,1,101
4725,2026-06-07T13:27:36.380Z,22.8,60.4,4.866667,28.2,90.2,26.43537,0,1,0,1,101
4726,2026-06-07T13:29:36.375Z,22.8,60.4,4.866667,28.2,90.2,26.43537,0,1,0,1,101
4727,2026-06-07T13:31:36.370Z,22.8,60.4,4.866667,28.2,90.2,26.43537,0,1,0,1,101
4728,2026-06-07T13:33:36.365Z,20.26667,60.4,4.866667,28.2,90.2,26.43537,0,1,0,1,101
4729,2026-06-07T13:35:36.360Z,20.26667,60.4,4.866667,28.2,90.2,26.43537,0,1,0,1,101
4730,2026-06-07T13:37:36.355Z,20.26667,60.4,4.866667,28.2,90.2,26.43537,0,1,0,1,101
4731,2026-06-07T13:39:36.350Z,20.26667,60.86666,8.066667,28.2,90.2,26.43537,0,1,0,1,101
4732,2026-06-07T13:41:36.345Z,20.26667,60.86666,8.066667,28.2,90.2,26.43537,0,1,0,1,101
4733,2026-06-07T13:43:36.340Z,20.26667,60.86666,8.066667,28.2,90.2,26.43537,0,1,0,1,101
4734,2026-06-07T13:45:36.335Z,20.26667,60.86666,8.066667,28.2,90.2,26.43537,0,1,0,1,101
4735,2026-06-07T13:47:36.330Z,20.26667,60.86666,8.066667,28.2,90.2,26.43537,0,1,0,1,101
4736,2026-06-07T13:49:36.325Z,20.26667,60.86666,8.066667,28.2,90.2,26.43537,0,1,0,1,101
4737,2026-06-07T13:51:36.320Z,20.26667,60.86666,8.066667,28.2,90.2,26.43537,0,1,0,1,101
4738,2026-06-07T13:53:36.315Z,20.26667,60.86666,8.066667,28.2,90.2,26.43537,0,1,0,1,101
4739,2026-06-07T13:55:36.310Z,20.4,60.86666,8.066667,28.2,90.2,26.43537,0,1,0,1,101
4740,2026-06-07T13:57:36.305Z,20.4,60.86666,8.066667,28.2,90.2,26.43537,0,1,0,1,101
4741,2026-06-07T13:59:36.300Z,20.4,60.86666,8.066667,28.2,90.2,26.43537,0,1,0,1,101
4742,2026-06-07T14:01:36.295Z,20.4,61.4,7.133333,28.3,90.3,26.55289,0,1,0,1,101
4743,2026-06-07T14:03:36.290Z,20.4,61.4,7.133333,28.3,90.3,26.55289,0,1,0,1,101
4744,2026-06-07T14:05:36.285Z,20.4,61.4,7.133333,28.3,90.3,26.55289,0,1,0,1,101
4745,2026-06-07T14:07:36.280Z,20.4,61.4,7.133333,28.3,90.3,26.55289,0,1,0,1,101
4746,2026-06-07T14:09:36.275Z,20.4,61.4,7.133333,28.3,90.3,26.55289,0,1,0,1,101
4747,2026-06-07T14:11:36.270Z,20.4,61.4,7.133333,28.3,90.3,26.55289,0,1,0,1,101
4748,2026-06-07T14:13:36.265Z,20.4,61.4,7.133333,28.3,90.3,26.55289,0,1,0,1,101
4749,2026-06-07T14:15:36.260Z,20.4,61.4,7.133333,28.3,90.3,26.55289,0,1,0,1,101
4750,2026-06-07T14:17:36.255Z,19.53333,61.4,7.133333,28.3,90.3,26.55289,0,1,0,1,101
4751,2026-06-07T14:19:36.250Z,19.53333,61.4,7.133333,28.3,90.3,26.55289,0,1,0,1,101
4752,2026-06-07T14:21:36.245Z,19.53333,61.4,7.133333,28.3,90.3,26.55289,0,1,0,1,101
4753,2026-06-07T14:23:36.240Z,19.53333,60.33333,7.066667,28.3,90.4,26.57172,0,1,0,1,101
4754,2026-06-07T14:25:36.235Z,19.53333,60.33333,7.066667,28.3,90.4,26.57172,0,1,0,1,101
4755,2026-06-07T14:27:36.230Z,19.53333,60.33333,7.066667,28.3,90.4,26.57172,0,1,0,1,101
4756,2026-06-07T14:29:36.225Z,19.53333,60.33333,7.066667,28.3,90.4,26.57172,0,1,0,1,101
4757,2026-06-07T14:31:36.220Z,19.53333,60.33333,7.066667,28.3,90.4,26.57172,0,1,0,1,101
4758,2026-06-07T14:33:36.215Z,19.53333,60.33333,7.066667,28.3,90.4,26.57172,0,1,0,1,101
4759,2026-06-07T14:35:36.210Z,19.53333,60.33333,7.066667,28.3,90.4,26.57172,0,1,0,1,101
4760,2026-06-07T14:37:36.205Z,23.46667,60.33333,7.066667,28.3,90.4,26.57172,0,1,0,1,101
4761,2026-06-07T14:39:36.200Z,23.46667,60.33333,7.066667,28.3,90.4,26.57172,0,1,0,1,101
4762,2026-06-07T14:41:36.195Z,23.46667,60.33333,7.066667,28.3,90.4,26.57172,0,1,0,1,101
4763,2026-06-07T14:43:36.190Z,23.46667,60.33333,7.066667,28.3,90.4,26.57172,0,1,0,1,101
4764,2026-06-07T14:45:36.185Z,23.46667,62.4,5.733333,28.3,90.4,26.57172,0,1,0,1,101
4765,2026-06-07T14:47:36.180Z,23.46667,62.4,5.733333,28.3,90.4,26.57172,0,1,0,1,101
4766,2026-06-07T14:49:36.175Z,23.46667,62.4,5.733333,28.3,90.4,26.57172,0,1,0,1,101
4767,2026-06-07T14:51:36.170Z,23.46667,62.4,5.733333,28.3,90.4,26.57172,0,1,0,1,101
4768,2026-06-07T14:53:36.165Z,23.46667,62.4,5.733333,28.3,90.4,26.57172,0,1,0,1,101
4769,2026-06-07T14:55:36.160Z,23.46667,62.4,5.733333,28.3,90.4,26.57172,0,1,0,1,101
4770,2026-06-07T14:57:36.155Z,23.46667,62.4,5.733333,28.3,90.4,26.57172,0,1,0,1,101
4771,2026-06-07T14:59:36.150Z,23.86667,62.4,5.733333,28.3,90.4,26.57172,0,1,0,1,101
4772,2026-06-07T15:01:36.145Z,23.86667,62.4,5.733333,28.3,90.4,26.57172,0,1,0,1,101
4773,2026-06-07T15:03:36.140Z,23.86667,62.4,5.733333,28.3,90.4,26.57172,0,1,0,1,101
4774,2026-06-07T15:05:36.135Z,23.86667,62.4,5.733333,28.3,90.4,26.57172,0,1,0,1,101
4775,2026-06-07T15:07:36.130Z,23.86667,63.2,4,28.3,90.2,26.53404,0,1,0,1,101
4776,2026-06-07T15:09:36.125Z,23.86667,63.2,4,28.3,90.2,26.53404,0,1,0,1,101
4777,2026-06-07T15:11:36.120Z,23.86667,63.2,4,28.3,90.2,26.53404,0,1,0,1,101
4778,2026-06-07T15:13:36.115Z,23.86667,63.2,4,28.3,90.2,26.53404,0,1,0,1,101
4779,2026-06-07T15:15:36.110Z,23.86667,63.2,4,28.3,90.2,26.53404,0,1,0,1,101
4780,2026-06-07T15:17:36.105Z,23.86667,63.2,4,28.3,90.2,26.53404,0,1,0,1,101
4781,2026-06-07T15:19:36.100Z,23.86667,63.2,4,28.3,90.2,26.53404,0,1,0,1,101
4782,2026-06-07T15:21:36.095Z,22.06667,63.2,4,28.3,90.2,26.53404,0,1,0,1,101
4783,2026-06-07T15:23:36.090Z,22.06667,63.2,4,28.3,90.2,26.53404,0,1,0,1,101
4784,2026-06-07T15:25:36.085Z,22.06667,63.2,4,28.3,90.2,26.53404,0,1,0,1,101
4785,2026-06-07T15:27:36.080Z,22.06667,60.86666,4.666667,28.3,90.1,26.51518,0,1,0,1,101
4786,2026-06-07T15:29:36.075Z,22.06667,60.86666,4.666667,28.3,90.1,26.51518,0,1,0,1,101
4787,2026-06-07T15:31:36.070Z,22.06667,60.86666,4.666667,28.3,90.1,26.51518,0,1,0,1,101
4788,2026-06-07T15:33:36.065Z,22.06667,60.86666,4.666667,28.3,90.1,26.51518,0,1,0,1,101
4789,2026-06-07T15:35:36.060Z,22.06667,60.86666,4.666667,28.3,90.1,26.51518,0,1,0,1,101
4790,2026-06-07T15:37:36.055Z,22.06667,60.86666,4.666667,28.3,90.1,26.51518,0,1,0,1,101
4791,2026-06-07T15:39:36.050Z,22.06667,60.86666,4.666667,28.3,90.1,26.51518,0,1,0,1,101
4792,2026-06-07T15:41:36.045Z,22.06667,60.86666,4.666667,28.3,90.1,26.51518,0,1,0,1,101
4793,2026-06-07T15:43:36.040Z,20.53333,60.86666,4.666667,28.3,90.1,26.51518,0,1,0,1,101
4794,2026-06-07T15:45:36.035Z,20.53333,60.86666,4.666667,28.3,90.1,26.51518,0,1,0,1,101
4795,2026-06-07T15:47:36.030Z,20.53333,60.86666,4.666667,28.3,90.1,26.51518,0,1,0,1,101
4796,2026-06-07T15:49:36.025Z,20.53333,62.6,3.133333,28.4,90,26.59495,0,1,0,1,101
4797,2026-06-07T15:51:36.020Z,20.53333,62.6,3.133333,28.4,90,26.59495,0,1,0,1,101
4798,2026-06-07T15:53:36.015Z,20.53333,62.6,3.133333,28.4,90,26.59495,0,1,0,1,101
4799,2026-06-07T15:55:36.010Z,20.53333,62.6,3.133333,28.4,90,26.59495,0,1,0,1,101
4800,2026-06-07T15:57:36.005Z,20.53333,62.6,3.133333,28.4,90,26.59495,0,1,0,1,101
4801,2026-06-07T15:59:36.000Z,20.53333,62.6,3.133333,28.4,90,26.59495,0,1,0,1,101
4802,2026-06-07T16:01:35.995Z,20.53333,62.6,3.133333,28.4,90,26.59495,0,1,0,1,101
4803,2026-06-07T16:03:35.990Z,20.53333,62.6,3.133333,28.4,90,26.59495,0,1,0,1,101
4804,2026-06-07T16:05:35.985Z,16.6,62.6,3.133333,28.4,90,26.59495,0,1,0,1,101
4805,2026-06-07T16:07:35.980Z,16.6,62.6,3.133333,28.4,90,26.59495,0,1,0,1,101
4806,2026-06-07T16:09:35.975Z,16.6,62.6,3.133333,28.4,90,26.59495,0,1,0,1,101
4807,2026-06-07T16:11:35.970Z,16.6,59.2,2.8,28.4,90,26.59495,0,1,0,1,101
4808,2026-06-07T16:13:35.965Z,16.6,59.2,2.8,28.4,90,26.59495,0,1,0,1,101
4809,2026-06-07T16:15:35.960Z,16.6,59.2,2.8,28.4,90,26.59495,0,1,0,1,101
4810,2026-06-07T16:17:35.955Z,16.6,59.2,2.8,28.4,90,26.59495,0,1,0,1,101
4811,2026-06-07T16:19:35.950Z,16.6,59.2,2.8,28.4,90,26.59495,0,1,0,1,101
4812,2026-06-07T16:21:35.945Z,16.6,59.2,2.8,28.4,90,26.59495,0,1,0,1,101
4813,2026-06-07T16:23:35.940Z,16.6,59.2,2.8,28.4,90,26.59495,0,1,0,1,101
4814,2026-06-07T16:25:35.935Z,16.6,59.2,2.8,28.4,90,26.59495,0,1,0,1,101
4815,2026-06-07T16:27:35.930Z,18.8,59.2,2.8,28.4,90,26.59495,0,1,0,1,101
4816,2026-06-07T16:29:35.925Z,18.8,59.2,2.8,28.4,90,26.59495,0,1,0,1,101
4817,2026-06-07T16:31:35.920Z,18.8,59.2,2.8,28.4,90,26.59495,0,1,0,1,101
4818,2026-06-07T16:33:35.915Z,18.8,61.93333,2.866667,28.4,90.2,26.63272,0,1,0,1,101
4819,2026-06-07T16:35:35.910Z,18.8,61.93333,2.866667,28.4,90.2,26.63272,0,1,0,1,101
4820,2026-06-07T16:37:35.905Z,18.8,61.93333,2.866667,28.4,90.2,26.63272,0,1,0,1,101
4821,2026-06-07T16:39:35.900Z,18.8,61.93333,2.866667,28.4,90.2,26.63272,0,1,0,1,101
4822,2026-06-07T16:41:35.895Z,18.8,61.93333,2.866667,28.4,90.2,26.63272,0,1,0,1,101
4823,2026-06-07T16:43:35.890Z,18.8,61.93333,2.866667,28.4,90.2,26.63272,0,1,0,1,101
4824,2026-06-07T16:45:35.885Z,18.8,61.93333,2.866667,28.4,90.2,26.63272,0,1,0,1,101
4825,2026-06-07T16:47:35.880Z,18.8,61.93333,2.866667,28.4,90.2,26.63272,0,1,0,1,101
4826,2026-06-07T16:49:35.875Z,16.2,61.93333,2.866667,28.4,90.2,26.63272,0,1,0,1,101
4827,2026-06-07T16:51:35.870Z,16.2,61.93333,2.866667,28.4,90.2,26.63272,0,1,0,1,101
4828,2026-06-07T16:53:35.865Z,16.2,61.93333,2.866667,28.4,90.2,26.63272,0,1,0,1,101
4829,2026-06-07T16:55:35.860Z,16.2,60.06667,0,28.3,90.2,26.53404,0,1,0,1,101
4830,2026-06-07T16:57:35.855Z,16.2,60.06667,0,28.3,90.2,26.53404,0,1,0,1,101
4831,2026-06-07T16:59:35.850Z,16.2,60.06667,0,28.3,90.2,26.53404,0,1,0,1,101
4832,2026-06-07T17:01:35.845Z,16.2,60.06667,0,28.3,90.2,26.53404,0,1,0,1,101
4833,2026-06-07T17:03:35.840Z,16.2,60.06667,0,28.3,90.2,26.53404,0,1,0,1,101
4834,2026-06-07T17:05:35.835Z,16.2,60.06667,0,28.3,90.2,26.53404,0,1,0,1,101
4835,2026-06-07T17:07:35.830Z,16.2,60.06667,0,28.3,90.2,26.53404,0,1,0,1,101
4836,2026-06-07T17:09:35.825Z,16.2,60.06667,0,28.3,90.2,26.53404,0,1,0,1,101
4837,2026-06-07T17:11:35.820Z,16.2,60.06667,0,28.3,90.2,26.53404,0,1,0,1,101
4838,2026-06-07T17:13:35.815Z,16.2,60.06667,0,28.3,90.2,26.53404,0,1,0,1,101
4839,2026-06-07T17:15:35.810Z,16.2,60.73333,4.2,28.3,90.4,26.57172,0,1,0,1,101
4840,2026-06-07T17:17:35.805Z,16.2,60.73333,4.2,28.3,90.4,26.57172,0,1,0,1,101
4841,2026-06-07T17:19:35.800Z,16.2,60.73333,4.2,28.3,90.4,26.57172,0,1,0,1,101
4842,2026-06-07T17:21:35.795Z,16.2,60.73333,4.2,28.3,90.4,26.57172,0,1,0,1,101
4843,2026-06-07T17:23:35.790Z,16.2,60.73333,4.2,28.3,90.4,26.57172,0,1,0,1,101
4844,2026-06-07T17:25:35.785Z,16.2,60.73333,4.2,28.3,90.4,26.57172,0,1,0,1,101
4845,2026-06-07T17:27:35.780Z,16.2,60.73333,4.2,28.3,90.4,26.57172,0,1,0,1,101
4846,2026-06-07T17:29:35.775Z,16.2,60.73333,4.2,28.3,90.4,26.57172,0,1,0,1,101
4847,2026-06-07T17:31:35.770Z,55.2,60.73333,4.2,28.3,90.4,26.57172,0,0,0,1,1
4848,2026-06-07T17:33:35.765Z,55.2,60.73333,4.2,28.3,90.4,26.57172,0,0,0,1,1
4849,2026-06-07T17:35:35.760Z,55.2,60.73333,4.2,28.3,90.4,26.57172,0,0,0,1,1
4850,2026-06-07T17:37:35.755Z,55.2,64.53333,3.8,28.3,90.7,26.6281,0,0,0,1,1
4851,2026-06-07T17:39:35.750Z,55.2,64.53333,3.8,28.3,90.7,26.6281,0,0,0,1,1
4852,2026-06-07T17:41:35.745Z,55.2,64.53333,3.8,28.3,90.7,26.6281,0,0,0,1,1
4853,2026-06-07T17:43:35.740Z,55.2,64.53333,3.8,28.3,90.7,26.6281,0,0,0,1,1
4854,2026-06-07T17:45:35.735Z,55.2,64.53333,3.8,28.3,90.7,26.6281,0,0,0,1,1
4855,2026-06-07T17:47:35.730Z,55.2,64.53333,3.8,28.3,90.7,26.6281,0,0,0,1,1
4856,2026-06-07T17:49:35.725Z,55.2,64.53333,3.8,28.3,90.7,26.6281,0,0,0,1,1
4857,2026-06-07T17:51:35.720Z,55.2,64.53333,3.8,28.3,90.7,26.6281,0,0,0,1,1
4858,2026-06-07T17:53:35.715Z,48,64.53333,3.8,28.3,90.7,26.6281,0,1,0,1,101
4859,2026-06-07T17:55:35.710Z,48,64.53333,3.8,28.3,90.7,26.6281,0,1,0,1,101
4860,2026-06-07T17:57:35.705Z,48,64.53333,3.8,28.3,90.7,26.6281,0,1,0,1,101
4861,2026-06-07T17:59:35.700Z,48,60.26667,4.866667,28.4,90.8,26.74562,0,1,0,1,101
4862,2026-06-07T18:01:35.695Z,48,60.26667,4.866667,28.4,90.8,26.74562,0,1,0,1,101
4863,2026-06-07T18:03:35.690Z,48,60.26667,4.866667,28.4,90.8,26.74562,0,1,0,1,101
4864,2026-06-07T18:05:35.685Z,48,60.26667,4.866667,28.4,90.8,26.74562,0,1,0,1,101
4865,2026-06-07T18:07:35.680Z,48,60.26667,4.866667,28.4,90.8,26.74562,0,1,0,1,101
4866,2026-06-07T18:09:35.675Z,48,60.26667,4.866667,28.4,90.8,26.74562,0,1,0,1,101
4867,2026-06-07T18:11:35.670Z,48,60.26667,4.866667,28.4,90.8,26.74562,0,1,0,1,101
4868,2026-06-07T18:13:35.665Z,48,60.26667,4.866667,28.4,90.8,26.74562,0,1,0,1,101
4869,2026-06-07T18:15:35.660Z,46.6,60.26667,4.866667,28.4,90.8,26.74562,0,1,0,1,101
4870,2026-06-07T18:17:35.655Z,46.6,60.26667,4.866667,28.4,90.8,26.74562,0,1,0,1,101
4871,2026-06-07T18:19:35.650Z,46.6,60.26667,4.866667,28.4,90.8,26.74562,0,1,0,1,101
4872,2026-06-07T18:21:35.645Z,46.6,63.6,2.466667,28.4,90.7,26.72684,0,1,0,1,101
4873,2026-06-07T18:23:35.640Z,46.6,63.6,2.466667,28.4,90.7,26.72684,0,1,0,1,101
4874,2026-06-07T18:25:35.635Z,46.6,63.6,2.466667,28.4,90.7,26.72684,0,1,0,1,101
4875,2026-06-07T18:27:35.630Z,46.6,63.6,2.466667,28.4,90.7,26.72684,0,1,0,1,101
4876,2026-06-07T18:29:35.625Z,46.6,63.6,2.466667,28.4,90.7,26.72684,0,1,0,1,101
4877,2026-06-07T18:31:35.620Z,46.6,63.6,2.466667,28.4,90.7,26.72684,0,1,0,1,101
4878,2026-06-07T18:33:35.615Z,46.6,63.6,2.466667,28.4,90.7,26.72684,0,1,0,1,101
4879,2026-06-07T18:35:35.610Z,46.6,63.6,2.466667,28.4,90.7,26.72684,0,1,0,1,101
4880,2026-06-07T18:37:35.605Z,46.46667,63.6,2.466667,28.4,90.7,26.72684,0,1,0,1,101
4881,2026-06-07T18:39:35.600Z,46.46667,63.6,2.466667,28.4,90.7,26.72684,0,1,0,1,101
4882,2026-06-07T18:41:35.595Z,46.46667,63.6,2.466667,28.4,90.7,26.72684,0,1,0,1,101
4883,2026-06-07T18:43:35.590Z,46.46667,60.26667,5.2,28.4,90.6,26.70805,0,1,0,1,101
4884,2026-06-07T18:45:35.585Z,46.46667,60.26667,5.2,28.4,90.6,26.70805,0,1,0,1,101
4885,2026-06-07T18:47:35.580Z,46.46667,60.26667,5.2,28.4,90.6,26.70805,0,1,0,1,101
4886,2026-06-07T18:49:35.575Z,46.46667,60.26667,5.2,28.4,90.6,26.70805,0,1,0,1,101
4887,2026-06-07T18:51:35.570Z,46.46667,60.26667,5.2,28.4,90.6,26.70805,0,1,0,1,101
4888,2026-06-07T18:53:35.565Z,46.46667,60.26667,5.2,28.4,90.6,26.70805,0,1,0,1,101
4889,2026-06-07T18:55:35.560Z,46.46667,60.26667,5.2,28.4,90.6,26.70805,0,1,0,1,101
4890,2026-06-07T18:57:35.555Z,46.46667,60.26667,5.2,28.4,90.6,26.70805,0,1,0,1,101
4891,2026-06-07T18:59:35.550Z,43.06667,60.26667,5.2,28.4,90.6,26.70805,0,1,0,1,101
4892,2026-06-07T19:01:35.545Z,43.06667,60.26667,5.2,28.4,90.6,26.70805,0,1,0,1,101
4893,2026-06-07T19:03:35.540Z,43.06667,60.26667,5.2,28.4,90.6,26.70805,0,1,0,1,101
4894,2026-06-07T19:05:35.535Z,43.06667,64.8,2.266667,28.4,90.4,26.67042,0,1,0,1,101
4895,2026-06-07T19:07:35.530Z,43.06667,64.8,2.266667,28.4,90.4,26.67042,0,1,0,1,101
4896,2026-06-07T19:09:35.525Z,43.06667,64.8,2.266667,28.4,90.4,26.67042,0,1,0,1,101
4897,2026-06-07T19:11:35.520Z,43.06667,64.8,2.266667,28.4,90.4,26.67042,0,1,0,1,101
4898,2026-06-07T19:13:35.515Z,43.06667,64.8,2.266667,28.4,90.4,26.67042,0,1,0,1,101
4899,2026-06-07T19:15:35.510Z,43.06667,64.8,2.266667,28.4,90.4,26.67042,0,1,0,1,101
4900,2026-06-07T19:17:35.505Z,43.06667,64.8,2.266667,28.4,90.4,26.67042,0,1,0,1,101
4901,2026-06-07T19:19:35.500Z,43.06667,64.8,2.266667,28.4,90.4,26.67042,0,1,0,1,101
4902,2026-06-07T19:21:35.495Z,41.73333,64.8,2.266667,28.4,90.4,26.67042,0,1,0,1,101
4903,2026-06-07T19:23:35.490Z,41.73333,64.8,2.266667,28.4,90.4,26.67042,0,1,0,1,101
4904,2026-06-07T19:25:35.485Z,41.73333,64.8,2.266667,28.4,90.4,26.67042,0,1,0,1,101
4905,2026-06-07T19:27:35.480Z,41.73333,60.66667,4.466667,28.4,90,26.59495,0,1,0,1,101
4906,2026-06-07T19:29:35.475Z,41.73333,60.66667,4.466667,28.4,90,26.59495,0,1,0,1,101
4907,2026-06-07T19:31:35.470Z,41.73333,60.66667,4.466667,28.4,90,26.59495,0,1,0,1,101
4908,2026-06-07T19:33:35.465Z,41.73333,60.66667,4.466667,28.4,90,26.59495,0,1,0,1,101
4909,2026-06-07T19:35:35.460Z,41.73333,60.66667,4.466667,28.4,90,26.59495,0,1,0,1,101
4910,2026-06-07T19:37:35.455Z,41.73333,60.66667,4.466667,28.4,90,26.59495,0,1,0,1,101
4911,2026-06-07T19:39:35.450Z,41.73333,60.66667,4.466667,28.4,90,26.59495,0,1,0,1,101
4912,2026-06-07T19:41:35.445Z,41.73333,60.66667,4.466667,28.4,90,26.59495,0,1,0,1,101
4913,2026-06-07T19:43:35.440Z,44.06667,60.66667,4.466667,28.4,90,26.59495,0,1,0,1,101
4914,2026-06-07T19:45:35.435Z,44.06667,60.66667,4.466667,28.4,90,26.59495,0,1,0,1,101
4915,2026-06-07T19:47:35.430Z,44.06667,60.66667,4.466667,28.4,90,26.59495,0,1,0,1,101
4916,2026-06-07T19:49:35.425Z,44.06667,64.66666,1.933333,28.5,89.3,26.5607,0,1,0,1,101
4917,2026-06-07T19:51:35.420Z,44.06667,64.66666,1.933333,28.5,89.3,26.5607,0,1,0,1,101
4918,2026-06-07T19:53:35.415Z,44.06667,64.66666,1.933333,28.5,89.3,26.5607,0,1,0,1,101
4919,2026-06-07T19:55:35.410Z,44.06667,64.66666,1.933333,28.5,89.3,26.5607,0,1,0,1,101
4920,2026-06-07T19:57:35.405Z,44.06667,64.66666,1.933333,28.5,89.3,26.5607,0,1,0,1,101
4921,2026-06-07T19:59:35.400Z,44.06667,64.66666,1.933333,28.5,89.3,26.5607,0,1,0,1,101
4922,2026-06-07T20:01:35.395Z,44.06667,64.66666,1.933333,28.5,89.3,26.5607,0,1,0,1,101
4923,2026-06-07T20:03:35.390Z,40.86666,64.66666,1.933333,28.5,89.3,26.5607,0,1,0,1,101
4924,2026-06-07T20:05:35.385Z,40.86666,64.66666,1.933333,28.5,89.3,26.5607,0,1,0,1,101
4925,2026-06-07T20:07:35.380Z,40.86666,64.66666,1.933333,28.5,89.3,26.5607,0,1,0,1,101
4926,2026-06-07T20:09:35.375Z,40.86666,64.66666,1.933333,28.5,89.3,26.5607,0,1,0,1,101
4927,2026-06-07T20:11:35.370Z,40.86666,62.13334,4.866667,28.5,88.6,26.42689,0,1,0,1,101
4928,2026-06-07T20:13:35.365Z,40.86666,62.13334,4.866667,28.5,88.6,26.42689,0,1,0,1,101
4929,2026-06-07T20:15:35.360Z,40.86666,62.13334,4.866667,28.5,88.6,26.42689,0,1,0,1,101
4930,2026-06-07T20:17:35.355Z,40.86666,62.13334,4.866667,28.5,88.6,26.42689,0,1,0,1,101
4931,2026-06-07T20:19:35.350Z,40.86666,62.13334,4.866667,28.5,88.6,26.42689,0,1,0,1,101
4932,2026-06-07T20:21:35.345Z,40.86666,62.13334,4.866667,28.5,88.6,26.42689,0,1,0,1,101
4933,2026-06-07T20:23:35.340Z,40.86666,62.13334,4.866667,28.5,88.6,26.42689,0,1,0,1,101
4934,2026-06-07T20:25:35.335Z,42.8,62.13334,4.866667,28.5,88.6,26.42689,0,1,0,1,101
4935,2026-06-07T20:27:35.330Z,42.8,61.46667,4.733333,28.5,88.4,26.38849,0,1,0,1,101
4936,2026-06-07T20:29:35.325Z,42.8,61.46667,4.733333,28.5,88.4,26.38849,0,1,0,1,101
4937,2026-06-07T20:31:35.320Z,42.8,61.46667,4.733333,28.5,88.4,26.38849,0,1,0,1,101
4938,2026-06-07T20:33:35.315Z,42.8,61.46667,4.733333,28.5,88.4,26.38849,0,1,0,1,101
4939,2026-06-07T20:35:35.310Z,42.8,61.46667,4.733333,28.5,88.4,26.38849,0,1,0,1,101
4940,2026-06-07T20:37:35.305Z,42.8,61.46667,4.733333,28.5,88.4,26.38849,0,1,0,1,101
4941,2026-06-07T20:39:35.300Z,42.8,61.46667,4.733333,28.5,88.4,26.38849,0,1,0,1,101
4942,2026-06-07T20:41:35.295Z,42.8,61.46667,4.733333,28.5,88.4,26.38849,0,1,0,1,101
4943,2026-06-07T20:43:35.290Z,42.8,61.46667,4.733333,28.5,88.4,26.38849,0,1,0,1,101
4944,2026-06-07T20:45:35.285Z,42.8,61.46667,4.733333,28.5,88.4,26.38849,0,1,0,1,101
4945,2026-06-07T20:47:35.280Z,39.73333,61.46667,4.733333,28.5,88.4,26.38849,0,1,0,1,101
4946,2026-06-07T20:49:35.275Z,39.73333,64.66666,1.933333,28.5,88.4,26.38849,0,1,0,1,101
4947,2026-06-07T20:51:35.270Z,39.73333,64.66666,1.933333,28.5,88.4,26.38849,0,1,0,1,101
4948,2026-06-07T20:53:35.265Z,39.73333,64.66666,1.933333,28.5,88.4,26.38849,0,1,0,1,101
4949,2026-06-07T20:55:35.260Z,39.73333,64.66666,1.933333,28.5,88.4,26.38849,0,1,0,1,101
4950,2026-06-07T20:57:35.255Z,39.73333,64.66666,1.933333,28.5,88.4,26.38849,0,1,0,1,101
4951,2026-06-07T20:59:35.250Z,39.73333,64.66666,1.933333,28.5,88.4,26.38849,0,1,0,1,101
4952,2026-06-07T21:01:35.245Z,39.73333,64.66666,1.933333,28.5,88.4,26.38849,0,1,0,1,101
4953,2026-06-07T21:03:35.240Z,39.73333,64.66666,1.933333,28.5,88.4,26.38849,0,1,0,1,101
4954,2026-06-07T21:05:35.235Z,39.73333,64.66666,1.933333,28.5,88.4,26.38849,0,1,0,1,101
4955,2026-06-07T21:07:35.230Z,39.73333,64.66666,1.933333,28.5,88.4,26.38849,0,1,0,1,101
4956,2026-06-07T21:09:35.225Z,42.13334,63.46667,3.266667,28.6,88.2,26.44841,0,1,0,1,101
4957,2026-06-07T21:11:35.220Z,42.13334,63.46667,3.266667,28.6,88.2,26.44841,0,1,0,1,101
4958,2026-06-07T21:13:35.215Z,42.13334,63.46667,3.266667,28.6,88.2,26.44841,0,1,0,1,101
4959,2026-06-07T21:15:35.210Z,42.13334,63.46667,3.266667,28.6,88.2,26.44841,0,1,0,1,101
4960,2026-06-07T21:17:35.205Z,42.13334,63.46667,3.266667,28.6,88.2,26.44841,0,1,0,1,101
4961,2026-06-07T21:19:35.200Z,42.13334,63.46667,3.266667,28.6,88.2,26.44841,0,1,0,1,101
4962,2026-06-07T21:21:35.195Z,42.13334,63.46667,3.266667,28.6,88.2,26.44841,0,1,0,1,101
4963,2026-06-07T21:23:35.190Z,42.13334,63.46667,3.266667,28.6,88.2,26.44841,0,1,0,1,101
4964,2026-06-07T21:25:35.185Z,42.13334,63.46667,3.266667,28.6,88.2,26.44841,0,1,0,1,101
4965,2026-06-07T21:27:35.180Z,42.13334,63.46667,3.266667,28.6,88.2,26.44841,0,1,0,1,101
4966,2026-06-07T21:29:35.175Z,42.13334,63.46667,3.266667,28.6,88.2,26.44841,0,1,0,1,101
4967,2026-06-07T21:31:35.170Z,33.66667,62,4.2,28.6,87.7,26.35182,0,1,0,1,101
4968,2026-06-07T21:33:35.165Z,33.66667,62,4.2,28.6,87.7,26.35182,0,1,0,1,101
4969,2026-06-07T21:35:35.160Z,33.66667,62,4.2,28.6,87.7,26.35182,0,1,0,1,101
4970,2026-06-07T21:37:35.155Z,33.66667,62,4.2,28.6,87.7,26.35182,0,1,0,1,101
4971,2026-06-07T21:39:35.150Z,33.66667,62,4.2,28.6,87.7,26.35182,0,1,0,1,101
4972,2026-06-07T21:41:35.145Z,33.66667,62,4.2,28.6,87.7,26.35182,0,1,0,1,101
4973,2026-06-07T21:43:35.140Z,33.66667,62,4.2,28.6,87.7,26.35182,0,1,0,1,101
4974,2026-06-07T21:45:35.135Z,33.66667,62,4.2,28.6,87.7,26.35182,0,1,0,1,101
4975,2026-06-07T21:47:35.130Z,33.66667,62,4.2,28.6,87.7,26.35182,0,1,0,1,101
4976,2026-06-07T21:49:35.125Z,33.66667,62,4.2,28.6,87.7,26.35182,0,1,0,1,101
4977,2026-06-07T21:51:35.120Z,33.66667,62,4.2,28.6,87.7,26.35182,0,1,0,1,101
4978,2026-06-07T21:53:35.115Z,32.4,64.26667,1.533333,28.6,87.5,26.31304,0,1,0,1,101
4979,2026-06-07T21:55:35.110Z,32.4,64.26667,1.533333,28.6,87.5,26.31304,0,1,0,1,101
4980,2026-06-07T21:57:35.105Z,32.4,64.26667,1.533333,28.6,87.5,26.31304,0,1,0,1,101
4981,2026-06-07T21:59:35.100Z,32.4,64.26667,1.533333,28.6,87.5,26.31304,0,1,0,1,101
4982,2026-06-07T22:01:35.095Z,32.4,64.26667,1.533333,28.6,87.5,26.31304,0,1,0,1,101
4983,2026-06-07T22:03:35.090Z,32.4,64.26667,1.533333,28.6,87.5,26.31304,0,1,0,1,101
4984,2026-06-07T22:05:35.085Z,32.4,64.26667,1.533333,28.6,87.5,26.31304,0,1,0,1,101
4985,2026-06-07T22:07:35.080Z,32.4,64.26667,1.533333,28.6,87.5,26.31304,0,1,0,1,101
4986,2026-06-07T22:09:35.075Z,32.4,64.26667,1.533333,28.6,87.5,26.31304,0,1,0,1,101
4987,2026-06-07T22:11:35.070Z,32.4,64.26667,1.533333,28.6,87.5,26.31304,0,1,0,1,101
4988,2026-06-07T22:13:35.065Z,32.73333,64.26667,1.533333,28.6,87.5,26.31304,0,1,0,1,101
4989,2026-06-07T22:15:35.060Z,32.73333,62.06667,0.733333,28.6,87.3,26.2742,0,1,0,1,101
4990,2026-06-07T22:17:35.055Z,32.73333,62.06667,0.733333,28.6,87.3,26.2742,0,1,0,1,101
4991,2026-06-07T22:19:35.050Z,32.73333,62.06667,0.733333,28.6,87.3,26.2742,0,1,0,1,101
4992,2026-06-07T22:21:35.045Z,32.73333,62.06667,0.733333,28.6,87.3,26.2742,0,1,0,1,101
4993,2026-06-07T22:23:35.040Z,32.73333,62.06667,0.733333,28.6,87.3,26.2742,0,1,0,1,101
4994,2026-06-07T22:25:35.035Z,32.73333,62.06667,0.733333,28.6,87.3,26.2742,0,1,0,1,101
4995,2026-06-07T22:27:35.030Z,32.73333,62.06667,0.733333,28.6,87.3,26.2742,0,1,0,1,101
4996,2026-06-07T22:29:35.025Z,32.73333,62.06667,0.733333,28.6,87.3,26.2742,0,1,0,1,101
4997,2026-06-07T22:31:35.020Z,32.73333,62.06667,0.733333,28.6,87.3,26.2742,0,1,0,1,101
4998,2026-06-07T22:33:35.015Z,32.73333,62.06667,0.733333,28.6,87.3,26.2742,0,1,0,1,101
4999,2026-06-07T22:35:35.010Z,28.8,62.06667,0.733333,28.6,87.3,26.2742,0,1,0,1,101
5000,2026-06-07T22:37:35.005Z,28.8,63.86666,0.666667,28.6,87.5,26.31304,0,1,0,1,101
5001,2026-06-07T22:39:35.000Z,28.8,63.86666,0.666667,28.6,87.5,26.31304,0,1,0,1,101
5002,2026-06-07T22:41:34.995Z,28.8,63.86666,0.666667,28.6,87.5,26.31304,0,1,0,1,101
5003,2026-06-07T22:43:34.990Z,28.8,63.86666,0.666667,28.6,87.5,26.31304,0,1,0,1,101
5004,2026-06-07T22:45:34.985Z,28.8,63.86666,0.666667,28.6,87.5,26.31304,0,1,0,1,101
5005,2026-06-07T22:47:34.980Z,28.8,63.86666,0.666667,28.6,87.5,26.31304,0,1,0,1,101
5006,2026-06-07T22:49:34.975Z,28.8,63.86666,0.666667,28.6,87.5,26.31304,0,1,0,1,101
5007,2026-06-07T22:51:34.970Z,28.8,63.86666,0.666667,28.6,87.5,26.31304,0,1,0,1,101
5008,2026-06-07T22:53:34.965Z,28.8,63.86666,0.666667,28.6,87.5,26.31304,0,1,0,1,101
5009,2026-06-07T22:55:34.960Z,28.8,63.86666,0.666667,28.6,87.5,26.31304,0,1,0,1,101
5010,2026-06-07T22:57:34.955Z,29.4,65.8,0.6,28.6,87.5,26.31304,0,1,0,1,101
5011,2026-06-07T22:59:34.950Z,29.4,65.8,0.6,28.6,87.5,26.31304,0,1,0,1,101
5012,2026-06-07T23:01:34.945Z,29.4,65.8,0.6,28.6,87.5,26.31304,0,1,0,1,101
5013,2026-06-07T23:03:34.940Z,29.4,65.8,0.6,28.6,87.5,26.31304,0,1,0,1,101
5014,2026-06-07T23:05:34.935Z,29.4,65.8,0.6,28.6,87.5,26.31304,0,1,0,1,101
5015,2026-06-07T23:07:34.930Z,29.4,65.8,0.6,28.6,87.5,26.31304,0,1,0,1,101
5016,2026-06-07T23:09:34.925Z,29.4,65.8,0.6,28.6,87.5,26.31304,0,1,0,1,101
5017,2026-06-07T23:11:34.920Z,29.4,65.8,0.6,28.6,87.5,26.31304,0,1,0,1,101
5018,2026-06-07T23:13:34.915Z,29.4,65.8,0.6,28.6,87.5,26.31304,0,1,0,1,101
5019,2026-06-07T23:15:34.910Z,29.4,65.8,0.6,28.6,87.5,26.31304,0,1,0,1,101
5020,2026-06-07T23:17:34.905Z,29.4,65.8,0.6,28.6,87.5,26.31304,0,1,0,1,101
5021,2026-06-07T23:19:34.900Z,27.26667,62.86666,0,28.7,87.7,26.45013,0,1,0,1,101
5022,2026-06-07T23:21:34.895Z,27.26667,62.86666,0,28.7,87.7,26.45013,0,1,0,1,101
5023,2026-06-07T23:23:34.890Z,27.26667,62.86666,0,28.7,87.7,26.45013,0,1,0,1,101
5024,2026-06-07T23:25:34.885Z,27.26667,62.86666,0,28.7,87.7,26.45013,0,1,0,1,101
5025,2026-06-07T23:27:34.880Z,27.26667,62.86666,0,28.7,87.7,26.45013,0,1,0,1,101
5026,2026-06-07T23:29:34.875Z,27.26667,62.86666,0,28.7,87.7,26.45013,0,1,0,1,101
5027,2026-06-07T23:31:34.870Z,27.26667,62.86666,0,28.7,87.7,26.45013,0,1,0,1,101
5028,2026-06-07T23:33:34.865Z,27.26667,62.86666,0,28.7,87.7,26.45013,0,1,0,1,101
5029,2026-06-07T23:35:34.860Z,27.26667,62.86666,0,28.7,87.7,26.45013,0,1,0,1,101
5030,2026-06-07T23:37:34.855Z,27.26667,62.86666,0,28.7,87.7,26.45013,0,1,0,1,101
5031,2026-06-07T23:39:34.850Z,27.26667,61.73333,0,28.7,87.7,26.45013,0,1,0,1,101
5032,2026-06-07T23:41:34.845Z,28.93333,61.73333,0,28.7,87.7,26.45013,0,1,0,1,101
5033,2026-06-07T23:43:34.840Z,28.93333,61.73333,0,28.7,87.7,26.45013,0,1,0,1,101
5034,2026-06-07T23:45:34.835Z,28.93333,61.73333,0,28.7,87.7,26.45013,0,1,0,1,101
5035,2026-06-07T23:47:34.830Z,28.93333,61.73333,0,28.7,87.7,26.45013,0,1,0,1,101
5036,2026-06-07T23:49:34.825Z,28.93333,61.73333,0,28.7,87.7,26.45013,0,1,0,1,101
5037,2026-06-07T23:51:34.820Z,28.93333,61.73333,0,28.7,87.7,26.45013,0,1,0,1,101
5038,2026-06-07T23:53:34.815Z,28.93333,61.73333,0,28.7,87.7,26.45013,0,1,0,1,101
5039,2026-06-07T23:55:34.810Z,28.93333,63.33333,1.8,28.7,87.3,26.37245,0,1,0,1,101
5040,2026-06-07T23:57:34.805Z,28.93333,63.33333,1.8,28.7,87.3,26.37245,0,1,0,1,101
5041,2026-06-07T23:59:34.800Z,28.93333,63.33333,1.8,28.7,87.3,26.37245,0,1,0,1,101
5042,2026-06-08T00:01:34.795Z,28.93333,63.33333,1.8,28.7,87.3,26.37245,0,1,0,1,101
5043,2026-06-08T00:03:34.790Z,25.8,63.33333,1.8,28.7,87.3,26.37245,0,1,0,1,101
5044,2026-06-08T00:05:34.785Z,25.8,63.33333,1.8,28.7,87.3,26.37245,0,1,0,1,101
5045,2026-06-08T00:07:34.780Z,25.8,63.33333,1.8,28.7,87.3,26.37245,0,1,0,1,101
5046,2026-06-08T00:09:34.775Z,25.8,63.33333,1.8,28.7,87.3,26.37245,0,1,0,1,101
5047,2026-06-08T00:11:34.770Z,25.8,63.33333,1.8,28.7,87.3,26.37245,0,1,0,1,101
5048,2026-06-08T00:13:34.765Z,25.8,63.33333,1.8,28.7,87.3,26.37245,0,1,0,1,101
5049,2026-06-08T00:15:34.760Z,25.8,63.33333,1.8,28.7,87.3,26.37245,0,1,0,1,101
5050,2026-06-08T00:17:34.755Z,25.8,64.6,0,28.7,87,26.31399,0,1,0,1,101
5051,2026-06-08T00:19:34.750Z,25.8,64.6,0,28.7,87,26.31399,0,1,0,1,101
5052,2026-06-08T00:21:34.745Z,25.8,64.6,0,28.7,87,26.31399,0,1,0,1,101
5053,2026-06-08T00:23:34.740Z,25.2,64.6,0,28.7,87,26.31399,0,1,0,1,101
5054,2026-06-08T00:25:34.735Z,25.2,64.6,0,28.7,87,26.31399,0,1,0,1,101
5055,2026-06-08T00:27:34.730Z,25.2,64.6,0,28.7,87,26.31399,0,1,0,1,101
5056,2026-06-08T00:29:34.725Z,25.2,64.6,0,28.7,87,26.31399,0,1,0,1,101
5057,2026-06-08T00:31:34.720Z,25.2,64.6,0,28.7,87,26.31399,0,1,0,1,101
5058,2026-06-08T00:33:34.715Z,25.2,64.6,0,28.7,87,26.31399,0,1,0,1,101
5059,2026-06-08T00:35:34.710Z,25.2,64.6,0,28.7,87,26.31399,0,1,0,1,101
5060,2026-06-08T00:37:34.705Z,25.2,64.6,0,28.7,87,26.31399,0,1,0,1,101
5061,2026-06-08T00:39:34.700Z,25.2,61.06667,0,28.7,87,26.31399,0,1,0,1,101
5062,2026-06-08T00:41:34.695Z,25.2,61.06667,0,28.7,87,26.31399,0,1,0,1,101
5063,2026-06-08T00:43:34.690Z,25.2,61.06667,0,28.7,87,26.31399,0,1,0,1,101
5064,2026-06-08T00:45:34.685Z,27.66667,61.06667,0,28.7,87,26.31399,0,1,0,1,101
5065,2026-06-08T00:47:34.680Z,27.66667,61.06667,0,28.7,87,26.31399,0,1,0,1,101
5066,2026-06-08T00:49:34.675Z,27.66667,61.06667,0,28.7,87,26.31399,0,1,0,1,101
5067,2026-06-08T00:51:34.670Z,27.66667,61.06667,0,28.7,87,26.31399,0,1,0,1,101
5068,2026-06-08T00:53:34.665Z,27.66667,61.06667,0,28.7,87,26.31399,0,1,0,1,101
5069,2026-06-08T00:55:34.660Z,27.66667,61.06667,0,28.7,87,26.31399,0,1,0,1,101
5070,2026-06-08T00:57:34.655Z,27.66667,61.06667,0,28.7,87,26.31399,0,1,0,1,101
5071,2026-06-08T00:59:34.650Z,27.66667,61.06667,0,28.7,87,26.31399,0,1,0,1,101
5072,2026-06-08T01:01:34.645Z,27.66667,63.6,0,28.7,86.5,26.21616,0,1,0,1,101
5073,2026-06-08T01:03:34.640Z,27.66667,63.6,0,28.7,86.5,26.21616,0,1,0,1,101
5074,2026-06-08T01:05:34.635Z,27.66667,63.6,0,28.7,86.5,26.21616,0,1,0,1,101
5075,2026-06-08T01:07:34.630Z,23.73333,63.6,0,28.7,86.5,26.21616,0,1,0,1,101
5076,2026-06-08T01:09:34.625Z,23.73333,63.6,0,28.7,86.5,26.21616,0,1,0,1,101
5077,2026-06-08T01:11:34.620Z,23.73333,63.6,0,28.7,86.5,26.21616,0,1,0,1,101
5078,2026-06-08T01:13:34.615Z,23.73333,63.6,0,28.7,86.5,26.21616,0,1,0,1,101
5079,2026-06-08T01:15:34.610Z,23.73333,63.6,0,28.7,86.5,26.21616,0,1,0,1,101
5080,2026-06-08T01:17:34.605Z,23.73333,63.6,0,28.7,86.5,26.21616,0,1,0,1,101
5081,2026-06-08T01:19:34.600Z,23.73333,63.6,0,28.7,86.5,26.21616,0,1,0,1,101
5082,2026-06-08T01:21:34.595Z,23.73333,63.6,0,28.7,86.5,26.21616,0,1,0,1,101
5083,2026-06-08T01:23:34.590Z,23.73333,62.13334,0.733333,28.7,85.7,26.0586,0,1,0,1,101
5084,2026-06-08T01:25:34.585Z,23.73333,62.13334,0.733333,28.7,85.7,26.0586,0,1,0,1,101
5085,2026-06-08T01:27:34.580Z,26.4,62.13334,0.733333,28.7,85.7,26.0586,0,1,0,1,101
5086,2026-06-08T01:29:34.575Z,26.4,62.13334,0.733333,28.7,85.7,26.0586,0,1,0,1,101
5087,2026-06-08T01:31:34.570Z,26.4,62.13334,0.733333,28.7,85.7,26.0586,0,1,0,1,101
5088,2026-06-08T01:33:34.565Z,26.4,62.13334,0.733333,28.7,85.7,26.0586,0,1,0,1,101
5089,2026-06-08T01:35:34.560Z,26.4,62.13334,0.733333,28.7,85.7,26.0586,0,1,0,1,101
5090,2026-06-08T01:37:34.555Z,26.4,62.13334,0.733333,28.7,85.7,26.0586,0,1,0,1,101
5091,2026-06-08T01:39:34.550Z,26.4,62.13334,0.733333,28.7,85.7,26.0586,0,1,0,1,101
5092,2026-06-08T01:41:34.545Z,26.4,62.13334,0.733333,28.7,85.7,26.0586,0,1,0,1,101
5093,2026-06-08T01:43:34.540Z,26.4,62.13334,0.733333,28.7,85.7,26.0586,0,1,0,1,101
5094,2026-06-08T01:45:34.535Z,26.4,64.06667,0,28.7,85.5,26.01901,0,1,0,1,101
5095,2026-06-08T01:47:34.530Z,26.4,64.06667,0,28.7,85.5,26.01901,0,1,0,1,101
5096,2026-06-08T01:49:34.525Z,26,64.06667,61,28.7,85.5,26.01901,0,1,0,0,100
5097,2026-06-08T01:51:34.520Z,26,64.06667,61,28.7,85.5,26.01901,0,1,0,0,100
5098,2026-06-08T01:53:34.515Z,26,64.06667,61,28.7,85.5,26.01901,0,1,0,0,100
5099,2026-06-08T01:55:34.510Z,26,64.06667,61,28.7,85.5,26.01901,0,1,0,0,100
5100,2026-06-08T01:57:34.505Z,26,64.06667,61,28.7,85.5,26.01901,0,1,0,0,100
5101,2026-06-08T01:59:34.500Z,26,64.06667,61,28.7,85.5,26.01901,0,1,0,0,100
5102,2026-06-08T02:01:34.495Z,26,64.06667,61,28.7,85.5,26.01901,0,1,0,0,100
5103,2026-06-08T02:03:34.490Z,26,64.06667,61,28.7,85.5,26.01901,0,1,0,0,100
5104,2026-06-08T02:05:34.485Z,26,62.66667,61,28.7,85.7,26.0586,0,1,0,0,100
5105,2026-06-08T02:07:34.480Z,26,62.66667,61,28.7,85.7,26.0586,0,1,0,0,100
5106,2026-06-08T02:09:34.475Z,26,62.66667,61,28.7,85.7,26.0586,0,1,0,0,100
5107,2026-06-08T02:11:34.470Z,23,62.66667,60.33333,28.7,85.7,26.0586,0,1,0,0,100
5108,2026-06-08T02:13:34.465Z,23,62.66667,60.33333,28.7,85.7,26.0586,0,1,0,0,100
5109,2026-06-08T02:15:34.460Z,23,62.66667,60.33333,28.7,85.7,26.0586,0,1,0,0,100
5110,2026-06-08T02:17:34.455Z,23,62.66667,60.33333,28.7,85.7,26.0586,0,1,0,0,100
5111,2026-06-08T02:19:34.450Z,23,62.66667,60.33333,28.7,85.7,26.0586,0,1,0,0,100
5112,2026-06-08T02:21:34.445Z,23,62.66667,60.33333,28.7,85.7,26.0586,0,1,0,0,100
5113,2026-06-08T02:23:34.440Z,23,62.66667,60.33333,28.7,85.7,26.0586,0,1,0,0,100
5114,2026-06-08T02:25:34.435Z,23,66.46667,60.33333,28.7,86.3,26.17689,0,1,0,0,100
5115,2026-06-08T02:27:34.430Z,23,66.46667,60.33333,28.7,86.3,26.17689,0,1,0,0,100
5116,2026-06-08T02:29:34.425Z,23,66.46667,60.33333,28.7,86.3,26.17689,0,1,0,0,100
5117,2026-06-08T02:31:34.420Z,23,66.46667,60.33333,28.7,86.3,26.17689,0,1,0,0,100
5118,2026-06-08T02:33:34.415Z,25.33333,66.46667,57.06667,28.7,86.3,26.17689,0,1,0,0,100
5119,2026-06-08T02:35:34.410Z,25.33333,66.46667,57.06667,28.7,86.3,26.17689,0,1,0,0,100
5120,2026-06-08T02:37:34.405Z,25.33333,66.46667,57.06667,28.7,86.3,26.17689,0,1,0,0,100
5121,2026-06-08T02:39:34.400Z,25.33333,66.46667,57.06667,28.7,86.3,26.17689,0,1,0,0,100
5122,2026-06-08T02:41:34.395Z,25.33333,66.46667,57.06667,28.7,86.3,26.17689,0,1,0,0,100
5123,2026-06-08T02:43:34.390Z,25.33333,66.46667,57.06667,28.7,86.3,26.17689,0,1,0,0,100
5124,2026-06-08T02:45:34.385Z,25.33333,66.46667,57.06667,28.7,86.3,26.17689,0,1,0,0,100
5125,2026-06-08T02:47:34.380Z,25.33333,61.4,57.06667,28.7,86.4,26.19654,0,1,0,0,100
5126,2026-06-08T02:49:34.375Z,25.33333,61.4,57.06667,28.7,86.4,26.19654,0,1,0,0,100
5127,2026-06-08T02:51:34.370Z,25.33333,61.4,57.06667,28.7,86.4,26.19654,0,1,0,0,100
5128,2026-06-08T02:53:34.365Z,25.33333,61.4,57.06667,28.7,86.4,26.19654,0,1,0,0,100
5129,2026-06-08T02:55:34.360Z,24.26667,61.4,58.73333,28.7,86.4,26.19654,0,1,0,0,100
5130,2026-06-08T02:57:34.355Z,24.26667,61.4,58.73333,28.7,86.4,26.19654,0,1,0,0,100
5131,2026-06-08T02:59:34.350Z,24.26667,61.4,58.73333,28.7,86.4,26.19654,0,1,0,0,100
5132,2026-06-08T03:01:34.345Z,24.26667,61.4,58.73333,28.7,86.4,26.19654,0,1,0,0,100
5133,2026-06-08T03:03:34.340Z,24.26667,61.4,58.73333,28.7,86.4,26.19654,0,1,0,0,100
5134,2026-06-08T03:05:34.335Z,24.26667,61.4,58.73333,28.7,86.4,26.19654,0,1,0,0,100
5135,2026-06-08T03:07:34.330Z,24.26667,61.4,58.73333,28.7,86.4,26.19654,0,1,0,0,100
5136,2026-06-08T03:09:34.325Z,24.26667,64.73333,58.73333,28.7,86.5,26.21616,0,1,0,0,100
5137,2026-06-08T03:11:34.320Z,24.26667,64.73333,58.73333,28.7,86.5,26.21616,0,1,0,0,100
5138,2026-06-08T03:13:34.315Z,24.26667,64.73333,58.73333,28.7,86.5,26.21616,0,1,0,0,100
5139,2026-06-08T03:15:34.310Z,24.26667,64.73333,58.73333,28.7,86.5,26.21616,0,1,0,0,100
5140,2026-06-08T03:17:34.305Z,21.66667,64.73333,54.33333,28.7,86.5,26.21616,0,1,0,0,100
5141,2026-06-08T03:19:34.300Z,21.66667,64.73333,54.33333,28.7,86.5,26.21616,0,1,0,0,100
5142,2026-06-08T03:21:34.295Z,21.66667,64.73333,54.33333,28.7,86.5,26.21616,0,1,0,0,100
5143,2026-06-08T03:23:34.290Z,21.66667,64.73333,54.33333,28.7,86.5,26.21616,0,1,0,0,100
5144,2026-06-08T03:25:34.285Z,21.66667,64.73333,54.33333,28.7,86.5,26.21616,0,1,0,0,100
5145,2026-06-08T03:27:34.280Z,21.66667,64.73333,54.33333,28.7,86.5,26.21616,0,1,0,0,100
5146,2026-06-08T03:29:34.275Z,21.66667,64.73333,54.33333,28.7,86.5,26.21616,0,1,0,0,100
5147,2026-06-08T03:31:34.270Z,21.66667,61.8,54.33333,28.8,87.3,26.47071,0,1,0,0,100
5148,2026-06-08T03:33:34.265Z,21.66667,61.8,54.33333,28.8,87.3,26.47071,0,1,0,0,100
5149,2026-06-08T03:35:34.260Z,21.66667,61.8,54.33333,28.8,87.3,26.47071,0,1,0,0,100
5150,2026-06-08T03:37:34.255Z,21.66667,61.8,54.33333,28.8,87.3,26.47071,0,1,0,0,100
5151,2026-06-08T03:39:34.250Z,21.93333,61.8,54.06667,28.8,87.3,26.47071,0,1,0,0,100
5152,2026-06-08T03:41:34.245Z,21.93333,61.8,54.06667,28.8,87.3,26.47071,0,1,0,0,100
5153,2026-06-08T03:43:34.240Z,21.93333,61.8,54.06667,28.8,87.3,26.47071,0,1,0,0,100
5154,2026-06-08T03:45:34.235Z,21.93333,61.8,54.06667,28.8,87.3,26.47071,0,1,0,0,100
5155,2026-06-08T03:47:34.230Z,21.93333,61.8,54.06667,28.8,87.3,26.47071,0,1,0,0,100
5156,2026-06-08T03:49:34.225Z,21.93333,61.8,54.06667,28.8,87.3,26.47071,0,1,0,0,100
5157,2026-06-08T03:51:34.220Z,21.93333,61.8,54.06667,28.8,87.3,26.47071,0,1,0,0,100
5158,2026-06-08T03:53:34.215Z,21.93333,64.06667,54.06667,28.8,87.7,26.54845,0,1,0,0,100
5159,2026-06-08T03:55:34.210Z,21.93333,64.06667,54.06667,28.8,87.7,26.54845,0,1,0,0,100
5160,2026-06-08T03:57:34.205Z,21.93333,64.06667,54.06667,28.8,87.7,26.54845,0,1,0,0,100
5161,2026-06-08T03:59:34.200Z,21.93333,64.06667,54.06667,28.8,87.7,26.54845,0,1,0,0,100
5162,2026-06-08T04:01:34.195Z,22.33333,64.06667,52,28.8,87.7,26.54845,0,1,0,0,100
5163,2026-06-08T04:03:34.190Z,22.33333,64.06667,52,28.8,87.7,26.54845,0,1,0,0,100
5164,2026-06-08T04:05:34.185Z,22.33333,64.06667,52,28.8,87.7,26.54845,0,1,0,0,100
5165,2026-06-08T04:07:34.180Z,22.33333,64.06667,52,28.8,87.7,26.54845,0,1,0,0,100
5166,2026-06-08T04:09:34.175Z,22.33333,64.06667,52,28.8,87.7,26.54845,0,1,0,0,100
5167,2026-06-08T04:11:34.170Z,22.33333,64.06667,52,28.8,87.7,26.54845,0,1,0,0,100
5168,2026-06-08T04:13:34.165Z,22.33333,64.06667,52,28.8,87.7,26.54845,0,1,0,0,100
5169,2026-06-08T04:15:34.160Z,22.33333,60.46667,52,28.8,87.6,26.52904,0,1,0,0,100
5170,2026-06-08T04:17:34.155Z,22.33333,60.46667,52,28.8,87.6,26.52904,0,1,0,0,100
5171,2026-06-08T04:19:34.150Z,22.33333,60.46667,52,28.8,87.6,26.52904,0,1,0,0,100
5172,2026-06-08T04:21:34.145Z,22.33333,60.46667,52,28.8,87.6,26.52904,0,1,0,0,100
5173,2026-06-08T04:23:34.140Z,23.13333,60.46667,54.13334,28.8,87.6,26.52904,0,1,0,0,100
5174,2026-06-08T04:25:34.135Z,23.13333,60.46667,54.13334,28.8,87.6,26.52904,0,1,0,0,100
5175,2026-06-08T04:27:34.130Z,23.13333,60.46667,54.13334,28.8,87.6,26.52904,0,1,0,0,100
5176,2026-06-08T04:29:34.125Z,23.13333,60.46667,54.13334,28.8,87.6,26.52904,0,1,0,0,100
5177,2026-06-08T04:31:34.120Z,23.13333,60.46667,54.13334,28.8,87.6,26.52904,0,1,0,0,100
5178,2026-06-08T04:33:34.115Z,23.13333,60.46667,54.13334,28.8,87.6,26.52904,0,1,0,0,100
5179,2026-06-08T04:35:34.110Z,23.13333,60.46667,54.13334,28.8,87.6,26.52904,0,1,0,0,100
5180,2026-06-08T04:37:34.105Z,23.13333,61.73333,54.13334,28.8,87.2,26.45123,0,1,0,0,100
5181,2026-06-08T04:39:34.100Z,23.13333,61.73333,54.13334,28.8,87.2,26.45123,0,1,0,0,100
5182,2026-06-08T04:41:34.095Z,23.13333,61.73333,54.13334,28.8,87.2,26.45123,0,1,0,0,100
5183,2026-06-08T04:43:34.090Z,23.13333,61.73333,54.13334,28.8,87.2,26.45123,0,1,0,0,100
5184,2026-06-08T04:45:34.085Z,19.73333,61.73333,53.13334,28.8,87.2,26.45123,0,1,0,0,100
5185,2026-06-08T04:47:34.080Z,19.73333,61.73333,53.13334,28.8,87.2,26.45123,0,1,0,0,100
5186,2026-06-08T04:49:34.075Z,19.73333,61.73333,53.13334,28.8,87.2,26.45123,0,1,0,0,100
5187,2026-06-08T04:51:34.070Z,19.73333,61.73333,53.13334,28.8,87.2,26.45123,0,1,0,0,100
5188,2026-06-08T04:53:34.065Z,19.73333,61.73333,53.13334,28.8,87.2,26.45123,0,1,0,0,100
5189,2026-06-08T04:55:34.060Z,19.73333,61.73333,53.13334,28.8,87.2,26.45123,0,1,0,0,100
5190,2026-06-08T04:57:34.055Z,19.73333,61.73333,53.13334,28.8,87.2,26.45123,0,1,0,0,100
5191,2026-06-08T04:59:34.050Z,19.73333,60.46667,53.13334,28.8,87,26.4122,0,1,0,0,100
5192,2026-06-08T05:01:34.045Z,19.73333,60.46667,53.13334,28.8,87,26.4122,0,1,0,0,100
5193,2026-06-08T05:03:34.040Z,19.73333,60.46667,53.13334,28.8,87,26.4122,0,1,0,0,100
5194,2026-06-08T05:05:34.035Z,19.73333,60.46667,53.13334,28.8,87,26.4122,0,1,0,0,100
5195,2026-06-08T05:07:34.030Z,17.86667,60.46667,52.6,28.8,87,26.4122,0,1,0,0,100
5196,2026-06-08T05:09:34.025Z,17.86667,60.46667,52.6,28.8,87,26.4122,0,1,0,0,100
5197,2026-06-08T05:11:34.020Z,17.86667,60.46667,52.6,28.8,87,26.4122,0,1,0,0,100
5198,2026-06-08T05:13:34.015Z,17.86667,60.46667,52.6,28.8,87,26.4122,0,1,0,0,100
5199,2026-06-08T05:15:34.010Z,17.86667,60.46667,52.6,28.8,87,26.4122,0,1,0,0,100
5200,2026-06-08T05:17:34.005Z,17.86667,60.46667,52.6,28.8,87,26.4122,0,1,0,0,100
5201,2026-06-08T05:19:34.000Z,17.86667,60.46667,52.6,28.8,87,26.4122,0,1,0,0,100
5202,2026-06-08T05:21:33.995Z,17.86667,64.93333,52.6,28.8,87.1,26.43173,0,1,0,0,100
5203,2026-06-08T05:23:33.990Z,17.86667,64.93333,52.6,28.8,87.1,26.43173,0,1,0,0,100
5204,2026-06-08T05:25:33.985Z,17.86667,64.93333,52.6,28.8,87.1,26.43173,0,1,0,0,100
5205,2026-06-08T05:27:33.980Z,17.86667,64.93333,52.6,28.8,87.1,26.43173,0,1,0,0,100
5206,2026-06-08T05:29:33.975Z,16.53333,64.93333,47.86666,28.8,87.1,26.43173,0,1,0,1,101
5207,2026-06-08T05:31:33.970Z,16.53333,64.93333,47.86666,28.8,87.1,26.43173,0,1,0,1,101
5208,2026-06-08T05:33:33.965Z,16.53333,64.93333,47.86666,28.8,87.1,26.43173,0,1,0,1,101
5209,2026-06-08T05:35:33.960Z,16.53333,64.93333,47.86666,28.8,87.1,26.43173,0,1,0,1,101
5210,2026-06-08T05:37:33.955Z,16.53333,64.93333,47.86666,28.8,87.1,26.43173,0,1,0,1,101
5211,2026-06-08T05:39:33.950Z,16.53333,64.93333,47.86666,28.8,87.1,26.43173,0,1,0,1,101
5212,2026-06-08T05:41:33.945Z,16.53333,64.93333,47.86666,28.8,87.1,26.43173,0,1,0,1,101
5213,2026-06-08T05:43:33.940Z,16.53333,61.13334,47.86666,28.8,86.8,26.3731,0,1,0,1,101
5214,2026-06-08T05:45:33.935Z,16.53333,61.13334,47.86666,28.8,86.8,26.3731,0,1,0,1,101
5215,2026-06-08T05:47:33.930Z,16.53333,61.13334,47.86666,28.8,86.8,26.3731,0,1,0,1,101
5216,2026-06-08T05:49:33.925Z,16.53333,61.13334,48.86666,28.8,86.8,26.3731,0,1,0,1,101
5217,2026-06-08T05:51:33.920Z,12.4,61.13334,48.86666,28.8,86.8,26.3731,0,1,0,1,101
5218,2026-06-08T05:53:33.915Z,12.4,61.13334,48.86666,28.8,86.8,26.3731,0,1,0,1,101
5219,2026-06-08T05:55:33.910Z,12.4,61.13334,48.86666,28.8,86.8,26.3731,0,1,0,1,101
5220,2026-06-08T05:57:33.905Z,12.4,61.13334,48.86666,28.8,86.8,26.3731,0,1,0,1,101
5221,2026-06-08T05:59:33.900Z,12.4,61.13334,48.86666,28.8,86.8,26.3731,0,1,0,1,101
5222,2026-06-08T06:01:33.895Z,12.4,61.13334,48.86666,28.8,86.8,26.3731,0,1,0,1,101
5223,2026-06-08T06:03:33.890Z,12.4,61.13334,48.86666,28.8,86.8,26.3731,0,1,0,1,101
5224,2026-06-08T06:05:33.885Z,12.4,64.73333,48.86666,28.9,86.6,26.43208,0,1,0,1,101
5225,2026-06-08T06:07:33.880Z,12.4,64.73333,48.86666,28.9,86.6,26.43208,0,1,0,1,101
5226,2026-06-08T06:09:33.875Z,12.4,64.73333,46.2,28.9,86.6,26.43208,0,1,0,1,101
5227,2026-06-08T06:11:33.870Z,12.4,64.73333,46.2,28.9,86.6,26.43208,0,1,0,1,101
5228,2026-06-08T06:13:33.865Z,14.2,64.73333,46.2,28.9,86.6,26.43208,0,1,0,1,101
5229,2026-06-08T06:15:33.860Z,14.2,64.73333,46.2,28.9,86.6,26.43208,0,1,0,1,101
5230,2026-06-08T06:17:33.855Z,14.2,64.73333,46.2,28.9,86.6,26.43208,0,1,0,1,101
5231,2026-06-08T06:19:33.850Z,14.2,64.73333,46.2,28.9,86.6,26.43208,0,1,0,1,101
5232,2026-06-08T06:21:33.845Z,14.2,64.73333,46.2,28.9,86.6,26.43208,0,1,0,1,101
5233,2026-06-08T06:23:33.840Z,14.2,64.73333,46.2,28.9,86.6,26.43208,0,1,0,1,101
5234,2026-06-08T06:25:33.835Z,14.2,64.73333,46.2,28.9,86.6,26.43208,0,1,0,1,101
5235,2026-06-08T06:27:33.830Z,14.2,61.66667,46.2,28.9,86.2,26.35342,0,1,0,1,101
5236,2026-06-08T06:29:33.825Z,14.2,61.66667,46.2,28.9,86.2,26.35342,0,1,0,1,101
5237,2026-06-08T06:31:33.820Z,14.2,61.66667,50.4,28.9,86.2,26.35342,0,1,0,0,100
5238,2026-06-08T06:33:33.815Z,11,61.66667,50.4,28.9,86.2,26.35342,0,1,0,0,100
5239,2026-06-08T06:35:33.810Z,11,61.66667,50.4,28.9,86.2,26.35342,0,1,0,0,100
5240,2026-06-08T06:37:33.805Z,11,61.66667,50.4,28.9,86.2,26.35342,0,1,0,0,100
5241,2026-06-08T06:39:33.800Z,11,61.66667,50.4,28.9,86.2,26.35342,0,1,0,0,100
5242,2026-06-08T06:41:33.795Z,11,61.66667,50.4,28.9,86.2,26.35342,0,1,0,0,100
5243,2026-06-08T06:43:33.790Z,11,61.66667,50.4,28.9,86.2,26.35342,0,1,0,0,100
5244,2026-06-08T06:45:33.785Z,11,61.66667,50.4,28.9,86.2,26.35342,0,1,0,0,100
5245,2026-06-08T06:47:33.780Z,11,61.66667,50.4,28.9,86.2,26.35342,0,1,0,0,100
5246,2026-06-08T06:49:33.775Z,11,62.6,50.4,28.9,85.9,26.29422,0,1,0,0,100
5247,2026-06-08T06:51:33.770Z,11,62.6,48.46667,28.9,85.9,26.29422,0,1,0,1,101
5248,2026-06-08T06:53:33.765Z,12.53333,62.6,48.46667,28.9,85.9,26.29422,0,1,0,1,101
5249,2026-06-08T06:55:33.760Z,12.53333,62.6,48.46667,28.9,85.9,26.29422,0,1,0,1,101
5250,2026-06-08T06:57:33.755Z,12.53333,62.6,48.46667,28.9,85.9,26.29422,0,1,0,1,101
5251,2026-06-08T06:59:33.750Z,12.53333,62.6,48.46667,28.9,85.9,26.29422,0,1,0,1,101
5252,2026-06-08T07:01:33.745Z,12.53333,62.6,48.46667,28.9,85.9,26.29422,0,1,0,1,101
5253,2026-06-08T07:03:33.740Z,12.53333,62.6,48.46667,28.9,85.9,26.29422,0,1,0,1,101
5254,2026-06-08T07:05:33.735Z,12.53333,62.6,48.46667,28.9,85.9,26.29422,0,1,0,1,101
5255,2026-06-08T07:07:33.730Z,12.53333,62.6,48.46667,28.9,85.9,26.29422,0,1,0,1,101
5256,2026-06-08T07:09:33.725Z,12.53333,62.6,48.46667,28.9,85.9,26.29422,0,1,0,1,101
5257,2026-06-08T07:11:33.720Z,12.53333,60.8,48.46667,28.9,85.8,26.27444,0,1,0,1,101
5258,2026-06-08T07:13:33.715Z,12.53333,60.8,44.2,28.9,85.8,26.27444,0,1,0,1,101
5259,2026-06-08T07:15:33.710Z,12.53333,60.8,44.2,28.9,85.8,26.27444,0,1,0,1,101
5260,2026-06-08T07:17:33.705Z,8.733334,60.8,44.2,28.9,85.8,26.27444,0,1,0,1,101
5261,2026-06-08T07:19:33.700Z,8.733334,60.8,44.2,28.9,85.8,26.27444,0,1,0,1,101
5262,2026-06-08T07:21:33.695Z,8.733334,60.8,44.2,28.9,85.8,26.27444,0,1,0,1,101
5263,2026-06-08T07:23:33.690Z,8.733334,60.8,44.2,28.9,85.8,26.27444,0,1,0,1,101
5264,2026-06-08T07:25:33.685Z,8.733334,60.8,44.2,28.9,85.8,26.27444,0,1,0,1,101
5265,2026-06-08T07:27:33.680Z,8.733334,60.8,44.2,28.9,85.8,26.27444,0,1,0,1,101
5266,2026-06-08T07:29:33.675Z,8.733334,60.8,44.2,28.9,85.8,26.27444,0,1,0,1,101
5267,2026-06-08T07:31:33.670Z,8.733334,60.8,44.2,28.9,85.8,26.27444,0,1,0,1,101
5268,2026-06-08T07:33:33.665Z,8.733334,63.8,44.2,28.9,85.3,26.17527,0,1,0,1,101
5269,2026-06-08T07:35:33.660Z,8.733334,63.8,47.53333,28.9,85.3,26.17527,0,1,0,1,101
5270,2026-06-08T07:37:33.655Z,10.53333,63.8,47.53333,28.9,85.3,26.17527,0,1,0,1,101
5271,2026-06-08T07:39:33.650Z,10.53333,63.8,47.53333,28.9,85.3,26.17527,0,1,0,1,101
5272,2026-06-08T07:41:33.645Z,10.53333,63.8,47.53333,28.9,85.3,26.17527,0,1,0,1,101
5273,2026-06-08T07:43:33.640Z,10.53333,63.8,47.53333,28.9,85.3,26.17527,0,1,0,1,101
5274,2026-06-08T07:45:33.635Z,10.53333,63.8,47.53333,28.9,85.3,26.17527,0,1,0,1,101
5275,2026-06-08T07:47:33.630Z,10.53333,63.8,47.53333,28.9,85.3,26.17527,0,1,0,1,101
5276,2026-06-08T07:49:33.625Z,10.53333,63.8,47.53333,28.9,85.3,26.17527,0,1,0,1,101
5277,2026-06-08T07:51:33.620Z,10.53333,63.8,47.53333,28.9,85.3,26.17527,0,1,0,1,101
5278,2026-06-08T07:53:33.615Z,10.53333,63.8,47.53333,28.9,85.3,26.17527,0,1,0,1,101
5279,2026-06-08T07:55:33.610Z,10.53333,62.4,47.53333,28.9,85.7,26.25465,0,1,0,1,101
5280,2026-06-08T07:57:33.605Z,10.53333,62.4,49.06667,28.9,85.7,26.25465,0,1,0,1,101
5281,2026-06-08T07:59:33.600Z,7.4,62.4,49.06667,28.9,85.7,26.25465,0,1,0,1,101
5282,2026-06-08T08:01:33.595Z,7.4,62.4,49.06667,28.9,85.7,26.25465,0,1,0,1,101
5283,2026-06-08T08:03:33.590Z,7.4,62.4,49.06667,28.9,85.7,26.25465,0,1,0,1,101
5284,2026-06-08T08:05:33.585Z,7.4,62.4,49.06667,28.9,85.7,26.25465,0,1,0,1,101
5285,2026-06-08T08:07:33.580Z,7.4,62.4,49.06667,28.9,85.7,26.25465,0,1,0,1,101
5286,2026-06-08T08:09:33.575Z,7.4,62.4,49.06667,28.9,85.7,26.25465,0,1,0,1,101
5287,2026-06-08T08:11:33.570Z,7.4,62.4,49.06667,28.9,85.7,26.25465,0,1,0,1,101
5288,2026-06-08T08:13:33.565Z,7.4,62.4,49.06667,28.9,85.7,26.25465,0,1,0,1,101
5289,2026-06-08T08:15:33.560Z,7.4,62.4,49.06667,28.9,85.7,26.25465,0,1,0,1,101
5290,2026-06-08T08:17:33.555Z,7.4,63.73333,49.06667,28.9,86.2,26.35342,0,1,0,1,101
5291,2026-06-08T08:19:33.550Z,7.4,63.73333,42.4,28.9,86.2,26.35342,0,1,0,1,101
5292,2026-06-08T08:21:33.545Z,9.533334,63.73333,42.4,28.9,86.2,26.35342,0,1,0,1,101
5293,2026-06-08T08:23:33.540Z,9.533334,63.73333,42.4,28.9,86.2,26.35342,0,1,0,1,101
5294,2026-06-08T08:25:33.535Z,9.533334,63.73333,42.4,28.9,86.2,26.35342,0,1,0,1,101
5295,2026-06-08T08:27:33.530Z,9.533334,63.73333,42.4,28.9,86.2,26.35342,0,1,0,1,101
5296,2026-06-08T08:29:33.525Z,9.533334,63.73333,42.4,28.9,86.2,26.35342,0,1,0,1,101
5297,2026-06-08T08:31:33.520Z,9.533334,63.73333,42.4,28.9,86.2,26.35342,0,1,0,1,101
5298,2026-06-08T08:33:33.515Z,9.533334,63.73333,42.4,28.9,86.2,26.35342,0,1,0,1,101
5299,2026-06-08T08:35:33.510Z,9.533334,63.73333,42.4,28.9,86.2,26.35342,0,1,0,1,101
5300,2026-06-08T08:37:33.505Z,9.533334,63.73333,42.4,28.9,86.2,26.35342,0,1,0,1,101
5301,2026-06-08T08:39:33.500Z,9.533334,63,42.4,28.9,86.5,26.41244,0,1,0,1,101
5302,2026-06-08T08:41:33.495Z,9.066667,63,45.8,28.9,86.5,26.41244,0,1,0,1,101
5303,2026-06-08T08:43:33.490Z,9.066667,63,45.8,28.9,86.5,26.41244,0,1,0,1,101
5304,2026-06-08T08:45:33.485Z,9.066667,63,45.8,28.9,86.5,26.41244,0,1,0,1,101
5305,2026-06-08T08:47:33.480Z,9.066667,63,45.8,28.9,86.5,26.41244,0,1,0,1,101
5306,2026-06-08T08:49:33.475Z,9.066667,63,45.8,28.9,86.5,26.41244,0,1,0,1,101
5307,2026-06-08T08:51:33.470Z,9.066667,63,45.8,28.9,86.5,26.41244,0,1,0,1,101
5308,2026-06-08T08:53:33.465Z,9.066667,63,45.8,28.9,86.5,26.41244,0,1,0,1,101
5309,2026-06-08T08:55:33.460Z,9.066667,63,45.8,28.9,86.5,26.41244,0,1,0,1,101
5310,2026-06-08T08:57:33.455Z,9.066667,63,45.8,28.9,86.5,26.41244,0,1,0,1,101
5311,2026-06-08T08:59:33.450Z,9.066667,63,45.8,28.9,86.5,26.41244,0,1,0,1,101
5312,2026-06-08T09:01:33.445Z,9.066667,63.86666,45.8,29,86.8,26.56947,0,1,0,1,101
5313,2026-06-08T09:03:33.440Z,4.866667,63.86666,42.6,29,86.8,26.56947,0,1,0,1,101
5314,2026-06-08T09:05:33.435Z,4.866667,63.86666,42.6,29,86.8,26.56947,0,1,0,1,101
5315,2026-06-08T09:07:33.430Z,4.866667,63.86666,42.6,29,86.8,26.56947,0,1,0,1,101
5316,2026-06-08T09:09:33.425Z,4.866667,63.86666,42.6,29,86.8,26.56947,0,1,0,1,101
5317,2026-06-08T09:11:33.420Z,4.866667,63.86666,42.6,29,86.8,26.56947,0,1,0,1,101
5318,2026-06-08T09:13:33.415Z,4.866667,63.86666,42.6,29,86.8,26.56947,0,1,0,1,101
5319,2026-06-08T09:15:33.410Z,4.866667,63.86666,42.6,29,86.8,26.56947,0,1,0,1,101
5320,2026-06-08T09:17:33.405Z,4.866667,63.86666,42.6,29,86.8,26.56947,0,1,0,1,101
5321,2026-06-08T09:19:33.400Z,4.866667,63.86666,42.6,29,86.8,26.56947,0,1,0,1,101
5322,2026-06-08T09:21:33.395Z,4.866667,63.86666,42.6,29,86.8,26.56947,0,1,0,1,101
5323,2026-06-08T09:23:33.390Z,8.066667,60.93333,42.6,29,86.9,26.58907,0,1,0,1,101
5324,2026-06-08T09:25:33.385Z,8.066667,60.93333,45,29,86.9,26.58907,0,1,0,1,101
5325,2026-06-08T09:27:33.380Z,8.066667,60.93333,45,29,86.9,26.58907,0,1,0,1,101
5326,2026-06-08T09:29:33.375Z,8.066667,60.93333,45,29,86.9,26.58907,0,1,0,1,101
5327,2026-06-08T09:31:33.370Z,8.066667,60.93333,45,29,86.9,26.58907,0,1,0,1,101
5328,2026-06-08T09:33:33.365Z,8.066667,60.93333,45,29,86.9,26.58907,0,1,0,1,101
5329,2026-06-08T09:35:33.360Z,8.066667,60.93333,45,29,86.9,26.58907,0,1,0,1,101
5330,2026-06-08T09:37:33.355Z,8.066667,60.93333,45,29,86.9,26.58907,0,1,0,1,101
5331,2026-06-08T09:39:33.350Z,8.066667,60.93333,45,29,86.9,26.58907,0,1,0,1,101
5332,2026-06-08T09:41:33.345Z,8.066667,60.93333,45,29,86.9,26.58907,0,1,0,1,101
5333,2026-06-08T09:43:33.340Z,8.066667,60.93333,45,29,86.9,26.58907,0,1,0,1,101
5334,2026-06-08T09:45:33.335Z,7.133333,63.33333,45,29,86.6,26.53024,0,1,0,1,101
5335,2026-06-08T09:47:33.330Z,7.133333,63.33333,41.33333,29,86.6,26.53024,0,1,0,1,101
5336,2026-06-08T09:49:33.325Z,7.133333,63.33333,41.33333,29,86.6,26.53024,0,1,0,1,101
5337,2026-06-08T09:51:33.320Z,7.133333,63.33333,41.33333,29,86.6,26.53024,0,1,0,1,101
5338,2026-06-08T09:53:33.315Z,7.133333,63.33333,41.33333,29,86.6,26.53024,0,1,0,1,101
5339,2026-06-08T09:55:33.310Z,7.133333,63.33333,41.33333,29,86.6,26.53024,0,1,0,1,101
5340,2026-06-08T09:57:33.305Z,7.133333,63.33333,41.33333,29,86.6,26.53024,0,1,0,1,101
5341,2026-06-08T09:59:33.300Z,7.133333,63.33333,41.33333,29,86.6,26.53024,0,1,0,1,101
5342,2026-06-08T10:01:33.295Z,7.133333,63.33333,41.33333,29,86.6,26.53024,0,1,0,1,101
5343,2026-06-08T10:03:33.290Z,7.133333,63.33333,41.33333,29,86.6,26.53024,0,1,0,1,101
5344,2026-06-08T10:05:33.285Z,7.133333,63.33333,41.33333,29,86.6,26.53024,0,1,0,1,101
5345,2026-06-08T10:07:33.280Z,7.066667,61.33333,41.33333,29,85.1,26.2334,0,1,0,1,101
5346,2026-06-08T10:09:33.275Z,7.066667,61.33333,43.33333,29,85.1,26.2334,0,1,0,1,101
5347,2026-06-08T10:11:33.270Z,7.066667,61.33333,43.33333,29,85.1,26.2334,0,1,0,1,101
5348,2026-06-08T10:13:33.265Z,7.066667,61.33333,43.33333,29,85.1,26.2334,0,1,0,1,101
5349,2026-06-08T10:15:33.260Z,7.066667,61.33333,43.33333,29,85.1,26.2334,0,1,0,1,101
5350,2026-06-08T10:17:33.255Z,7.066667,61.33333,43.33333,29,85.1,26.2334,0,1,0,1,101
5351,2026-06-08T10:19:33.250Z,7.066667,61.33333,43.33333,29,85.1,26.2334,0,1,0,1,101
5352,2026-06-08T10:21:33.245Z,7.066667,61.33333,43.33333,29,85.1,26.2334,0,1,0,1,101
5353,2026-06-08T10:23:33.240Z,7.066667,61.33333,43.33333,29,85.1,26.2334,0,1,0,1,101
5354,2026-06-08T10:25:33.235Z,7.066667,61.33333,43.33333,29,85.1,26.2334,0,1,0,1,101
5355,2026-06-08T10:27:33.230Z,7.066667,61.33333,43.33333,29,85.1,26.2334,0,1,0,1,101
5356,2026-06-08T10:29:33.225Z,5.733333,64,43.33333,29,84.4,26.09331,0,1,0,1,101
5357,2026-06-08T10:31:33.220Z,5.733333,64,42.93333,29,84.4,26.09331,0,1,0,1,101
5358,2026-06-08T10:33:33.215Z,5.733333,64,42.93333,29,84.4,26.09331,0,1,0,1,101
5359,2026-06-08T10:35:33.210Z,5.733333,64,42.93333,29,84.4,26.09331,0,1,0,1,101
5360,2026-06-08T10:37:33.205Z,5.733333,64,42.93333,29,84.4,26.09331,0,1,0,1,101
5361,2026-06-08T10:39:33.200Z,5.733333,64,42.93333,29,84.4,26.09331,0,1,0,1,101
5362,2026-06-08T10:41:33.195Z,5.733333,64,42.93333,29,84.4,26.09331,0,1,0,1,101
5363,2026-06-08T10:43:33.190Z,5.733333,64,42.93333,29,84.4,26.09331,0,1,0,1,101
5364,2026-06-08T10:45:33.185Z,5.733333,64,42.93333,29,84.4,26.09331,0,1,0,1,101
5365,2026-06-08T10:47:33.180Z,5.733333,64,42.93333,29,84.4,26.09331,0,1,0,1,101
5366,2026-06-08T10:49:33.175Z,5.733333,64,42.93333,29,84.4,26.09331,0,1,0,1,101
5367,2026-06-08T10:51:33.170Z,4,61.6,42.93333,29,84.9,26.19348,0,1,0,1,101
5368,2026-06-08T10:53:33.165Z,4,61.6,43.66667,29,84.9,26.19348,0,1,0,1,101
5369,2026-06-08T10:55:33.160Z,4,61.6,43.66667,29,84.9,26.19348,0,1,0,1,101
5370,2026-06-08T10:57:33.155Z,4,61.6,43.66667,29,84.9,26.19348,0,1,0,1,101
5371,2026-06-08T10:59:33.150Z,4,61.6,43.66667,29,84.9,26.19348,0,1,0,1,101
5372,2026-06-08T11:01:33.145Z,4,61.6,43.66667,29,84.9,26.19348,0,1,0,1,101
5373,2026-06-08T11:03:33.140Z,4,61.6,43.66667,29,84.9,26.19348,0,1,0,1,101
5374,2026-06-08T11:05:33.135Z,4,61.6,43.66667,29,84.9,26.19348,0,1,0,1,101
5375,2026-06-08T11:07:33.130Z,4,61.6,43.66667,29,84.9,26.19348,0,1,0,1,101
5376,2026-06-08T11:09:33.125Z,4,61.6,43.66667,29,84.9,26.19348,0,1,0,1,101
5377,2026-06-08T11:11:33.120Z,4.666667,61.6,43.66667,29,84.9,26.19348,0,1,0,1,101
5378,2026-06-08T11:13:33.115Z,4.666667,64.26667,43.66667,29,85,26.21345,0,1,0,1,101
5379,2026-06-08T11:15:33.110Z,4.666667,64.26667,38.2,29,85,26.21345,0,1,0,1,101
5380,2026-06-08T11:17:33.105Z,4.666667,64.26667,38.2,29,85,26.21345,0,1,0,1,101
5381,2026-06-08T11:19:33.100Z,4.666667,64.26667,38.2,29,85,26.21345,0,1,0,1,101
5382,2026-06-08T11:21:33.095Z,4.666667,64.26667,38.2,29,85,26.21345,0,1,0,1,101
5383,2026-06-08T11:23:33.090Z,4.666667,64.26667,38.2,29,85,26.21345,0,1,0,1,101
5384,2026-06-08T11:25:33.085Z,4.666667,64.26667,38.2,29,85,26.21345,0,1,0,1,101
5385,2026-06-08T11:27:33.080Z,4.666667,64.26667,38.2,29,85,26.21345,0,1,0,1,101
5386,2026-06-08T11:29:33.075Z,4.666667,64.26667,38.2,29,85,26.21345,0,1,0,1,101
5387,2026-06-08T11:31:33.070Z,4.666667,64.26667,38.2,29,85,26.21345,0,1,0,1,101
5388,2026-06-08T11:33:33.065Z,3.133333,64.26667,38.2,29,85,26.21345,0,1,0,1,101
5389,2026-06-08T11:35:33.060Z,3.133333,62.4,38.2,29,84.5,26.11339,0,1,0,1,101
5390,2026-06-08T11:37:33.055Z,3.133333,62.4,41.66667,29,84.5,26.11339,0,1,0,1,101
5391,2026-06-08T11:39:33.050Z,3.133333,62.4,41.66667,29,84.5,26.11339,0,1,0,1,101
5392,2026-06-08T11:41:33.045Z,3.133333,62.4,41.66667,29,84.5,26.11339,0,1,0,1,101
5393,2026-06-08T11:43:33.040Z,3.133333,62.4,41.66667,29,84.5,26.11339,0,1,0,1,101
5394,2026-06-08T11:45:33.035Z,3.133333,62.4,41.66667,29,84.5,26.11339,0,1,0,1,101
5395,2026-06-08T11:47:33.030Z,3.133333,62.4,41.66667,29,84.5,26.11339,0,1,0,1,101
5396,2026-06-08T11:49:33.025Z,3.133333,62.4,41.66667,29,84.5,26.11339,0,1,0,1,101
5397,2026-06-08T11:51:33.020Z,3.133333,62.4,41.66667,29,84.5,26.11339,0,1,0,1,101
5398,2026-06-08T11:53:33.015Z,3.133333,62.4,41.66667,29,84.5,26.11339,0,1,0,1,101
5399,2026-06-08T11:55:33.010Z,2.8,62.4,41.66667,29,84.5,26.11339,0,1,0,1,101
5400,2026-06-08T11:57:33.005Z,2.8,64.86667,41.2,29,84.8,26.17348,0,1,0,1,101
5401,2026-06-08T11:59:33.000Z,2.8,64.86667,41.2,29,84.8,26.17348,0,1,0,1,101
5402,2026-06-08T12:01:32.995Z,2.8,64.86667,41.2,29,84.8,26.17348,0,1,0,1,101
5403,2026-06-08T12:03:32.990Z,2.8,64.86667,41.2,29,84.8,26.17348,0,1,0,1,101
5404,2026-06-08T12:05:32.985Z,2.8,64.86667,41.2,29,84.8,26.17348,0,1,0,1,101
5405,2026-06-08T12:07:32.980Z,2.8,64.86667,41.2,29,84.8,26.17348,0,1,0,1,101
5406,2026-06-08T12:09:32.975Z,2.8,64.86667,41.2,29,84.8,26.17348,0,1,0,1,101
5407,2026-06-08T12:11:32.970Z,2.8,64.86667,41.2,29,84.8,26.17348,0,1,0,1,101
5408,2026-06-08T12:13:32.965Z,2.8,64.86667,41.2,29,84.8,26.17348,0,1,0,1,101
5409,2026-06-08T12:15:32.960Z,2.8,64.86667,41.2,29,84.8,26.17348,0,1,0,1,101
5410,2026-06-08T12:17:32.955Z,2.866667,64.86667,41.2,29,84.8,26.17348,0,1,0,1,101
5411,2026-06-08T12:19:32.950Z,2.866667,61.53333,38.6,29,84.7,26.15347,0,1,0,1,101
5412,2026-06-08T12:21:32.945Z,2.866667,61.53333,38.6,29,84.7,26.15347,0,1,0,1,101
5413,2026-06-08T12:23:32.940Z,2.866667,61.53333,38.6,29,84.7,26.15347,0,1,0,1,101
5414,2026-06-08T12:25:32.935Z,2.866667,61.53333,38.6,29,84.7,26.15347,0,1,0,1,101
5415,2026-06-08T12:27:32.930Z,2.866667,61.53333,38.6,29,84.7,26.15347,0,1,0,1,101
5416,2026-06-08T12:29:32.925Z,2.866667,61.53333,38.6,29,84.7,26.15347,0,1,0,1,101
5417,2026-06-08T12:31:32.920Z,2.866667,61.53333,38.6,29,84.7,26.15347,0,1,0,1,101
5418,2026-06-08T12:33:32.915Z,2.866667,61.53333,38.6,29,84.7,26.15347,0,1,0,1,101
5419,2026-06-08T12:35:32.910Z,2.866667,61.53333,38.6,29,84.7,26.15347,0,1,0,1,101
5420,2026-06-08T12:37:32.905Z,2.866667,61.53333,38.6,29,84.7,26.15347,0,1,0,1,101
5421,2026-06-08T12:39:32.900Z,0,61.53333,38.6,29,84.7,26.15347,0,1,0,1,101
5422,2026-06-08T12:41:32.895Z,0,62.93333,37.33333,29,84.6,26.13344,0,1,0,1,101
5423,2026-06-08T12:43:32.890Z,0,62.93333,37.33333,29,84.6,26.13344,0,1,0,1,101
5424,2026-06-08T12:45:32.885Z,0,62.93333,37.33333,29,84.6,26.13344,0,1,0,1,101
5425,2026-06-08T12:47:32.880Z,0,62.93333,37.33333,29,84.6,26.13344,0,1,0,1,101
5426,2026-06-08T12:49:32.875Z,0,62.93333,37.33333,29,84.6,26.13344,0,1,0,1,101
5427,2026-06-08T12:51:32.870Z,0,62.93333,37.33333,29,84.6,26.13344,0,1,0,1,101
5428,2026-06-08T12:53:32.865Z,0,62.93333,37.33333,29,84.6,26.13344,0,1,0,1,101
5429,2026-06-08T12:55:32.860Z,0,62.93333,37.33333,29,84.6,26.13344,0,1,0,1,101
5430,2026-06-08T12:57:32.855Z,0,62.93333,37.33333,29,84.6,26.13344,0,1,0,1,101
5431,2026-06-08T12:59:32.850Z,4.2,62.93333,37.33333,29,84.6,26.13344,0,1,0,1,101
5432,2026-06-08T13:01:32.845Z,4.2,62.93333,40.73333,29,84.6,26.13344,0,1,0,1,101
5433,2026-06-08T13:03:32.840Z,4.2,60.8,40.73333,29,84.8,26.17348,0,1,0,1,101
5434,2026-06-08T13:05:32.835Z,4.2,60.8,40.73333,29,84.8,26.17348,0,1,0,1,101
5435,2026-06-08T13:07:32.830Z,4.2,60.8,40.73333,29,84.8,26.17348,0,1,0,1,101
5436,2026-06-08T13:09:32.825Z,4.2,60.8,40.73333,29,84.8,26.17348,0,1,0,1,101
5437,2026-06-08T13:11:32.820Z,4.2,60.8,40.73333,29,84.8,26.17348,0,1,0,1,101
5438,2026-06-08T13:13:32.815Z,4.2,60.8,40.73333,29,84.8,26.17348,0,1,0,1,101
5439,2026-06-08T13:15:32.810Z,4.2,60.8,40.73333,29,84.8,26.17348,0,1,0,1,101
5440,2026-06-08T13:17:32.805Z,4.2,60.8,40.73333,29,84.8,26.17348,0,1,0,1,101
5441,2026-06-08T13:19:32.800Z,4.2,60.8,40.73333,29,84.8,26.17348,0,1,0,1,101
5442,2026-06-08T13:21:32.795Z,3.8,60.8,40.73333,29,84.8,26.17348,0,1,0,1,101
5443,2026-06-08T13:23:32.790Z,3.8,60.8,37.33333,29,84.8,26.17348,0,1,0,1,101
5444,2026-06-08T13:25:32.785Z,3.8,64.46667,37.33333,29,84.5,26.11339,0,1,0,1,101
5445,2026-06-08T13:27:32.780Z,3.8,64.46667,37.33333,29,84.5,26.11339,0,1,0,1,101
5446,2026-06-08T13:29:32.775Z,3.8,64.46667,37.33333,29,84.5,26.11339,0,1,0,1,101
5447,2026-06-08T13:31:32.770Z,3.8,64.46667,37.33333,29,84.5,26.11339,0,1,0,1,101
5448,2026-06-08T13:33:32.765Z,3.8,64.46667,37.33333,29,84.5,26.11339,0,1,0,1,101
5449,2026-06-08T13:35:32.760Z,3.8,64.46667,37.33333,29,84.5,26.11339,0,1,0,1,101
5450,2026-06-08T13:37:32.755Z,3.8,64.46667,37.33333,29,84.5,26.11339,0,1,0,1,101
5451,2026-06-08T13:39:32.750Z,3.8,64.46667,37.33333,29,84.5,26.11339,0,1,0,1,101
5452,2026-06-08T13:41:32.745Z,3.8,64.46667,37.33333,29,84.5,26.11339,0,1,0,1,101
5453,2026-06-08T13:43:32.740Z,4.866667,64.46667,37.33333,29,84.5,26.11339,0,1,0,1,101
5454,2026-06-08T13:45:32.735Z,4.866667,64.46667,40.2,29,84.5,26.11339,0,1,0,1,101
5455,2026-06-08T13:47:32.730Z,4.866667,62.13334,40.2,29,83.8,25.97243,0,1,0,1,101
5456,2026-06-08T13:49:32.725Z,4.866667,62.13334,40.2,29,83.8,25.97243,0,1,0,1,101
5457,2026-06-08T13:51:32.720Z,4.866667,62.13334,40.2,29,83.8,25.97243,0,1,0,1,101
5458,2026-06-08T13:53:32.715Z,4.866667,62.13334,40.2,29,83.8,25.97243,0,1,0,1,101
5459,2026-06-08T13:55:32.710Z,4.866667,62.13334,40.2,29,83.8,25.97243,0,1,0,1,101
5460,2026-06-08T13:57:32.705Z,4.866667,62.13334,40.2,29,83.8,25.97243,0,1,0,1,101
5461,2026-06-08T13:59:32.700Z,4.866667,62.13334,40.2,29,83.8,25.97243,0,1,0,1,101
5462,2026-06-08T14:01:32.695Z,4.866667,62.13334,40.2,29,83.8,25.97243,0,1,0,1,101
5463,2026-06-08T14:03:32.690Z,4.866667,62.13334,40.2,29,83.8,25.97243,0,1,0,1,101
5464,2026-06-08T14:05:32.685Z,2.466667,62.13334,40.2,29,83.8,25.97243,0,1,0,1,101
5465,2026-06-08T14:07:32.680Z,2.466667,62.13334,36.33333,29,83.8,25.97243,0,1,0,1,101
5466,2026-06-08T14:09:32.675Z,2.466667,62.73333,36.33333,29,83.8,25.97243,0,1,0,1,101
5467,2026-06-08T14:11:32.670Z,2.466667,62.73333,36.33333,29,83.8,25.97243,0,1,0,1,101
5468,2026-06-08T14:13:32.665Z,2.466667,62.73333,36.33333,29,83.8,25.97243,0,1,0,1,101
5469,2026-06-08T14:15:32.660Z,2.466667,62.73333,36.33333,29,83.8,25.97243,0,1,0,1,101
5470,2026-06-08T14:17:32.655Z,2.466667,62.73333,36.33333,29,83.8,25.97243,0,1,0,1,101
5471,2026-06-08T14:19:32.650Z,2.466667,62.73333,36.33333,29,83.8,25.97243,0,1,0,1,101
5472,2026-06-08T14:21:32.645Z,2.466667,62.73333,36.33333,29,83.8,25.97243,0,1,0,1,101
5473,2026-06-08T14:23:32.640Z,2.466667,62.73333,36.33333,29,83.8,25.97243,0,1,0,1,101
5474,2026-06-08T14:25:32.635Z,2.466667,62.73333,36.33333,29,83.8,25.97243,0,1,0,1,101
5475,2026-06-08T14:27:32.630Z,5.2,62.73333,36.33333,29,83.8,25.97243,0,1,0,1,101
5476,2026-06-08T14:29:32.625Z,5.2,62.73333,38.6,29,83.8,25.97243,0,1,0,1,101
5477,2026-06-08T14:31:32.620Z,5.2,62.26667,38.6,29,83.2,25.85079,0,1,0,1,101
5478,2026-06-08T14:33:32.615Z,5.2,62.26667,38.6,29,83.2,25.85079,0,1,0,1,101
5479,2026-06-08T14:35:32.610Z,5.2,62.26667,38.6,29,83.2,25.85079,0,1,0,1,101
5480,2026-06-08T14:37:32.605Z,5.2,62.26667,38.6,29,83.2,25.85079,0,1,0,1,101
5481,2026-06-08T14:39:32.600Z,5.2,62.26667,38.6,29,83.2,25.85079,0,1,0,1,101
5482,2026-06-08T14:41:32.595Z,5.2,62.26667,38.6,29,83.2,25.85079,0,1,0,1,101
5483,2026-06-08T14:43:32.590Z,5.2,62.26667,38.6,29,83.2,25.85079,0,1,0,1,101
5484,2026-06-08T14:45:32.585Z,5.2,62.26667,38.6,29,83.2,25.85079,0,1,0,1,101
5485,2026-06-08T14:47:32.580Z,5.2,62.26667,38.6,29,83.2,25.85079,0,1,0,1,101
5486,2026-06-08T14:49:32.575Z,2.266667,62.26667,37.86666,29,83.2,25.85079,0,1,0,1,101
5487,2026-06-08T14:51:32.570Z,2.266667,62.26667,37.86666,29,83.2,25.85079,0,1,0,1,101
5488,2026-06-08T14:53:32.565Z,2.266667,65,37.86666,29,82.2,25.64635,0,1,0,1,101
5489,2026-06-08T14:55:32.560Z,2.266667,65,37.86666,29,82.2,25.64635,0,1,0,1,101
5490,2026-06-08T14:57:32.555Z,2.266667,65,37.86666,29,82.2,25.64635,0,1,0,1,101
5491,2026-06-08T14:59:32.550Z,2.266667,65,37.86666,29,82.2,25.64635,0,1,0,1,101
5492,2026-06-08T15:01:32.545Z,2.266667,65,37.86666,29,82.2,25.64635,0,1,0,1,101
5493,2026-06-08T15:03:32.540Z,2.266667,65,37.86666,29,82.2,25.64635,0,1,0,1,101
5494,2026-06-08T15:05:32.535Z,2.266667,65,37.86666,29,82.2,25.64635,0,1,0,1,101
5495,2026-06-08T15:07:32.530Z,2.266667,65,37.86666,29,82.2,25.64635,0,1,0,1,101
5496,2026-06-08T15:09:32.525Z,2.266667,65,37.86666,29,82.2,25.64635,0,1,0,1,101
5497,2026-06-08T15:11:32.520Z,4.466667,65,37.8,29,82.2,25.64635,0,1,0,1,101
5498,2026-06-08T15:13:32.515Z,4.466667,65,37.8,29,82.2,25.64635,0,1,0,1,101
5499,2026-06-08T15:15:32.510Z,4.466667,61.66667,37.8,29,83.2,25.85079,0,1,0,1,101
5500,2026-06-08T15:17:32.505Z,4.466667,61.66667,37.8,29,83.2,25.85079,0,1,0,1,101
5501,2026-06-08T15:19:32.500Z,4.466667,61.66667,37.8,29,83.2,25.85079,0,1,0,1,101
5502,2026-06-08T15:21:32.495Z,4.466667,61.66667,37.8,29,83.2,25.85079,0,1,0,1,101
5503,2026-06-08T15:23:32.490Z,4.466667,61.66667,37.8,29,83.2,25.85079,0,1,0,1,101
5504,2026-06-08T15:25:32.485Z,4.466667,61.66667,37.8,29,83.2,25.85079,0,1,0,1,101
5505,2026-06-08T15:27:32.480Z,4.466667,61.66667,37.8,29,83.2,25.85079,0,1,0,1,101
5506,2026-06-08T15:29:32.475Z,4.466667,61.66667,37.8,29,83.2,25.85079,0,1,0,1,101
5507,2026-06-08T15:31:32.470Z,4.466667,61.66667,34.46667,29,83.2,25.85079,0,1,0,1,101
5508,2026-06-08T15:33:32.465Z,1.933333,61.66667,34.46667,29,83.2,25.85079,0,1,0,1,101
5509,2026-06-08T15:35:32.460Z,1.933333,63.66667,34.46667,29.1,83.5,26.0094,0,1,0,1,101
5510,2026-06-08T15:37:32.455Z,1.933333,63.66667,34.46667,29.1,83.5,26.0094,0,1,0,1,101
5511,2026-06-08T15:39:32.450Z,1.933333,63.66667,34.46667,29.1,83.5,26.0094,0,1,0,1,101
5512,2026-06-08T15:41:32.445Z,1.933333,63.66667,34.46667,29.1,83.5,26.0094,0,1,0,1,101
5513,2026-06-08T15:43:32.440Z,1.933333,63.66667,34.46667,29.1,83.5,26.0094,0,1,0,1,101
5514,2026-06-08T15:45:32.435Z,1.933333,63.66667,34.46667,29.1,83.5,26.0094,0,1,0,1,101
5515,2026-06-08T15:47:32.430Z,1.933333,63.66667,34.46667,29.1,83.5,26.0094,0,1,0,1,101
5516,2026-06-08T15:49:32.425Z,1.933333,63.66667,34.46667,29.1,83.5,26.0094,0,1,0,1,101
5517,2026-06-08T15:51:32.420Z,1.933333,63.66667,34.46667,29.1,83.5,26.0094,0,1,0,1,101
5518,2026-06-08T15:53:32.415Z,1.933333,63.66667,32.4,29.1,83.5,26.0094,0,1,0,1,101
5519,2026-06-08T15:55:32.410Z,4.866667,63.46667,32.4,29.1,83.4,25.98911,0,1,0,1,101
5520,2026-06-08T15:57:32.405Z,4.866667,63.46667,32.4,29.1,83.4,25.98911,0,1,0,1,101
5521,2026-06-08T15:59:32.400Z,4.866667,63.46667,32.4,29.1,83.4,25.98911,0,1,0,1,101
5522,2026-06-08T16:01:32.395Z,4.866667,63.46667,32.4,29.1,83.4,25.98911,0,1,0,1,101
5523,2026-06-08T16:03:32.390Z,4.866667,63.46667,32.4,29.1,83.4,25.98911,0,1,0,1,101
5524,2026-06-08T16:05:32.385Z,4.866667,63.46667,32.4,29.1,83.4,25.98911,0,1,0,1,101
5525,2026-06-08T16:07:32.380Z,4.866667,63.46667,32.4,29.1,83.4,25.98911,0,1,0,1,101
5526,2026-06-08T16:09:32.375Z,4.866667,63.46667,32.4,29.1,83.4,25.98911,0,1,0,1,101
5527,2026-06-08T16:11:32.370Z,4.733333,63.46667,32.4,29.1,83.4,25.98911,0,1,0,1,101
5528,2026-06-08T16:13:32.365Z,4.733333,63.46667,32.4,29.1,83.4,25.98911,0,1,0,1,101
5529,2026-06-08T16:15:32.360Z,4.733333,61.4,36.73333,29.1,83.4,25.98911,0,1,0,1,101
5530,2026-06-08T16:17:32.355Z,4.733333,64.4,36.73333,30.3,76.9,25.78181,0,1,0,1,101
5531,2026-06-08T16:19:32.350Z,4.733333,64.4,36.73333,30.3,76.9,25.78181,0,1,0,1,101
5532,2026-06-08T16:21:32.345Z,4.733333,64.4,36.73333,30.3,76.9,25.78181,0,1,0,1,101
5533,2026-06-08T16:23:32.340Z,4.733333,64.4,36.73333,30.3,76.9,25.78181,0,1,0,1,101
5534,2026-06-08T16:25:32.335Z,4.733333,64.4,36.73333,30.3,76.9,25.78181,0,1,0,1,101
5535,2026-06-08T16:27:32.330Z,4.733333,64.2,36.73333,30.3,77,25.80378,0,1,0,1,101
5536,2026-06-08T16:29:32.325Z,4.733333,64.2,36.73333,30.3,77,25.80378,0,1,0,1,101
5537,2026-06-08T16:31:32.320Z,4.733333,64.2,36.73333,30.3,77,25.80378,0,1,0,1,101
5538,2026-06-08T16:33:32.315Z,1.933333,64.2,36.73333,30.3,77,25.80378,0,1,0,1,101
5539,2026-06-08T16:35:32.310Z,1.933333,64.2,36.53333,30.3,77,25.80378,0,1,0,1,101
5540,2026-06-08T16:37:32.305Z,1.933333,64.2,36.53333,30.3,77,25.80378,0,1,0,1,101
5541,2026-06-08T16:39:32.300Z,1.933333,64.2,36.53333,30.3,77,25.80378,0,1,0,1,101
5542,2026-06-08T16:41:32.295Z,1.933333,64.2,36.53333,30.3,77,25.80378,0,1,0,1,101
5543,2026-06-08T16:43:32.290Z,1.933333,64.2,36.53333,30.3,77,25.80378,0,1,0,1,101
5544,2026-06-08T16:45:32.285Z,1.933333,64.2,36.53333,30.3,77,25.80378,0,1,0,1,101
5545,2026-06-08T16:47:32.280Z,1.933333,65.73333,36.53333,30.3,77.1,25.82574,0,1,0,1,101
5546,2026-06-08T16:49:32.275Z,1.933333,65.73333,36.53333,30.3,77.1,25.82574,0,1,0,1,101
5547,2026-06-08T16:51:32.270Z,1.933333,65.73333,36.53333,30.3,77.1,25.82574,0,1,0,1,101
5548,2026-06-08T16:53:32.265Z,3.266667,65.73333,36.53333,30.3,77.1,25.82574,0,1,0,1,101
5549,2026-06-08T16:55:32.260Z,3.266667,65.73333,34.86666,30.3,77.1,25.82574,0,1,0,1,101
5550,2026-06-08T16:57:32.255Z,3.266667,65.73333,34.86666,30.3,77.1,25.82574,0,1,0,1,101
5551,2026-06-08T16:59:32.250Z,3.266667,65.73333,34.86666,30.3,77.1,25.82574,0,1,0,1,101
5552,2026-06-08T17:01:32.245Z,3.266667,65.73333,34.86666,30.3,77.1,25.82574,0,1,0,1,101
5553,2026-06-08T17:03:32.240Z,3.266667,65.73333,34.86666,30.3,77.1,25.82574,0,1,0,1,101
5554,2026-06-08T17:05:32.235Z,3.266667,65.73333,34.86666,30.3,77.1,25.82574,0,1,0,1,101
5555,2026-06-08T17:07:32.230Z,3.266667,65.73333,34.86666,30.3,77.1,25.82574,0,1,0,1,101
5556,2026-06-08T17:09:32.225Z,3.266667,63.26667,34.86666,30.3,76.9,25.78181,0,1,0,1,101
5557,2026-06-08T17:11:32.220Z,3.266667,63.26667,34.86666,30.3,76.9,25.78181,0,1,0,1,101
5558,2026-06-08T17:13:32.215Z,3.266667,63.26667,34.86666,30.3,76.9,25.78181,0,1,0,1,101
5559,2026-06-08T17:15:32.210Z,4.2,63.26667,32.6,30.3,76.9,25.78181,0,1,0,1,101
5560,2026-06-08T17:17:32.205Z,4.2,63.26667,32.6,30.3,76.9,25.78181,0,1,0,1,101
5561,2026-06-08T17:19:32.200Z,4.2,63.26667,32.6,30.3,76.9,25.78181,0,1,0,1,101
5562,2026-06-08T17:21:32.195Z,4.2,63.26667,32.6,30.3,76.9,25.78181,0,1,0,1,101
5563,2026-06-08T17:23:32.190Z,4.2,63.26667,32.6,30.3,76.9,25.78181,0,1,0,1,101
5564,2026-06-08T17:25:32.185Z,4.2,63.26667,32.6,30.3,76.9,25.78181,0,1,0,1,101
5565,2026-06-08T17:27:32.180Z,4.2,63.26667,32.6,30.3,76.9,25.78181,0,1,0,1,101
5566,2026-06-08T17:29:32.175Z,4.2,63.26667,32.6,30.3,76.9,25.78181,0,1,0,1,101
5567,2026-06-08T17:31:32.170Z,4.2,65.93333,32.6,30.3,77.3,25.86957,0,1,0,1,101
5568,2026-06-08T17:33:32.165Z,4.2,65.93333,32.6,30.3,77.3,25.86957,0,1,0,1,101
5569,2026-06-08T17:35:32.160Z,4.2,65.93333,32.6,30.3,77.3,25.86957,0,1,0,1,101
5570,2026-06-08T17:37:32.155Z,1.533333,65.93333,32.8,30.3,77.3,25.86957,0,1,0,1,101
5571,2026-06-08T17:39:32.150Z,1.533333,65.93333,32.8,30.3,77.3,25.86957,0,1,0,1,101
5572,2026-06-08T17:41:32.145Z,1.533333,65.93333,32.8,30.3,77.3,25.86957,0,1,0,1,101
5573,2026-06-08T17:43:32.140Z,1.533333,65.93333,32.8,30.3,77.3,25.86957,0,1,0,1,101
5574,2026-06-08T17:45:32.135Z,1.533333,65.93333,32.8,30.3,77.3,25.86957,0,1,0,1,101
5575,2026-06-08T17:47:32.130Z,1.533333,65.93333,32.8,30.3,77.3,25.86957,0,1,0,1,101
5576,2026-06-08T17:49:32.125Z,1.533333,65.93333,32.8,30.3,77.3,25.86957,0,1,0,1,101
5577,2026-06-08T17:51:32.120Z,1.533333,65.93333,32.8,30.3,77.3,25.86957,0,1,0,1,101
5578,2026-06-08T17:53:32.115Z,1.533333,62.26667,32.8,30.3,76.8,25.7598,0,1,0,1,101
5579,2026-06-08T17:55:32.110Z,1.533333,62.26667,32.8,30.3,76.8,25.7598,0,1,0,1,101
5580,2026-06-08T17:57:32.105Z,1.533333,62.26667,32.8,30.3,76.8,25.7598,0,1,0,1,101
5581,2026-06-08T17:59:32.100Z,0.733333,62.26667,34.86666,30.3,76.8,25.7598,0,1,0,1,101
5582,2026-06-08T18:01:32.095Z,0.733333,62.26667,34.86666,30.3,76.8,25.7598,0,1,0,1,101
5583,2026-06-08T18:03:32.090Z,0.733333,62.26667,34.86666,30.3,76.8,25.7598,0,1,0,1,101
5584,2026-06-08T18:05:32.085Z,0.733333,62.26667,34.86666,30.3,76.8,25.7598,0,1,0,1,101
5585,2026-06-08T18:07:32.080Z,0.733333,62.26667,34.86666,30.3,76.8,25.7598,0,1,0,1,101
5586,2026-06-08T18:09:32.075Z,0.733333,62.26667,34.86666,30.3,76.8,25.7598,0,1,0,1,101
5587,2026-06-08T18:11:32.070Z,0.733333,62.26667,34.86666,30.3,76.8,25.7598,0,1,0,1,101
5588,2026-06-08T18:13:32.065Z,0.733333,62.6,34.86666,30.3,76.4,25.67154,0,1,0,1,101
5589,2026-06-08T18:15:32.060Z,0.733333,62.6,34.86666,30.3,76.4,25.67154,0,1,0,1,101
5590,2026-06-08T18:17:32.055Z,0.733333,62.6,34.86666,30.3,76.4,25.67154,0,1,0,1,101
5591,2026-06-08T18:19:32.050Z,0.733333,62.6,34.86666,30.3,76.4,25.67154,0,1,0,1,101
5592,2026-06-08T18:21:32.045Z,0.666667,62.6,32.66667,30.3,76.4,25.67154,0,1,0,1,101
5593,2026-06-08T18:23:32.040Z,0.666667,62.6,32.66667,30.3,76.4,25.67154,0,1,0,1,101
5594,2026-06-08T18:25:32.035Z,0.666667,62.6,32.66667,30.3,76.4,25.67154,0,1,0,1,101
5595,2026-06-08T18:27:32.030Z,0.666667,62.6,32.66667,30.3,76.4,25.67154,0,1,0,1,101
5596,2026-06-08T18:29:32.025Z,0.666667,62.6,32.66667,30.3,76.4,25.67154,0,1,0,1,101
5597,2026-06-08T18:31:32.020Z,0.666667,62.6,32.66667,30.3,76.4,25.67154,0,1,0,1,101
5598,2026-06-08T18:33:32.015Z,0.666667,62.6,32.66667,30.3,76.4,25.67154,0,1,0,1,101
5599,2026-06-08T18:35:32.010Z,0.666667,63.73333,32.66667,30.3,76.5,25.69364,0,1,0,1,101
5600,2026-06-08T18:37:32.005Z,0.666667,63.73333,32.66667,30.3,76.5,25.69364,0,1,0,1,101
5601,2026-06-08T18:39:32.000Z,0.666667,63.73333,32.66667,30.3,76.5,25.69364,0,1,0,1,101
5602,2026-06-08T18:41:31.995Z,0.6,63.73333,32.66667,30.3,76.5,25.69364,0,1,0,1,101
5603,2026-06-08T18:43:31.990Z,0.6,63.73333,34.06667,30.3,76.5,25.69364,0,1,0,1,101
5604,2026-06-08T18:45:31.985Z,0.6,63.73333,34.06667,30.3,76.5,25.69364,0,1,0,1,101
5605,2026-06-08T18:47:31.980Z,0.6,63.73333,34.06667,30.3,76.5,25.69364,0,1,0,1,101
5606,2026-06-08T18:49:31.975Z,0.6,63.73333,34.06667,30.3,76.5,25.69364,0,1,0,1,101
5607,2026-06-08T18:51:31.970Z,0.6,63.73333,34.06667,30.3,76.5,25.69364,0,1,0,1,101
5608,2026-06-08T18:53:31.965Z,0.6,63.73333,34.06667,30.3,76.5,25.69364,0,1,0,1,101
5609,2026-06-08T18:55:31.960Z,0.6,63.73333,34.06667,30.3,76.5,25.69364,0,1,0,1,101
5610,2026-06-08T18:57:31.955Z,0.6,64.46667,34.06667,30.3,77,25.80378,0,1,0,1,101
5611,2026-06-08T18:59:31.950Z,0.6,64.46667,34.06667,30.3,77,25.80378,0,1,0,1,101
5612,2026-06-08T19:01:31.945Z,0.6,64.46667,34.06667,30.3,77,25.80378,0,1,0,1,101
5613,2026-06-08T19:03:31.940Z,0,64.46667,34.06667,30.3,77,25.80378,0,1,0,1,101
5614,2026-06-08T19:05:31.935Z,0,64.46667,30.73333,30.3,77,25.80378,0,1,0,1,101
5615,2026-06-08T19:07:31.930Z,0,64.46667,30.73333,30.3,77,25.80378,0,1,0,1,101
5616,2026-06-08T19:09:31.925Z,0,64.46667,30.73333,30.3,77,25.80378,0,1,0,1,101
5617,2026-06-08T19:11:31.920Z,0,64.46667,30.73333,30.3,77,25.80378,0,1,0,1,101
5618,2026-06-08T19:13:31.915Z,0,64.46667,30.73333,30.3,77,25.80378,0,1,0,1,101
5619,2026-06-08T19:15:31.910Z,0,64.46667,30.73333,30.3,77,25.80378,0,1,0,1,101
5620,2026-06-08T19:17:31.905Z,0,62.8,30.73333,30.3,76.6,25.71572,0,1,0,1,101
5621,2026-06-08T19:19:31.900Z,0,62.8,30.73333,30.3,76.6,25.71572,0,1,0,1,101
5622,2026-06-08T19:21:31.895Z,0,62.8,30.73333,30.3,76.6,25.71572,0,1,0,1,101
5623,2026-06-08T19:23:31.890Z,0,62.8,30.73333,30.3,76.6,25.71572,0,1,0,1,101
5624,2026-06-08T19:25:31.885Z,0,62.8,30.73333,30.3,76.6,25.71572,0,1,0,1,101
5625,2026-06-08T19:27:31.880Z,0,62.8,30,30.3,76.6,25.71572,0,1,0,1,101
5626,2026-06-08T19:29:31.875Z,0,62.8,30,30.3,76.6,25.71572,0,1,0,1,101
5627,2026-06-08T19:31:31.870Z,0,62.8,30,30.3,76.6,25.71572,0,1,0,1,101
5628,2026-06-08T19:33:31.865Z,0,62.8,30,30.3,76.6,25.71572,0,1,0,1,101
5629,2026-06-08T19:35:31.860Z,0,62.8,30,30.3,76.6,25.71572,0,1,0,1,101
5630,2026-06-08T19:37:31.855Z,0,62.8,30,30.3,76.6,25.71572,0,1,0,1,101
5631,2026-06-08T19:39:31.850Z,1.8,65.4,30,30.3,76.4,25.67154,0,1,0,1,101
5632,2026-06-08T19:41:31.845Z,1.8,65.4,30,30.3,76.4,25.67154,0,1,0,1,101
5633,2026-06-08T19:43:31.840Z,1.8,65.4,30,30.3,76.4,25.67154,0,1,0,1,101
5634,2026-06-08T19:45:31.835Z,1.8,65.4,30,30.3,76.4,25.67154,0,1,0,1,101
5635,2026-06-08T19:47:31.830Z,1.8,65.4,33.53333,30.3,76.4,25.67154,0,1,0,1,101
5636,2026-06-08T19:49:31.825Z,1.8,65.4,33.53333,30.3,76.4,25.67154,0,1,0,1,101
5637,2026-06-08T19:51:31.820Z,1.8,65.4,33.53333,30.3,76.4,25.67154,0,1,0,1,101
5638,2026-06-08T19:53:31.815Z,1.8,65.4,33.53333,30.3,76.4,25.67154,0,1,0,1,101
5639,2026-06-08T19:55:31.810Z,1.8,65.4,33.53333,30.3,76.4,25.67154,0,1,0,1,101
5640,2026-06-08T19:57:31.805Z,1.8,65.4,33.53333,30.3,76.4,25.67154,0,1,0,1,101
5641,2026-06-08T19:59:31.800Z,1.8,65.4,33.53333,30.3,76.4,25.67154,0,1,0,1,101
5642,2026-06-08T20:01:31.795Z,0,63.4,33.53333,30.3,76.2,25.62725,0,1,0,1,101
5643,2026-06-08T20:03:31.790Z,0,63.4,33.53333,30.3,76.2,25.62725,0,1,0,1,101
5644,2026-06-08T20:05:31.785Z,0,63.4,33.53333,30.3,76.2,25.62725,0,1,0,1,101
5645,2026-06-08T20:07:31.780Z,0,63.4,33.53333,30.3,76.2,25.62725,0,1,0,1,101
5646,2026-06-08T20:09:31.775Z,0,63.4,29.93333,30.3,76.2,25.62725,0,1,0,1,101
5647,2026-06-08T20:11:31.770Z,0,63.4,29.93333,30.3,76.2,25.62725,0,1,0,1,101
5648,2026-06-08T20:13:31.765Z,0,63.4,29.93333,30.3,76.2,25.62725,0,1,0,1,101
5649,2026-06-08T20:15:31.760Z,0,63.4,29.93333,30.3,76.2,25.62725,0,1,0,1,101
5650,2026-06-08T20:17:31.755Z,0,63.4,29.93333,30.3,76.2,25.62725,0,1,0,1,101
5651,2026-06-08T20:19:31.750Z,0,63.4,29.93333,30.3,76.2,25.62725,0,1,0,1,101
5652,2026-06-08T20:21:31.745Z,0,63.4,29.93333,30.3,76.2,25.62725,0,1,0,1,101
5653,2026-06-08T20:23:31.740Z,0,67.33334,29.93333,30.3,76.1,25.60507,0,1,0,1,101
5654,2026-06-08T20:25:31.735Z,0,67.33334,29.93333,30.3,76.1,25.60507,0,1,0,1,101
5655,2026-06-08T20:27:31.730Z,0,67.33334,29.93333,30.3,76.1,25.60507,0,1,0,1,101
5656,2026-06-08T20:29:31.725Z,0,67.33334,29.93333,30.3,76.1,25.60507,0,1,0,1,101
5657,2026-06-08T20:31:31.720Z,0,67.33334,32.4,30.3,76.1,25.60507,0,1,0,1,101
5658,2026-06-08T20:33:31.715Z,0,67.33334,32.4,30.3,76.1,25.60507,0,1,0,1,101
5659,2026-06-08T20:35:31.710Z,0,67.33334,32.4,30.3,76.1,25.60507,0,1,0,1,101
5660,2026-06-08T20:37:31.705Z,0,67.33334,32.4,30.3,76.1,25.60507,0,1,0,1,101
5661,2026-06-08T20:39:31.700Z,0,67.33334,32.4,30.3,76.1,25.60507,0,1,0,1,101
5662,2026-06-08T20:41:31.695Z,0,65.66666,32.4,31.6,69.8,25.39461,0,1,0,1,101
5663,2026-06-08T20:43:31.690Z,0,65.66666,32.4,31.6,69.8,25.39461,0,1,0,1,101
5664,2026-06-08T20:45:31.685Z,0,65.66666,32.4,31.6,69.8,25.39461,0,1,0,1,101
5665,2026-06-08T20:47:31.680Z,0,65.66666,32.4,31.6,69.8,25.39461,0,1,0,1,101
5666,2026-06-08T20:49:31.675Z,0,65.66666,32.4,31.6,69.8,25.39461,0,1,0,1,101
5667,2026-06-08T20:51:31.670Z,0,65.73333,32.4,31.6,69.1,25.22476,0,1,0,1,101
5668,2026-06-08T20:53:31.665Z,0,65.73333,28.93333,31.6,69.1,25.22476,0,1,0,1,101
5669,2026-06-08T20:55:31.660Z,0,65.73333,28.93333,31.6,69.1,25.22476,0,1,0,1,101
5670,2026-06-08T20:57:31.655Z,0,65.73333,28.93333,31.6,69.1,25.22476,0,1,0,1,101
5671,2026-06-08T20:59:31.650Z,0,65.73333,28.93333,31.6,69.1,25.22476,0,1,0,1,101
5672,2026-06-08T21:01:31.645Z,0,65.73333,28.93333,31.6,69.1,25.22476,0,1,0,1,101
5673,2026-06-08T21:03:31.640Z,0,65.73333,28.93333,31.6,69.1,25.22476,0,1,0,1,101
5674,2026-06-08T21:05:31.635Z,0,65.73333,28.93333,31.6,69.1,25.22476,0,1,0,1,101
5675,2026-06-08T21:07:31.630Z,0.733333,65.73333,28.93333,31.6,69.1,25.22476,0,1,0,1,101
5676,2026-06-08T21:09:31.625Z,0.733333,65.73333,28.93333,31.6,69.1,25.22476,0,1,0,1,101
5677,2026-06-08T21:11:31.620Z,0.733333,65.73333,28.93333,31.6,69.1,25.22476,0,1,0,1,101
5678,2026-06-08T21:13:31.615Z,0.733333,68.33334,28.93333,31.6,68.7,25.12703,0,1,0,1,101
5679,2026-06-08T21:15:31.610Z,0.733333,68.33334,32,31.6,68.7,25.12703,0,1,0,1,101
5680,2026-06-08T21:17:31.605Z,0.733333,68.33334,32,31.6,68.7,25.12703,0,1,0,1,101
5681,2026-06-08T21:19:31.600Z,0.733333,68.33334,32,31.6,68.7,25.12703,0,1,0,1,101
5682,2026-06-08T21:21:31.595Z,0.733333,68.33334,32,31.6,68.7,25.12703,0,1,0,1,101
5683,2026-06-08T21:23:31.590Z,0.733333,68.33334,32,31.6,68.7,25.12703,0,1,0,1,101
5684,2026-06-08T21:25:31.585Z,0.733333,68.33334,32,31.6,68.7,25.12703,0,1,0,1,101
5685,2026-06-08T21:27:31.580Z,0.733333,68.33334,32,31.6,68.7,25.12703,0,1,0,1,101
5686,2026-06-08T21:29:31.575Z,0,68.33334,32,31.6,68.7,25.12703,0,1,0,1,101
5687,2026-06-08T21:31:31.570Z,0,68.33334,32,31.6,68.7,25.12703,0,1,0,1,101
5688,2026-06-08T21:33:31.565Z,0,68.33334,32,31.6,68.7,25.12703,0,1,0,1,101
5689,2026-06-08T21:35:31.560Z,0,63.66667,32,31.5,68.7,25.03178,0,1,0,1,101
5690,2026-06-08T21:37:31.555Z,0,63.66667,28.26667,31.5,68.7,25.03178,0,1,0,1,101
5691,2026-06-08T21:39:31.550Z,0,63.66667,28.26667,31.5,68.7,25.03178,0,1,0,1,101
5692,2026-06-08T21:41:31.545Z,0,63.66667,28.26667,31.5,68.7,25.03178,0,1,0,1,101
5693,2026-06-08T21:43:31.540Z,0,63.66667,28.26667,31.5,68.7,25.03178,0,1,0,1,101
5694,2026-06-08T21:45:31.535Z,0,63.66667,28.26667,31.5,68.7,25.03178,0,1,0,1,101
5695,2026-06-08T21:47:31.530Z,0,63.66667,28.26667,31.5,68.7,25.03178,0,1,0,1,101
5696,2026-06-08T21:49:31.525Z,0,63.66667,28.26667,31.5,68.7,25.03178,0,1,0,1,101
5697,2026-06-08T21:51:31.520Z,0,63.66667,28.26667,31.5,68.7,25.03178,0,1,0,1,101
5698,2026-06-08T21:53:31.515Z,0,63.66667,28.26667,31.5,68.7,25.03178,0,1,0,1,101
5699,2026-06-08T21:55:31.510Z,0,64.73333,28.26667,31.6,69.2,25.24911,0,1,0,1,101
5700,2026-06-08T21:57:31.505Z,0,64.73333,28.26667,31.6,69.2,25.24911,0,1,0,1,101
5701,2026-06-08T21:59:31.500Z,0,64.73333,31,31.6,69.2,25.24911,0,1,0,1,101
5702,2026-06-08T22:01:31.495Z,0,64.73333,31,31.6,69.2,25.24911,0,1,0,1,101
5703,2026-06-08T22:03:31.490Z,0,64.73333,31,31.6,69.2,25.24911,0,1,0,1,101
5704,2026-06-08T22:05:31.485Z,0,64.73333,31,31.6,69.2,25.24911,0,1,0,1,101
5705,2026-06-08T22:07:31.480Z,0,64.73333,31,31.6,69.2,25.24911,0,1,0,1,101
5706,2026-06-08T22:09:31.475Z,0,64.73333,31,31.6,69.2,25.24911,0,1,0,1,101
5707,2026-06-08T22:11:31.470Z,0,64.73333,31,31.6,69.2,25.24911,0,1,0,1,101
5708,2026-06-08T22:13:31.465Z,0,64.73333,31,31.6,69.2,25.24911,0,1,0,1,101
5709,2026-06-08T22:15:31.460Z,0,64.73333,31,31.6,69.2,25.24911,0,1,0,1,101
5710,2026-06-08T22:17:31.455Z,0,66.2,31,31.6,68.4,25.05341,0,1,0,1,101
5711,2026-06-08T22:19:31.450Z,0,66.2,31,31.6,68.4,25.05341,0,1,0,1,101
5712,2026-06-08T22:21:31.445Z,0,66.2,30.4,31.6,68.4,25.05341,0,1,0,1,101
5713,2026-06-08T22:23:31.440Z,0,66.2,30.4,31.6,68.4,25.05341,0,1,0,1,101
5714,2026-06-08T22:25:31.435Z,0,66.2,30.4,31.6,68.4,25.05341,0,1,0,1,101
5715,2026-06-08T22:27:31.430Z,0,66.2,30.4,31.6,68.4,25.05341,0,1,0,1,101
5716,2026-06-08T22:29:31.425Z,0,66.2,30.4,31.6,68.4,25.05341,0,1,0,1,101
5717,2026-06-08T22:31:31.420Z,0,66.2,30.4,31.6,68.4,25.05341,0,1,0,1,101
5718,2026-06-08T22:33:31.415Z,0,66.2,30.4,31.6,68.4,25.05341,0,1,0,1,101
5719,2026-06-08T22:35:31.410Z,0,66.2,30.4,31.6,68.4,25.05341,0,1,0,1,101
5720,2026-06-08T22:37:31.405Z,0,66.2,30.4,31.6,68.4,25.05341,0,1,0,1,101
5721,2026-06-08T22:39:31.400Z,0,64.86667,30.4,31.5,68.2,24.909,0,1,0,1,101
5722,2026-06-08T22:41:31.395Z,0,64.86667,30.4,31.5,68.2,24.909,0,1,0,1,101
5723,2026-06-08T22:43:31.390Z,0,64.86667,26.2,31.5,68.2,24.909,0,1,0,1,101
5724,2026-06-08T22:45:31.385Z,0,64.86667,26.2,31.5,68.2,24.909,0,1,0,1,101
5725,2026-06-08T22:47:31.380Z,0,64.86667,26.2,31.5,68.2,24.909,0,1,0,1,101
5726,2026-06-08T22:49:31.375Z,0,64.86667,26.2,31.5,68.2,24.909,0,1,0,1,101
5727,2026-06-08T22:51:31.370Z,0,64.86667,26.2,31.5,68.2,24.909,0,1,0,1,101
5728,2026-06-08T22:53:31.365Z,0,64.86667,26.2,31.5,68.2,24.909,0,1,0,1,101
5729,2026-06-08T22:55:31.360Z,0,64.86667,26.2,31.5,68.2,24.909,0,1,0,1,101
5730,2026-06-08T22:57:31.355Z,0,64.86667,26.2,31.5,68.2,24.909,0,1,0,1,101
5731,2026-06-08T22:59:31.350Z,0,64.86667,26.2,31.5,68.2,24.909,0,1,0,1,101
5732,2026-06-08T23:01:31.345Z,0,67.4,26.2,31.5,68.9,25.08067,0,1,0,1,101
5733,2026-06-08T23:03:31.340Z,0,67.4,26.2,31.5,68.9,25.08067,0,1,0,1,101
5734,2026-06-08T23:05:31.335Z,0,67.4,26.73333,31.5,68.9,25.08067,0,1,0,1,101
5735,2026-06-08T23:07:31.330Z,0,67.4,26.73333,31.5,68.9,25.08067,0,1,0,1,101
5736,2026-06-08T23:09:31.325Z,0,67.4,26.73333,31.5,68.9,25.08067,0,1,0,1,101
5737,2026-06-08T23:11:31.320Z,0,67.4,26.73333,31.5,68.9,25.08067,0,1,0,1,101
5738,2026-06-08T23:13:31.315Z,0,67.4,26.73333,31.5,68.9,25.08067,0,1,0,1,101
5739,2026-06-08T23:15:31.310Z,0,67.4,26.73333,31.5,68.9,25.08067,0,1,0,1,101
5740,2026-06-08T23:17:31.305Z,0,67.4,26.73333,31.5,68.9,25.08067,0,1,0,1,101
5741,2026-06-08T23:19:31.300Z,0,67.4,26.73333,31.5,68.9,25.08067,0,1,0,1,101
5742,2026-06-08T23:21:31.295Z,0,67.4,26.73333,31.5,68.9,25.08067,0,1,0,1,101
5743,2026-06-08T23:23:31.290Z,0,66,26.73333,31.6,69,25.20038,0,1,0,1,101
5744,2026-06-08T23:25:31.285Z,0,66,28.86667,31.6,69,25.20038,0,1,0,1,101
5745,2026-06-08T23:27:31.280Z,0,66,28.86667,31.6,69,25.20038,0,1,0,1,101
5746,2026-06-08T23:29:31.275Z,0,66,28.86667,31.6,69,25.20038,0,1,0,1,101
5747,2026-06-08T23:31:31.270Z,0,66,28.86667,31.6,69,25.20038,0,1,0,1,101
5748,2026-06-08T23:33:31.265Z,0,66,28.86667,31.6,69,25.20038,0,1,0,1,101
5749,2026-06-08T23:35:31.260Z,0,66,28.86667,31.6,69,25.20038,0,1,0,1,101
5750,2026-06-08T23:37:31.255Z,0,66,28.86667,31.6,69,25.20038,0,1,0,1,101
5751,2026-06-08T23:39:31.250Z,0,66,28.86667,31.6,69,25.20038,0,1,0,1,101
5752,2026-06-08T23:41:31.245Z,0,66,28.86667,31.6,69,25.20038,0,1,0,1,101
5753,2026-06-08T23:43:31.240Z,0,66,28.86667,31.6,69,25.20038,0,1,0,1,101
5754,2026-06-08T23:45:31.235Z,0,67.66666,28.86667,31.6,69,25.20038,0,1,0,1,101
5755,2026-06-08T23:47:31.230Z,0,67.66666,27.26667,31.6,69,25.20038,0,1,0,1,101
5756,2026-06-08T23:49:31.225Z,0,67.66666,27.26667,31.6,69,25.20038,0,1,0,1,101
5757,2026-06-08T23:51:31.220Z,0,67.66666,27.26667,31.6,69,25.20038,0,1,0,1,101
5758,2026-06-08T23:53:31.215Z,0,67.66666,27.26667,31.6,69,25.20038,0,1,0,1,101
5759,2026-06-08T23:55:31.210Z,0,67.66666,27.26667,31.6,69,25.20038,0,1,0,1,101
5760,2026-06-08T23:57:31.205Z,0,67.66666,27.26667,31.6,69,25.20038,0,1,0,1,101
5761,2026-06-08T23:59:31.200Z,0,67.66666,27.26667,31.6,69,25.20038,0,1,0,1,101
5762,2026-06-09T00:01:31.195Z,0,67.66666,27.26667,31.6,69,25.20038,0,1,0,1,101
5763,2026-06-09T00:03:31.190Z,0,67.66666,27.26667,31.6,69,25.20038,0,1,0,1,101
5764,2026-06-09T00:05:31.185Z,0,67.4,27.26667,31.7,69.6,25.44164,0,1,0,1,101
5765,2026-06-09T00:07:31.180Z,0,67.4,27.26667,31.7,69.6,25.44164,0,1,0,1,101
5766,2026-06-09T00:09:31.175Z,0,67.4,25.8,31.7,69.6,25.44164,0,1,0,1,101
5767,2026-06-09T00:11:31.170Z,0,67.4,25.8,31.7,69.6,25.44164,0,1,0,1,101
5768,2026-06-09T00:13:31.165Z,0,67.4,25.8,31.7,69.6,25.44164,0,1,0,1,101
5769,2026-06-09T00:15:31.160Z,0,67.4,25.8,31.7,69.6,25.44164,0,1,0,1,101
5770,2026-06-09T00:17:31.155Z,0,67.4,25.8,31.7,69.6,25.44164,0,1,0,1,101
5771,2026-06-09T00:19:31.150Z,0,67.4,25.8,31.7,69.6,25.44164,0,1,0,1,101
5772,2026-06-09T00:21:31.145Z,0,67.4,25.8,31.7,69.6,25.44164,0,1,0,1,101
5773,2026-06-09T00:23:31.140Z,0,67.4,25.8,31.7,69.6,25.44164,0,1,0,1,101
5774,2026-06-09T00:25:31.135Z,0,67.4,25.8,31.7,69.6,25.44164,0,1,0,1,101
5775,2026-06-09T00:27:31.130Z,0,64.86667,25.8,31.7,70.3,25.61055,0,1,0,1,101
5776,2026-06-09T00:29:31.125Z,0,64.86667,27.6,31.7,70.3,25.61055,0,1,0,1,101
5777,2026-06-09T00:31:31.120Z,0,64.86667,27.6,31.7,70.3,25.61055,0,1,0,1,101
5778,2026-06-09T00:33:31.115Z,0,64.86667,27.6,31.7,70.3,25.61055,0,1,0,1,101
5779,2026-06-09T00:35:31.110Z,0,64.86667,27.6,31.7,70.3,25.61055,0,1,0,1,101
5780,2026-06-09T00:37:31.105Z,0,64.86667,27.6,31.7,70.3,25.61055,0,1,0,1,101
5781,2026-06-09T00:39:31.100Z,0,64.86667,27.6,31.7,70.3,25.61055,0,1,0,1,101
5782,2026-06-09T00:41:31.095Z,0,64.86667,27.6,31.7,70.3,25.61055,0,1,0,1,101
5783,2026-06-09T00:43:31.090Z,0,64.86667,27.6,31.7,70.3,25.61055,0,1,0,1,101
5784,2026-06-09T00:45:31.085Z,0,64.86667,27.6,31.7,70.3,25.61055,0,1,0,1,101
5785,2026-06-09T00:47:31.080Z,0,67.93333,27.6,31.7,69.6,25.44164,0,1,0,1,101
5786,2026-06-09T00:49:31.075Z,0,67.93333,27.6,31.7,69.6,25.44164,0,1,0,1,101
5787,2026-06-09T00:51:31.070Z,0,67.93333,23.93333,31.7,69.6,25.44164,0,1,0,1,101
5788,2026-06-09T00:53:31.065Z,0,67.93333,23.93333,31.7,69.6,25.44164,0,1,0,1,101
5789,2026-06-09T00:55:31.060Z,0,67.93333,23.93333,31.7,69.6,25.44164,0,1,0,1,101
5790,2026-06-09T00:57:31.055Z,0,67.93333,23.93333,31.7,69.6,25.44164,0,1,0,1,101
5791,2026-06-09T00:59:31.050Z,0,67.93333,23.93333,31.7,69.6,25.44164,0,1,0,1,101
5792,2026-06-09T01:01:31.045Z,0,67.93333,23.93333,31.7,69.6,25.44164,0,1,0,1,101
5793,2026-06-09T01:03:31.040Z,0,67.93333,23.93333,31.7,69.6,25.44164,0,1,0,1,101
5794,2026-06-09T01:05:31.035Z,0,67.93333,23.93333,31.7,69.6,25.44164,0,1,0,1,101
5795,2026-06-09T01:07:31.030Z,0,67.93333,23.93333,31.7,69.6,25.44164,0,1,0,1,101
5796,2026-06-09T01:09:31.025Z,0,67.46667,23.93333,31.7,69.1,25.32008,0,1,0,1,101
5797,2026-06-09T01:11:31.020Z,0,67.46667,23.93333,31.7,69.1,25.32008,0,1,0,1,101
5798,2026-06-09T01:13:31.015Z,0,67.46667,26.06667,31.7,69.1,25.32008,0,1,0,1,101
5799,2026-06-09T01:15:31.010Z,0,67.46667,26.06667,31.7,69.1,25.32008,0,1,0,1,101
5800,2026-06-09T01:17:31.005Z,0,67.46667,26.06667,31.7,69.1,25.32008,0,1,0,1,101
5801,2026-06-09T01:19:31.000Z,0,67.46667,26.06667,31.7,69.1,25.32008,0,1,0,1,101
5802,2026-06-09T01:21:30.995Z,0,67.46667,26.06667,31.7,69.1,25.32008,0,1,0,1,101
5803,2026-06-09T01:23:30.990Z,0,67.46667,26.06667,31.7,69.1,25.32008,0,1,0,1,101
5804,2026-06-09T01:25:30.985Z,0,67.46667,26.06667,31.7,69.1,25.32008,0,1,0,1,101
5805,2026-06-09T01:27:30.980Z,0,67.46667,26.06667,31.7,69.1,25.32008,0,1,0,1,101
5806,2026-06-09T01:29:30.975Z,0,67.46667,26.06667,31.7,69.1,25.32008,0,1,0,1,101
5807,2026-06-09T01:31:30.970Z,0,64.13333,26.06667,31.7,68.9,25.27125,0,1,0,1,101
5808,2026-06-09T01:33:30.965Z,0,64.13333,26.06667,31.7,68.9,25.27125,0,1,0,1,101
5809,2026-06-09T01:35:30.960Z,0,64.13333,25.13333,31.7,68.9,25.27125,0,1,0,1,101
5810,2026-06-09T01:37:30.955Z,0,64.13333,25.13333,31.7,68.9,25.27125,0,1,0,1,101
5811,2026-06-09T01:39:30.950Z,0,64.13333,25.13333,31.7,68.9,25.27125,0,1,0,1,101
5812,2026-06-09T01:41:30.945Z,0,64.13333,25.13333,31.7,68.9,25.27125,0,1,0,1,101
5813,2026-06-09T01:43:30.940Z,0,64.13333,25.13333,31.7,68.9,25.27125,0,1,0,1,101
5814,2026-06-09T01:45:30.935Z,0,64.13333,25.13333,31.7,68.9,25.27125,0,1,0,1,101
5815,2026-06-09T01:47:30.930Z,0,64.13333,25.13333,31.7,68.9,25.27125,0,1,0,1,101
5816,2026-06-09T01:49:30.925Z,0,64.13333,25.13333,31.7,68.9,25.27125,0,1,0,1,101
5817,2026-06-09T01:51:30.920Z,0,64.13333,25.13333,31.7,68.9,25.27125,0,1,0,1,101
5818,2026-06-09T01:53:30.915Z,0,67.2,25.13333,31.7,68.9,25.27125,0,1,0,1,101
5819,2026-06-09T01:55:30.910Z,0,67.2,25.13333,31.7,68.9,25.27125,0,1,0,1,101
5820,2026-06-09T01:57:30.905Z,0,67.2,26.06667,31.7,68.9,25.27125,0,1,0,1,101
5821,2026-06-09T01:59:30.900Z,0,67.2,26.06667,31.7,68.9,25.27125,0,1,0,1,101
5822,2026-06-09T02:01:30.895Z,0,67.2,26.06667,31.7,68.9,25.27125,0,1,0,1,101
5823,2026-06-09T02:03:30.890Z,0,67.2,26.06667,31.7,68.9,25.27125,0,1,0,1,101
5824,2026-06-09T02:05:30.885Z,0,67.2,26.06667,31.7,68.9,25.27125,0,1,0,1,101
5825,2026-06-09T02:07:30.880Z,0,67.2,26.06667,31.7,68.9,25.27125,0,1,0,1,101
5826,2026-06-09T02:09:30.875Z,0,67.2,26.06667,31.7,68.9,25.27125,0,1,0,1,101
5827,2026-06-09T02:11:30.870Z,0,67.2,26.06667,31.7,68.9,25.27125,0,1,0,1,101
5828,2026-06-09T02:13:30.865Z,0,67.2,26.06667,31.7,68.9,25.27125,0,1,0,1,101
5829,2026-06-09T02:15:30.860Z,0,65.73333,26.06667,31.8,68.8,25.34204,0,1,0,1,101
5830,2026-06-09T02:17:30.855Z,0,65.73333,26.06667,31.8,68.8,25.34204,0,1,0,1,101
5831,2026-06-09T02:19:30.850Z,0,65.73333,22.8,31.8,68.8,25.34204,0,1,0,1,101
5832,2026-06-09T02:21:30.845Z,0,65.73333,22.8,31.8,68.8,25.34204,0,1,0,1,101
5833,2026-06-09T02:23:30.840Z,0,65.73333,22.8,31.8,68.8,25.34204,0,1,0,1,101
5834,2026-06-09T02:25:30.835Z,0,65.73333,22.8,31.8,68.8,25.34204,0,1,0,1,101
5835,2026-06-09T02:27:30.830Z,0,65.73333,22.8,31.8,68.8,25.34204,0,1,0,1,101
5836,2026-06-09T02:29:30.825Z,0,65.73333,22.8,31.8,68.8,25.34204,0,1,0,1,101
5837,2026-06-09T02:31:30.820Z,0,65.73333,22.8,31.8,68.8,25.34204,0,1,0,1,101
5838,2026-06-09T02:33:30.815Z,0,65.73333,22.8,31.8,68.8,25.34204,0,1,0,1,101
5839,2026-06-09T02:35:30.810Z,0,65.73333,22.8,31.8,68.8,25.34204,0,1,0,1,101
5840,2026-06-09T02:37:30.805Z,0,66.93333,22.8,31.7,68.3,25.12399,0,1,0,1,101
5841,2026-06-09T02:39:30.800Z,0,66.93333,22.8,31.7,68.3,25.12399,0,1,0,1,101
5842,2026-06-09T02:41:30.795Z,0,66.93333,26.93333,31.7,68.3,25.12399,0,1,0,1,101
5843,2026-06-09T02:43:30.790Z,0,66.93333,26.93333,31.7,68.3,25.12399,0,1,0,1,101
5844,2026-06-09T02:45:30.785Z,0,66.93333,26.93333,31.7,68.3,25.12399,0,1,0,1,101
5845,2026-06-09T02:47:30.780Z,0,66.93333,26.93333,31.7,68.3,25.12399,0,1,0,1,101
5846,2026-06-09T02:49:30.775Z,0,66.93333,26.93333,31.7,68.3,25.12399,0,1,0,1,101
5847,2026-06-09T02:51:30.770Z,0,66.93333,26.93333,31.7,68.3,25.12399,0,1,0,1,101
5848,2026-06-09T02:53:30.765Z,0,66.93333,26.93333,31.7,68.3,25.12399,0,1,0,1,101
5849,2026-06-09T02:55:30.760Z,0,66.93333,26.93333,31.7,68.3,25.12399,0,1,0,1,101
5850,2026-06-09T02:57:30.755Z,0,66.93333,26.93333,31.7,68.3,25.12399,0,1,0,1,101
5851,2026-06-09T02:59:30.750Z,0,66.26667,26.93333,31.7,68.1,25.07465,0,1,0,1,101
5852,2026-06-09T03:01:30.745Z,0,66.26667,26.93333,31.7,68.1,25.07465,0,1,0,1,101
5853,2026-06-09T03:03:30.740Z,0,66.26667,23.6,31.7,68.1,25.07465,0,1,0,1,101
5854,2026-06-09T03:05:30.735Z,0,66.26667,23.6,31.7,68.1,25.07465,0,1,0,1,101
5855,2026-06-09T03:07:30.730Z,0,66.26667,23.6,31.7,68.1,25.07465,0,1,0,1,101
5856,2026-06-09T03:09:30.725Z,0,66.26667,23.6,31.7,68.1,25.07465,0,1,0,1,101
5857,2026-06-09T03:11:30.720Z,0,66.26667,23.6,31.7,68.1,25.07465,0,1,0,1,101
5858,2026-06-09T03:13:30.715Z,0,66.26667,23.6,31.7,68.1,25.07465,0,1,0,1,101
5859,2026-06-09T03:15:30.710Z,0,66.26667,23.6,31.7,68.1,25.07465,0,1,0,1,101
5860,2026-06-09T03:17:30.705Z,0,66.26667,23.6,31.7,68.1,25.07465,0,1,0,1,101
5861,2026-06-09T03:19:30.700Z,0,66.26667,23.6,31.7,68.1,25.07465,0,1,0,1,101
5862,2026-06-09T03:21:30.695Z,0,68.06667,23.6,31.8,68.3,25.21916,0,1,0,1,101
5863,2026-06-09T03:23:30.690Z,0,68.06667,23.6,31.8,68.3,25.21916,0,1,0,1,101
5864,2026-06-09T03:25:30.685Z,0,68.06667,25.26667,31.8,68.3,25.21916,0,1,0,1,101
5865,2026-06-09T03:27:30.680Z,0,68.06667,25.26667,31.8,68.3,25.21916,0,1,0,1,101
5866,2026-06-09T03:29:30.675Z,0,68.06667,25.26667,31.8,68.3,25.21916,0,1,0,1,101
5867,2026-06-09T03:31:30.670Z,0,68.06667,25.26667,31.8,68.3,25.21916,0,1,0,1,101
5868,2026-06-09T03:33:30.665Z,0,68.06667,25.26667,31.8,68.3,25.21916,0,1,0,1,101
5869,2026-06-09T03:35:30.660Z,0,68.06667,25.26667,31.8,68.3,25.21916,0,1,0,1,101
5870,2026-06-09T03:37:30.655Z,0,68.06667,25.26667,31.8,68.3,25.21916,0,1,0,1,101
5871,2026-06-09T03:39:30.650Z,0,68.06667,25.26667,31.8,68.3,25.21916,0,1,0,1,101
5872,2026-06-09T03:41:30.645Z,0,68.06667,25.26667,31.8,68.3,25.21916,0,1,0,1,101
5873,2026-06-09T03:43:30.640Z,0,65.93333,25.26667,31.8,68.1,25.16979,0,1,0,1,101
5874,2026-06-09T03:45:30.635Z,0,65.93333,25.26667,31.8,68.1,25.16979,0,1,0,1,101
5875,2026-06-09T03:47:30.630Z,0,65.93333,22.8,31.8,68.1,25.16979,0,1,0,1,101
5876,2026-06-09T03:49:30.625Z,0,65.93333,22.8,31.8,68.1,25.16979,0,1,0,1,101
5877,2026-06-09T03:51:30.620Z,0,65.93333,22.8,31.8,68.1,25.16979,0,1,0,1,101
5878,2026-06-09T03:53:30.615Z,0,65.93333,22.8,31.8,68.1,25.16979,0,1,0,1,101
5879,2026-06-09T03:55:30.610Z,0,65.93333,22.8,31.8,68.1,25.16979,0,1,0,1,101
5880,2026-06-09T03:57:30.605Z,0,65.93333,22.8,31.8,68.1,25.16979,0,1,0,1,101
5881,2026-06-09T03:59:30.600Z,0,65.93333,22.8,31.8,68.1,25.16979,0,1,0,1,101
5882,2026-06-09T04:01:30.595Z,0,65.93333,22.8,31.8,68.1,25.16979,0,1,0,1,101
5883,2026-06-09T04:03:30.590Z,0,65.93333,22.8,31.8,68.1,25.16979,0,1,0,1,101
5884,2026-06-09T04:05:30.585Z,0,66.86667,22.8,31.8,68.3,25.21916,0,1,0,1,101
5885,2026-06-09T04:07:30.580Z,0,66.86667,22.8,31.8,68.3,25.21916,0,1,0,1,101
5886,2026-06-09T04:09:30.575Z,0,66.86667,20.26667,31.8,68.3,25.21916,0,1,0,1,101
5887,2026-06-09T04:11:30.570Z,0,66.86667,20.26667,31.8,68.3,25.21916,0,1,0,1,101
5888,2026-06-09T04:13:30.565Z,0,66.86667,20.26667,31.8,68.3,25.21916,0,1,0,1,101
5889,2026-06-09T04:15:30.560Z,0,66.86667,20.26667,31.8,68.3,25.21916,0,1,0,1,101
5890,2026-06-09T04:17:30.555Z,0,66.86667,20.26667,31.8,68.3,25.21916,0,1,0,1,101
5891,2026-06-09T04:19:30.550Z,0,66.86667,20.26667,31.8,68.3,25.21916,0,1,0,1,101
5892,2026-06-09T04:21:30.545Z,0,66.86667,20.26667,31.8,68.3,25.21916,0,1,0,1,101
5893,2026-06-09T04:23:30.540Z,0,66.86667,20.26667,31.8,68.3,25.21916,0,1,0,1,101
5894,2026-06-09T04:25:30.535Z,0,66.86667,20.26667,31.8,68.3,25.21916,0,1,0,1,101
5895,2026-06-09T04:27:30.530Z,0,65.13333,20.26667,31.8,68.1,25.16979,0,1,0,1,101
5896,2026-06-09T04:29:30.525Z,0,65.13333,20.26667,31.8,68.1,25.16979,0,1,0,1,101
5897,2026-06-09T04:31:30.520Z,0,65.13333,20.4,31.8,68.1,25.16979,0,1,0,1,101
5898,2026-06-09T04:33:30.515Z,0,65.13333,20.4,31.8,68.1,25.16979,0,1,0,1,101
5899,2026-06-09T04:35:30.510Z,0,65.13333,20.4,31.8,68.1,25.16979,0,1,0,1,101
5900,2026-06-09T04:37:30.505Z,0,65.13333,20.4,31.8,68.1,25.16979,0,1,0,1,101
5901,2026-06-09T04:39:30.500Z,0,65.13333,20.4,31.8,68.1,25.16979,0,1,0,1,101
5902,2026-06-09T04:41:30.495Z,0,65.13333,20.4,31.8,68.1,25.16979,0,1,0,1,101
5903,2026-06-09T04:43:30.490Z,0,65.13333,20.4,31.8,68.1,25.16979,0,1,0,1,101
5904,2026-06-09T04:45:30.485Z,0,65.13333,20.4,31.8,68.1,25.16979,0,1,0,1,101
5905,2026-06-09T04:47:30.480Z,0,66,20.4,31.9,68.2,25.28965,0,1,0,1,101
5906,2026-06-09T04:49:30.475Z,0,66,20.4,31.9,68.2,25.28965,0,1,0,1,101
5907,2026-06-09T04:51:30.470Z,0,66,20.4,31.9,68.2,25.28965,0,1,0,1,101
5908,2026-06-09T04:53:30.465Z,0,66,19.53333,31.9,68.2,25.28965,0,1,0,1,101
5909,2026-06-09T04:55:30.460Z,0,66,19.53333,31.9,68.2,25.28965,0,1,0,1,101
5910,2026-06-09T04:57:30.455Z,0,66,19.53333,31.9,68.2,25.28965,0,1,0,1,101
5911,2026-06-09T04:59:30.450Z,0,66,19.53333,31.9,68.2,25.28965,0,1,0,1,101
5912,2026-06-09T05:01:30.445Z,0,66,19.53333,31.9,68.2,25.28965,0,1,0,1,101
5913,2026-06-09T05:03:30.440Z,0,66,19.53333,31.9,68.2,25.28965,0,1,0,1,101
5914,2026-06-09T05:05:30.435Z,0,66,19.53333,31.9,68.2,25.28965,0,1,0,1,101
5915,2026-06-09T05:07:30.430Z,0,66,19.53333,31.9,68.2,25.28965,0,1,0,1,101
5916,2026-06-09T05:09:30.425Z,0,68.26667,19.53333,31.9,68,25.24018,0,1,0,1,101
5917,2026-06-09T05:11:30.420Z,0,68.26667,19.53333,31.9,68,25.24018,0,1,0,1,101
5918,2026-06-09T05:13:30.415Z,0,68.26667,23.46667,31.9,68,25.24018,0,1,0,1,101
5919,2026-06-09T05:15:30.410Z,0,68.26667,23.46667,31.9,68,25.24018,0,1,0,1,101
5920,2026-06-09T05:17:30.405Z,0,68.26667,23.46667,31.9,68,25.24018,0,1,0,1,101
5921,2026-06-09T05:19:30.400Z,0,68.26667,23.46667,31.9,68,25.24018,0,1,0,1,101
5922,2026-06-09T05:21:30.395Z,0,68.26667,23.46667,31.9,68,25.24018,0,1,0,1,101
5923,2026-06-09T05:23:30.390Z,0,68.26667,23.46667,31.9,68,25.24018,0,1,0,1,101
5924,2026-06-09T05:25:30.385Z,0,68.26667,23.46667,31.9,68,25.24018,0,1,0,1,101
5925,2026-06-09T05:27:30.380Z,0,68.26667,23.46667,31.9,68,25.24018,0,1,0,1,101
5926,2026-06-09T05:29:30.375Z,0,68.26667,23.46667,31.9,68,25.24018,0,1,0,1,101
5927,2026-06-09T05:31:30.370Z,0,65.4,23.46667,31.9,67.7,25.16573,0,1,0,1,101
5928,2026-06-09T05:33:30.365Z,0,65.4,23.46667,31.9,67.7,25.16573,0,1,0,1,101
5929,2026-06-09T05:35:30.360Z,0,65.4,23.86667,31.9,67.7,25.16573,0,1,0,1,101
5930,2026-06-09T05:37:30.355Z,0,65.4,23.86667,31.9,67.7,25.16573,0,1,0,1,101
5931,2026-06-09T05:39:30.350Z,0,65.4,23.86667,31.9,67.7,25.16573,0,1,0,1,101
5932,2026-06-09T05:41:30.345Z,0,65.4,23.86667,31.9,67.7,25.16573,0,1,0,1,101
5933,2026-06-09T05:43:30.340Z,0,65.4,23.86667,31.9,67.7,25.16573,0,1,0,1,101
5934,2026-06-09T05:45:30.335Z,0,65.4,23.86667,31.9,67.7,25.16573,0,1,0,1,101
5935,2026-06-09T05:47:30.330Z,0,65.4,23.86667,31.9,67.7,25.16573,0,1,0,1,101
5936,2026-06-09T05:49:30.325Z,0,65.4,23.86667,31.9,67.7,25.16573,0,1,0,1,101
5937,2026-06-09T05:51:30.320Z,0,65.4,23.86667,31.9,67.7,25.16573,0,1,0,1,101
5938,2026-06-09T05:53:30.315Z,0,65.8,23.86667,31.9,67.6,25.14085,0,1,0,1,101
5939,2026-06-09T05:55:30.310Z,0,65.8,23.86667,31.9,67.6,25.14085,0,1,0,1,101
5940,2026-06-09T05:57:30.305Z,0,65.8,22.06667,31.9,67.6,25.14085,0,1,0,1,101
5941,2026-06-09T05:59:30.300Z,0,65.8,22.06667,31.9,67.6,25.14085,0,1,0,1,101
5942,2026-06-09T06:01:30.295Z,0,65.8,22.06667,31.9,67.6,25.14085,0,1,0,1,101
5943,2026-06-09T06:03:30.290Z,0,65.8,22.06667,31.9,67.6,25.14085,0,1,0,1,101
5944,2026-06-09T06:05:30.285Z,0,65.8,22.06667,31.9,67.6,25.14085,0,1,0,1,101
5945,2026-06-09T06:07:30.280Z,0,65.8,22.06667,31.9,67.6,25.14085,0,1,0,1,101
5946,2026-06-09T06:09:30.275Z,0,65.8,22.06667,31.9,67.6,25.14085,0,1,0,1,101
5947,2026-06-09T06:11:30.270Z,0,65.8,22.06667,31.9,67.6,25.14085,0,1,0,1,101
5948,2026-06-09T06:13:30.265Z,0,65.8,22.06667,31.9,67.6,25.14085,0,1,0,1,101
5949,2026-06-09T06:15:30.260Z,0,65.4,22.06667,32,68,25.33529,0,1,0,1,101
5950,2026-06-09T06:17:30.255Z,0,65.4,22.06667,32,68,25.33529,0,1,0,1,101
5951,2026-06-09T06:19:30.250Z,0,65.4,20.53333,32,68,25.33529,0,1,0,1,101
5952,2026-06-09T06:21:30.245Z,0,65.4,20.53333,32,68,25.33529,0,1,0,1,101
5953,2026-06-09T06:23:30.240Z,0,65.4,20.53333,32,68,25.33529,0,1,0,1,101
5954,2026-06-09T06:25:30.235Z,0,65.4,20.53333,32,68,25.33529,0,1,0,1,101
5955,2026-06-09T06:27:30.230Z,0,65.4,20.53333,32,68,25.33529,0,1,0,1,101
5956,2026-06-09T06:29:30.225Z,0,65.4,20.53333,32,68,25.33529,0,1,0,1,101
5957,2026-06-09T06:31:30.220Z,0,65.4,20.53333,32,68,25.33529,0,1,0,1,101
5958,2026-06-09T06:33:30.215Z,0,65.4,20.53333,32,68,25.33529,0,1,0,1,101
5959,2026-06-09T06:35:30.210Z,0,65.4,20.53333,32,68,25.33529,0,1,0,1,101
5960,2026-06-09T06:37:30.205Z,0,65.13333,20.53333,32,67.9,25.3105,0,1,0,1,101
5961,2026-06-09T06:39:30.200Z,0,65.13333,20.53333,32,67.9,25.3105,0,1,0,1,101
5962,2026-06-09T06:41:30.195Z,0,65.13333,16.6,32,67.9,25.3105,0,1,0,1,101
5963,2026-06-09T06:43:30.190Z,0,65.13333,16.6,32,67.9,25.3105,0,1,0,1,101
5964,2026-06-09T06:45:30.185Z,0,65.13333,16.6,32,67.9,25.3105,0,1,0,1,101
5965,2026-06-09T06:47:30.180Z,0,65.13333,16.6,32,67.9,25.3105,0,1,0,1,101
5966,2026-06-09T06:49:30.175Z,0,65.13333,16.6,32,67.9,25.3105,0,1,0,1,101
5967,2026-06-09T06:51:30.170Z,0,65.13333,16.6,32,67.9,25.3105,0,1,0,1,101
5968,2026-06-09T06:53:30.165Z,0,65.13333,16.6,32,67.9,25.3105,0,1,0,1,101
5969,2026-06-09T06:55:30.160Z,0,65.13333,16.6,32,67.9,25.3105,0,1,0,1,101
5970,2026-06-09T06:57:30.155Z,0,65,16.6,32,66.8,25.03556,0,1,0,1,101
5971,2026-06-09T06:59:30.150Z,0,65,16.6,32,66.8,25.03556,0,1,0,1,101
5972,2026-06-09T07:01:30.145Z,0,65,16.6,32,66.8,25.03556,0,1,0,1,101
5973,2026-06-09T07:03:30.140Z,0,65,18.8,32,66.8,25.03556,0,1,0,1,101
5974,2026-06-09T07:05:30.135Z,0,65,18.8,32,66.8,25.03556,0,1,0,1,101
5975,2026-06-09T07:07:30.130Z,0,65,18.8,32,66.8,25.03556,0,1,0,1,101
5976,2026-06-09T07:09:30.125Z,0,65,18.8,32,66.8,25.03556,0,1,0,1,101
5977,2026-06-09T07:11:30.120Z,0,65,18.8,32,66.8,25.03556,0,1,0,1,101
5978,2026-06-09T07:13:30.115Z,0,65,18.8,32,66.8,25.03556,0,1,0,1,101
5979,2026-06-09T07:15:30.110Z,0,65,18.8,32,66.8,25.03556,0,1,0,1,101
5980,2026-06-09T07:17:30.105Z,0,65,18.8,32,66.8,25.03556,0,1,0,1,101
5981,2026-06-09T07:19:30.100Z,0,65.8,18.8,32,67,25.08584,0,1,0,1,101
5982,2026-06-09T07:21:30.095Z,0,65.8,18.8,32,67,25.08584,0,1,0,1,101
5983,2026-06-09T07:23:30.090Z,0,65.8,18.8,32,67,25.08584,0,1,0,1,101
5984,2026-06-09T07:25:30.085Z,0,65.8,16.2,32,67,25.08584,0,1,0,1,101
5985,2026-06-09T07:27:30.080Z,0,65.8,16.2,32,67,25.08584,0,1,0,1,101
5986,2026-06-09T07:29:30.075Z,0,65.8,16.2,32,67,25.08584,0,1,0,1,101
5987,2026-06-09T07:31:30.070Z,0,65.8,16.2,32,67,25.08584,0,1,0,1,101
5988,2026-06-09T07:33:30.065Z,0,65.8,16.2,32,67,25.08584,0,1,0,1,101
5989,2026-06-09T07:35:30.060Z,0,65.8,16.2,32,67,25.08584,0,1,0,1,101
5990,2026-06-09T07:37:30.055Z,0,65.8,16.2,32,67,25.08584,0,1,0,1,101
5991,2026-06-09T07:39:30.050Z,0,65.8,16.2,32,67,25.08584,0,1,0,1,101
5992,2026-06-09T07:41:30.045Z,0,64.73333,16.2,32,67.2,25.13599,0,1,0,1,101
5993,2026-06-09T07:43:30.040Z,0,64.73333,16.2,32,67.2,25.13599,0,1,0,1,101
5994,2026-06-09T07:45:30.035Z,0,64.73333,16.2,32,67.2,25.13599,0,1,0,1,101
5995,2026-06-09T07:47:30.030Z,0,64.73333,16.2,32,67.2,25.13599,0,1,0,1,101
5996,2026-06-09T07:49:30.025Z,0,64.73333,16.2,32,67.2,25.13599,0,1,0,1,101
5997,2026-06-09T07:51:30.020Z,0,64.73333,16.2,32,67.2,25.13599,0,1,0,1,101
5998,2026-06-09T07:53:30.015Z,0,64.73333,16.2,32,67.2,25.13599,0,1,0,1,101
5999,2026-06-09T07:55:30.010Z,0,64.73333,16.2,32,67.2,25.13599,0,1,0,1,101
6000,2026-06-09T07:57:30.005Z,0,64.73333,16.2,32,67.2,25.13599,0,1,0,1,101
6001,2026-06-09T07:59:30.000Z,0,64.73333,16.2,32,67.2,25.13599,0,1,0,1,101
6002,2026-06-09T08:01:29.995Z,0,65.26667,16.2,32,67,25.08584,0,1,0,1,101
6003,2026-06-09T08:03:29.990Z,0,65.26667,16.2,32,67,25.08584,0,1,0,1,101
6004,2026-06-09T08:05:29.985Z,0,65.26667,16.2,32,67,25.08584,0,1,0,1,101
6005,2026-06-09T08:07:29.980Z,0,65.26667,55.2,32,67,25.08584,0,1,0,0,100
6006,2026-06-09T08:09:29.975Z,0,65.26667,55.2,32,67,25.08584,0,1,0,0,100
6007,2026-06-09T08:11:29.970Z,0,65.26667,55.2,32,67,25.08584,0,1,0,0,100
6008,2026-06-09T08:13:29.965Z,0,65.26667,55.2,32,67,25.08584,0,1,0,0,100
6009,2026-06-09T08:15:29.960Z,0,65.26667,55.2,32,67,25.08584,0,1,0,0,100
6010,2026-06-09T08:17:29.955Z,0,65.26667,55.2,32,67,25.08584,0,1,0,0,100
6011,2026-06-09T08:19:29.950Z,0,65.26667,55.2,32,67,25.08584,0,1,0,0,100
6012,2026-06-09T08:21:29.945Z,0,65.26667,55.2,32,67,25.08584,0,1,0,0,100
6013,2026-06-09T08:23:29.940Z,0,67.73333,55.2,32,66.7,25.01036,0,1,0,0,100
6014,2026-06-09T08:25:29.935Z,0,67.73333,55.2,32,66.7,25.01036,0,1,0,0,100
6015,2026-06-09T08:27:29.930Z,0,67.73333,55.2,32,66.7,25.01036,0,1,0,0,100
6016,2026-06-09T08:29:29.925Z,0,67.73333,48,32,66.7,25.01036,0,1,0,1,101
6017,2026-06-09T08:31:29.920Z,0,67.73333,48,32,66.7,25.01036,0,1,0,1,101
6018,2026-06-09T08:33:29.915Z,0,67.73333,48,32,66.7,25.01036,0,1,0,1,101
6019,2026-06-09T08:35:29.910Z,0,67.73333,48,32,66.7,25.01036,0,1,0,1,101
6020,2026-06-09T08:37:29.905Z,0,67.73333,48,32,66.7,25.01036,0,1,0,1,101
6021,2026-06-09T08:39:29.900Z,0,67.73333,48,32,66.7,25.01036,0,1,0,1,101
6022,2026-06-09T08:41:29.895Z,0,67.73333,48,32,66.7,25.01036,0,1,0,1,101
6023,2026-06-09T08:43:29.890Z,0,67.73333,48,32,66.7,25.01036,0,1,0,1,101
6024,2026-06-09T08:45:29.885Z,0,65.66666,48,32,66.7,25.01036,0,1,0,1,101
6025,2026-06-09T08:47:29.880Z,0,65.66666,48,32,66.7,25.01036,0,1,0,1,101
6026,2026-06-09T08:49:29.875Z,0,65.66666,48,32,66.7,25.01036,0,1,0,1,101
6027,2026-06-09T08:51:29.870Z,0,65.66666,46.6,32,66.7,25.01036,0,1,0,1,101
6028,2026-06-09T08:53:29.865Z,0,65.66666,46.6,32,66.7,25.01036,0,1,0,1,101
6029,2026-06-09T08:55:29.860Z,0,65.66666,46.6,32,66.7,25.01036,0,1,0,1,101
6030,2026-06-09T08:57:29.855Z,0,65.66666,46.6,32,66.7,25.01036,0,1,0,1,101
6031,2026-06-09T08:59:29.850Z,0,65.66666,46.6,32,66.7,25.01036,0,1,0,1,101
6032,2026-06-09T09:01:29.845Z,0,65.66666,46.6,32,66.7,25.01036,0,1,0,1,101
6033,2026-06-09T09:03:29.840Z,0,65.66666,46.6,32,66.7,25.01036,0,1,0,1,101
6034,2026-06-09T09:05:29.835Z,0,65.66666,46.6,32,66.7,25.01036,0,1,0,1,101
6035,2026-06-09T09:07:29.830Z,0,68.13333,46.6,32,67.2,25.13599,0,1,0,1,101
6036,2026-06-09T09:09:29.825Z,0,68.13333,46.6,32,67.2,25.13599,0,1,0,1,101
6037,2026-06-09T09:11:29.820Z,0,68.13333,46.6,32,67.2,25.13599,0,1,0,1,101
6038,2026-06-09T09:13:29.815Z,0,68.13333,46.46667,32,67.2,25.13599,0,1,0,1,101
6039,2026-06-09T09:15:29.810Z,0,68.13333,46.46667,32,67.2,25.13599,0,1,0,1,101
6040,2026-06-09T09:17:29.805Z,0,68.13333,46.46667,32,67.2,25.13599,0,1,0,1,101
6041,2026-06-09T09:19:29.800Z,0,68.13333,46.46667,32,67.2,25.13599,0,1,0,1,101
6042,2026-06-09T09:21:29.795Z,0,68.13333,46.46667,32,67.2,25.13599,0,1,0,1,101
6043,2026-06-09T09:23:29.790Z,0,68.13333,46.46667,32,67.2,25.13599,0,1,0,1,101
6044,2026-06-09T09:25:29.785Z,0,68.13333,46.46667,32,67.2,25.13599,0,1,0,1,101
6045,2026-06-09T09:27:29.780Z,0,68.13333,46.46667,32,67.2,25.13599,0,1,0,1,101
6046,2026-06-09T09:29:29.775Z,0,65.6,46.46667,32,67.8,25.28566,0,1,0,1,101
6047,2026-06-09T09:31:29.770Z,0,65.6,46.46667,32,67.8,25.28566,0,1,0,1,101
6048,2026-06-09T09:33:29.765Z,0,65.6,46.46667,32,67.8,25.28566,0,1,0,1,101
6049,2026-06-09T09:35:29.760Z,0,65.6,43.06667,32,67.8,25.28566,0,1,0,1,101
6050,2026-06-09T09:37:29.755Z,0,65.6,43.06667,32,67.8,25.28566,0,1,0,1,101
6051,2026-06-09T09:39:29.750Z,0,65.6,43.06667,32,67.8,25.28566,0,1,0,1,101
6052,2026-06-09T09:41:29.745Z,0,65.6,43.06667,32,67.8,25.28566,0,1,0,1,101
6053,2026-06-09T09:43:29.740Z,0,65.6,43.06667,32,67.8,25.28566,0,1,0,1,101
6054,2026-06-09T09:45:29.735Z,0,65.6,43.06667,32,67.8,25.28566,0,1,0,1,101
6055,2026-06-09T09:47:29.730Z,0,65.6,43.06667,32,67.8,25.28566,0,1,0,1,101
6056,2026-06-09T09:49:29.725Z,0,65.6,43.06667,32,67.8,25.28566,0,1,0,1,101
6057,2026-06-09T09:51:29.720Z,0,68.53333,43.06667,32,66.8,25.03556,0,1,0,1,101
6058,2026-06-09T09:53:29.715Z,0,68.53333,43.06667,32,66.8,25.03556,0,1,0,1,101
6059,2026-06-09T09:55:29.710Z,0,68.53333,43.06667,32,66.8,25.03556,0,1,0,1,101
6060,2026-06-09T09:57:29.705Z,0,68.53333,41.73333,32,66.8,25.03556,0,1,0,1,101
6061,2026-06-09T09:59:29.700Z,0,68.53333,41.73333,32,66.8,25.03556,0,1,0,1,101
6062,2026-06-09T10:01:29.695Z,0,68.53333,41.73333,32,66.8,25.03556,0,1,0,1,101
6063,2026-06-09T10:03:29.690Z,0,68.53333,41.73333,32,66.8,25.03556,0,1,0,1,101
6064,2026-06-09T10:05:29.685Z,0,68.53333,41.73333,32,66.8,25.03556,0,1,0,1,101
6065,2026-06-09T10:07:29.680Z,0,68.53333,41.73333,32,66.8,25.03556,0,1,0,1,101
6066,2026-06-09T10:09:29.675Z,0,68.53333,41.73333,32,66.8,25.03556,0,1,0,1,101
6067,2026-06-09T10:11:29.670Z,0,68.53333,41.73333,32,66.8,25.03556,0,1,0,1,101
6068,2026-06-09T10:13:29.665Z,0,65.53333,41.73333,32,67.3,25.16101,0,1,0,1,101
6069,2026-06-09T10:15:29.660Z,0,65.53333,41.73333,32,67.3,25.16101,0,1,0,1,101
6070,2026-06-09T10:17:29.655Z,0,65.53333,41.73333,32,67.3,25.16101,0,1,0,1,101
6071,2026-06-09T10:19:29.650Z,0,65.53333,44.06667,32,67.3,25.16101,0,1,0,1,101
6072,2026-06-09T10:21:29.645Z,0,65.53333,44.06667,32,67.3,25.16101,0,1,0,1,101
6073,2026-06-09T10:23:29.640Z,0,65.53333,44.06667,32,67.3,25.16101,0,1,0,1,101
6074,2026-06-09T10:25:29.635Z,0,65.53333,44.06667,32,67.3,25.16101,0,1,0,1,101
6075,2026-06-09T10:27:29.630Z,0,65.53333,44.06667,32,67.3,25.16101,0,1,0,1,101
6076,2026-06-09T10:29:29.625Z,0,65.53333,44.06667,32,67.3,25.16101,0,1,0,1,101
6077,2026-06-09T10:31:29.620Z,0,65.53333,44.06667,32,67.3,25.16101,0,1,0,1,101
6078,2026-06-09T10:33:29.615Z,0,65.53333,44.06667,32,67.3,25.16101,0,1,0,1,101
6079,2026-06-09T10:35:29.610Z,0,66.6,44.06667,31.9,67.1,25.01597,0,1,0,1,101
6080,2026-06-09T10:37:29.605Z,0,66.6,44.06667,31.9,67.1,25.01597,0,1,0,1,101
6081,2026-06-09T10:39:29.600Z,0,66.6,40.86666,31.9,67.1,25.01597,0,1,0,1,101
6082,2026-06-09T10:41:29.595Z,0,66.6,40.86666,31.9,67.1,25.01597,0,1,0,1,101
6083,2026-06-09T10:43:29.590Z,0,66.6,40.86666,31.9,67.1,25.01597,0,1,0,1,101
6084,2026-06-09T10:45:29.585Z,0,66.6,40.86666,31.9,67.1,25.01597,0,1,0,1,101
6085,2026-06-09T10:47:29.580Z,0,66.6,40.86666,31.9,67.1,25.01597,0,1,0,1,101
6086,2026-06-09T10:49:29.575Z,0,66.6,40.86666,31.9,67.1,25.01597,0,1,0,1,101
6087,2026-06-09T10:51:29.570Z,0,66.6,40.86666,31.9,67.1,25.01597,0,1,0,1,101
6088,2026-06-09T10:53:29.565Z,0,66.6,40.86666,31.9,67.1,25.01597,0,1,0,1,101
6089,2026-06-09T10:55:29.560Z,0,66.46667,40.86666,31.9,67.6,25.14085,0,1,0,1,101
6090,2026-06-09T10:57:29.555Z,0,66.46667,40.86666,31.9,67.6,25.14085,0,1,0,1,101
6091,2026-06-09T10:59:29.550Z,0,66.46667,40.86666,31.9,67.6,25.14085,0,1,0,1,101
6092,2026-06-09T11:01:29.545Z,0,66.46667,42.8,31.9,67.6,25.14085,0,1,0,1,101
6093,2026-06-09T11:03:29.540Z,0,66.46667,42.8,31.9,67.6,25.14085,0,1,0,1,101
6094,2026-06-09T11:05:29.535Z,0,66.46667,42.8,31.9,67.6,25.14085,0,1,0,1,101
6095,2026-06-09T11:07:29.530Z,0,66.46667,42.8,31.9,67.6,25.14085,0,1,0,1,101
6096,2026-06-09T11:09:29.525Z,0,66.46667,42.8,31.9,67.6,25.14085,0,1,0,1,101
6097,2026-06-09T11:11:29.520Z,0,66.46667,42.8,31.9,67.6,25.14085,0,1,0,1,101
6098,2026-06-09T11:13:29.515Z,0,66.46667,42.8,31.9,67.6,25.14085,0,1,0,1,101
6099,2026-06-09T11:15:29.510Z,0,66.46667,42.8,31.9,67.6,25.14085,0,1,0,1,101
6100,2026-06-09T11:17:29.505Z,0,64.73333,42.8,32,67.9,25.3105,0,1,0,1,101
6101,2026-06-09T11:19:29.500Z,0,64.73333,42.8,32,67.9,25.3105,0,1,0,1,101
6102,2026-06-09T11:21:29.495Z,0,64.73333,42.8,32,67.9,25.3105,0,1,0,1,101
6103,2026-06-09T11:23:29.490Z,0,64.73333,39.73333,32,67.9,25.3105,0,1,0,1,101
6104,2026-06-09T11:25:29.485Z,0,64.73333,39.73333,32,67.9,25.3105,0,1,0,1,101
6105,2026-06-09T11:27:29.480Z,0,64.73333,39.73333,32,67.9,25.3105,0,1,0,1,101
6106,2026-06-09T11:29:29.475Z,0,64.73333,39.73333,32,67.9,25.3105,0,1,0,1,101
6107,2026-06-09T11:31:29.470Z,0,64.73333,39.73333,32,67.9,25.3105,0,1,0,1,101
6108,2026-06-09T11:33:29.465Z,0,64.73333,39.73333,32,67.9,25.3105,0,1,0,1,101
6109,2026-06-09T11:35:29.460Z,0,64.73333,39.73333,32,67.9,25.3105,0,1,0,1,101
6110,2026-06-09T11:37:29.455Z,0,66.46667,39.73333,32,68.1,25.36007,0,1,0,1,101
6111,2026-06-09T11:39:29.450Z,0,66.46667,39.73333,32,68.1,25.36007,0,1,0,1,101
6112,2026-06-09T11:41:29.445Z,0,66.46667,39.73333,32,68.1,25.36007,0,1,0,1,101
6113,2026-06-09T11:43:29.440Z,0,66.46667,39.73333,32,68.1,25.36007,0,1,0,1,101
6114,2026-06-09T11:45:29.435Z,0,66.46667,42.13334,32,68.1,25.36007,0,1,0,1,101
6115,2026-06-09T11:47:29.430Z,0,66.46667,42.13334,32,68.1,25.36007,0,1,0,1,101
6116,2026-06-09T11:49:29.425Z,0,66.46667,42.13334,32,68.1,25.36007,0,1,0,1,101
6117,2026-06-09T11:51:29.420Z,0,66.46667,42.13334,32,68.1,25.36007,0,1,0,1,101
6118,2026-06-09T11:53:29.415Z,0,66.46667,42.13334,32,68.1,25.36007,0,1,0,1,101
6119,2026-06-09T11:55:29.410Z,0,66.46667,42.13334,32,68.1,25.36007,0,1,0,1,101
6120,2026-06-09T11:57:29.405Z,0,66.46667,42.13334,32,68.1,25.36007,0,1,0,1,101
6121,2026-06-09T11:59:29.400Z,0,66.13333,42.13334,32,68.3,25.40951,0,1,0,1,101
6122,2026-06-09T12:01:29.395Z,0,66.13333,42.13334,32,68.3,25.40951,0,1,0,1,101
6123,2026-06-09T12:03:29.390Z,0,66.13333,42.13334,32,68.3,25.40951,0,1,0,1,101
6124,2026-06-09T12:05:29.385Z,0,66.13333,42.13334,32,68.3,25.40951,0,1,0,1,101
6125,2026-06-09T12:07:29.380Z,0,66.13333,33.66667,32,68.3,25.40951,0,1,0,1,101
6126,2026-06-09T12:09:29.375Z,0,66.13333,33.66667,32,68.3,25.40951,0,1,0,1,101
6127,2026-06-09T12:11:29.370Z,0,66.13333,33.66667,32,68.3,25.40951,0,1,0,1,101
6128,2026-06-09T12:13:29.365Z,0,66.13333,33.66667,32,68.3,25.40951,0,1,0,1,101
6129,2026-06-09T12:15:29.360Z,0,66.13333,33.66667,32,68.3,25.40951,0,1,0,1,101
6130,2026-06-09T12:17:29.355Z,0,66.13333,33.66667,32,68.3,25.40951,0,1,0,1,101
6131,2026-06-09T12:19:29.350Z,0,66.13333,33.66667,32,68.3,25.40951,0,1,0,1,101
6132,2026-06-09T12:21:29.345Z,0,65.73333,33.66667,32,68.8,25.53257,0,1,0,1,101
6133,2026-06-09T12:23:29.340Z,0,65.73333,33.66667,32,68.8,25.53257,0,1,0,1,101
6134,2026-06-09T12:25:29.335Z,0,65.73333,33.66667,32,68.8,25.53257,0,1,0,1,101
6135,2026-06-09T12:27:29.330Z,0,65.73333,33.66667,32,68.8,25.53257,0,1,0,1,101
6136,2026-06-09T12:29:29.325Z,0,65.73333,32.4,32,68.8,25.53257,0,1,0,1,101
6137,2026-06-09T12:31:29.320Z,0,65.73333,32.4,32,68.8,25.53257,0,1,0,1,101
6138,2026-06-09T12:33:29.315Z,0,65.73333,32.4,32,68.8,25.53257,0,1,0,1,101
6139,2026-06-09T12:35:29.310Z,0,65.73333,32.4,32,68.8,25.53257,0,1,0,1,101
6140,2026-06-09T12:37:29.305Z,0,65.73333,32.4,32,68.8,25.53257,0,1,0,1,101
6141,2026-06-09T12:39:29.300Z,0,65.73333,32.4,32,68.8,25.53257,0,1,0,1,101
6142,2026-06-09T12:41:29.295Z,0,65.73333,32.4,32,68.8,25.53257,0,1,0,1,101
6143,2026-06-09T12:43:29.290Z,0,68,32.4,32,68.2,25.3848,0,1,0,1,101
6144,2026-06-09T12:45:29.285Z,0,68,32.4,32,68.2,25.3848,0,1,0,1,101
6145,2026-06-09T12:47:29.280Z,0,68,32.4,32,68.2,25.3848,0,1,0,1,101
6146,2026-06-09T12:49:29.275Z,0,68,32.73333,32,68.2,25.3848,0,1,0,1,101
6147,2026-06-09T12:51:29.270Z,0,68,32.73333,32,68.2,25.3848,0,1,0,1,101
6148,2026-06-09T12:53:29.265Z,0,68,32.73333,32,68.2,25.3848,0,1,0,1,101
6149,2026-06-09T12:55:29.260Z,0,68,32.73333,32,68.2,25.3848,0,1,0,1,101
6150,2026-06-09T12:57:29.255Z,0,68,32.73333,32,68.2,25.3848,0,1,0,1,101
6151,2026-06-09T12:59:29.250Z,0,68,32.73333,32,68.2,25.3848,0,1,0,1,101
6152,2026-06-09T13:01:29.245Z,0,68,32.73333,32,68.2,25.3848,0,1,0,1,101
6153,2026-06-09T13:03:29.240Z,0,68,32.73333,32,68.2,25.3848,0,1,0,1,101
6154,2026-06-09T13:05:29.235Z,0,66.06667,32.73333,32,68.1,25.36007,0,1,0,1,101
6155,2026-06-09T13:07:29.230Z,0,66.06667,32.73333,32,68.1,25.36007,0,1,0,1,101
6156,2026-06-09T13:09:29.225Z,0,66.06667,32.73333,32,68.1,25.36007,0,1,0,1,101
6157,2026-06-09T13:11:29.220Z,0,66.06667,28.8,32,68.1,25.36007,0,1,0,1,101
6158,2026-06-09T13:13:29.215Z,0,66.06667,28.8,32,68.1,25.36007,0,1,0,1,101
6159,2026-06-09T13:15:29.210Z,0,66.06667,28.8,32,68.1,25.36007,0,1,0,1,101
6160,2026-06-09T13:17:29.205Z,0,66.06667,28.8,32,68.1,25.36007,0,1,0,1,101
6161,2026-06-09T13:19:29.200Z,0,66.06667,28.8,32,68.1,25.36007,0,1,0,1,101
6162,2026-06-09T13:21:29.195Z,0,66.06667,28.8,32,68.1,25.36007,0,1,0,1,101
6163,2026-06-09T13:23:29.190Z,0,66.06667,28.8,32,68.1,25.36007,0,1,0,1,101
6164,2026-06-09T13:25:29.185Z,0,66.06667,28.8,32,68.1,25.36007,0,1,0,1,101
6165,2026-06-09T13:27:29.180Z,0,68.46667,28.8,32,68.4,25.43418,0,1,0,1,101
6166,2026-06-09T13:29:29.175Z,0,68.46667,28.8,32,68.4,25.43418,0,1,0,1,101
6167,2026-06-09T13:31:29.170Z,0,68.46667,28.8,32,68.4,25.43418,0,1,0,1,101
6168,2026-06-09T13:33:29.165Z,0,68.46667,29.4,32,68.4,25.43418,0,1,0,1,101
6169,2026-06-09T13:35:29.160Z,0,68.46667,29.4,32,68.4,25.43418,0,1,0,1,101
6170,2026-06-09T13:37:29.155Z,0,68.46667,29.4,32,68.4,25.43418,0,1,0,1,101
6171,2026-06-09T13:39:29.150Z,0,68.46667,29.4,32,68.4,25.43418,0,1,0,1,101
6172,2026-06-09T13:41:29.145Z,0,68.46667,29.4,32,68.4,25.43418,0,1,0,1,101
6173,2026-06-09T13:43:29.140Z,0,68.46667,29.4,32,68.4,25.43418,0,1,0,1,101
6174,2026-06-09T13:45:29.135Z,0,68.46667,29.4,32,68.4,25.43418,0,1,0,1,101
6175,2026-06-09T13:47:29.130Z,0,68.46667,29.4,32,68.4,25.43418,0,1,0,1,101
6176,2026-06-09T13:49:29.125Z,0,65.93333,29.4,32,68,25.33529,0,1,0,1,101
6177,2026-06-09T13:51:29.120Z,0,65.93333,29.4,32,68,25.33529,0,1,0,1,101
6178,2026-06-09T13:53:29.115Z,0,65.93333,29.4,32,68,25.33529,0,1,0,1,101
6179,2026-06-09T13:55:29.110Z,0,65.93333,27.26667,32,68,25.33529,0,1,0,1,101
6180,2026-06-09T13:57:29.105Z,0,65.93333,27.26667,32,68,25.33529,0,1,0,1,101
6181,2026-06-09T13:59:29.100Z,0,65.93333,27.26667,32,68,25.33529,0,1,0,1,101
6182,2026-06-09T14:01:29.095Z,0,65.93333,27.26667,32,68,25.33529,0,1,0,1,101
6183,2026-06-09T14:03:29.090Z,0,65.93333,27.26667,32,68,25.33529,0,1,0,1,101
6184,2026-06-09T14:05:29.085Z,0,65.93333,27.26667,32,68,25.33529,0,1,0,1,101
6185,2026-06-09T14:07:29.080Z,0,65.93333,27.26667,32,68,25.33529,0,1,0,1,101
6186,2026-06-09T14:09:29.075Z,0,65.93333,27.26667,32,68,25.33529,0,1,0,1,101
6187,2026-06-09T14:11:29.070Z,0,65.4,27.26667,32,67.7,25.2608,0,1,0,1,101
6188,2026-06-09T14:13:29.065Z,0,65.4,27.26667,32,67.7,25.2608,0,1,0,1,101
6189,2026-06-09T14:15:29.060Z,0,65.4,27.26667,32,67.7,25.2608,0,1,0,1,101
6190,2026-06-09T14:17:29.055Z,0,65.4,28.93333,32,67.7,25.2608,0,1,0,1,101
6191,2026-06-09T14:19:29.050Z,0,65.4,28.93333,32,67.7,25.2608,0,1,0,1,101
6192,2026-06-09T14:21:29.045Z,0,65.4,28.93333,32,67.7,25.2608,0,1,0,1,101
6193,2026-06-09T14:23:29.040Z,0,65.4,28.93333,32,67.7,25.2608,0,1,0,1,101
6194,2026-06-09T14:25:29.035Z,0,65.4,28.93333,32,67.7,25.2608,0,1,0,1,101
6195,2026-06-09T14:27:29.030Z,0,65.4,28.93333,32,67.7,25.2608,0,1,0,1,101
6196,2026-06-09T14:29:29.025Z,0,65.4,28.93333,32,67.7,25.2608,0,1,0,1,101
6197,2026-06-09T14:31:29.020Z,0,65.4,28.93333,32,67.7,25.2608,0,1,0,1,101
6198,2026-06-09T14:33:29.015Z,0,66.53333,28.93333,32,67.8,25.28566,0,1,0,1,101
6199,2026-06-09T14:35:29.010Z,0,66.53333,28.93333,32,67.8,25.28566,0,1,0,1,101
6200,2026-06-09T14:37:29.005Z,0,66.53333,28.93333,32,67.8,25.28566,0,1,0,1,101
6201,2026-06-09T14:39:29.000Z,0,66.53333,25.8,32,67.8,25.28566,0,1,0,1,101
6202,2026-06-09T14:41:28.995Z,0,66.53333,25.8,32,67.8,25.28566,0,1,0,1,101
6203,2026-06-09T14:43:28.990Z,0,66.53333,25.8,32,67.8,25.28566,0,1,0,1,101
6204,2026-06-09T14:45:28.985Z,0,66.53333,25.8,32,67.8,25.28566,0,1,0,1,101
6205,2026-06-09T14:47:28.980Z,0,66.53333,25.8,32,67.8,25.28566,0,1,0,1,101
6206,2026-06-09T14:49:28.975Z,0,66.53333,25.8,32,67.8,25.28566,0,1,0,1,101
6207,2026-06-09T14:51:28.970Z,0,66.53333,25.8,32,67.8,25.28566,0,1,0,1,101
6208,2026-06-09T14:53:28.965Z,0,66.53333,25.8,32,67.8,25.28566,0,1,0,1,101
6209,2026-06-09T14:55:28.960Z,0,67,25.8,32,67.9,25.3105,0,1,0,1,101
6210,2026-06-09T14:57:28.955Z,0,67,25.8,32,67.9,25.3105,0,1,0,1,101
6211,2026-06-09T14:59:28.950Z,0,67,25.2,32,67.9,25.3105,0,1,0,1,101
6212,2026-06-09T15:01:28.945Z,0,67,25.2,32,67.9,25.3105,0,1,0,1,101
6213,2026-06-09T15:03:28.940Z,0,67,25.2,32,67.9,25.3105,0,1,0,1,101
6214,2026-06-09T15:05:28.935Z,0,67,25.2,32,67.9,25.3105,0,1,0,1,101
6215,2026-06-09T15:07:28.930Z,0,67,25.2,32,67.9,25.3105,0,1,0,1,101
6216,2026-06-09T15:09:28.925Z,0,67,25.2,32,67.9,25.3105,0,1,0,1,101
6217,2026-06-09T15:11:28.920Z,0,67,25.2,32,67.9,25.3105,0,1,0,1,101
6218,2026-06-09T15:13:28.915Z,0,67,25.2,32,67.9,25.3105,0,1,0,1,101
6219,2026-06-09T15:15:28.910Z,0,67,25.2,32,67.9,25.3105,0,1,0,1,101
6220,2026-06-09T15:17:28.905Z,0,66.73333,25.2,32,67.5,25.21097,0,1,0,1,101
6221,2026-06-09T15:19:28.900Z,0,66.73333,25.2,32,67.5,25.21097,0,1,0,1,101
6222,2026-06-09T15:21:28.895Z,0,66.73333,27.66667,32,67.5,25.21097,0,1,0,1,101
6223,2026-06-09T15:23:28.890Z,0,66.73333,27.66667,32,67.5,25.21097,0,1,0,1,101
6224,2026-06-09T15:25:28.885Z,0,66.73333,27.66667,32,67.5,25.21097,0,1,0,1,101
6225,2026-06-09T15:27:28.880Z,0,66.73333,27.66667,32,67.5,25.21097,0,1,0,1,101
6226,2026-06-09T15:29:28.875Z,0,66.73333,27.66667,32,67.5,25.21097,0,1,0,1,101
6227,2026-06-09T15:31:28.870Z,0,66.73333,27.66667,32,67.5,25.21097,0,1,0,1,101
6228,2026-06-09T15:33:28.865Z,0,66.73333,27.66667,32,67.5,25.21097,0,1,0,1,101
6229,2026-06-09T15:35:28.860Z,0,66.73333,27.66667,32,67.5,25.21097,0,1,0,1,101
6230,2026-06-09T15:37:28.855Z,0,66.73333,27.66667,32,67.5,25.21097,0,1,0,1,101
6231,2026-06-09T15:39:28.850Z,0,69.2,27.66667,32,68.1,25.36007,0,1,0,1,101
6232,2026-06-09T15:41:28.845Z,0,69.2,27.66667,32,68.1,25.36007,0,1,0,1,101
6233,2026-06-09T15:43:28.840Z,0,69.2,23.73333,32,68.1,25.36007,0,1,0,1,101
6234,2026-06-09T15:45:28.835Z,0,69.2,23.73333,32,68.1,25.36007,0,1,0,1,101
6235,2026-06-09T15:47:28.830Z,0,69.2,23.73333,32,68.1,25.36007,0,1,0,1,101
6236,2026-06-09T15:49:28.825Z,0,69.2,23.73333,32,68.1,25.36007,0,1,0,1,101
6237,2026-06-09T15:51:28.820Z,0,69.2,23.73333,32,68.1,25.36007,0,1,0,1,101
6238,2026-06-09T15:53:28.815Z,0,69.2,23.73333,32,68.1,25.36007,0,1,0,1,101
6239,2026-06-09T15:55:28.810Z,0,69.2,23.73333,32,68.1,25.36007,0,1,0,1,101
6240,2026-06-09T15:57:28.805Z,0,69.2,23.73333,32,68.1,25.36007,0,1,0,1,101
6241,2026-06-09T15:59:28.800Z,0,69.2,23.73333,32,68.1,25.36007,0,1,0,1,101
6242,2026-06-09T16:01:28.795Z,0,65.2,23.73333,32,68.5,25.45883,0,1,0,1,101
6243,2026-06-09T16:03:28.790Z,0,65.2,26.4,32,68.5,25.45883,0,1,0,1,101
6244,2026-06-09T16:05:28.785Z,0,65.2,26.4,32,68.5,25.45883,0,1,0,1,101
6245,2026-06-09T16:07:28.780Z,0,65.2,26.4,32,68.5,25.45883,0,1,0,1,101
6246,2026-06-09T16:09:28.775Z,0,65.2,26.4,32,68.5,25.45883,0,1,0,1,101
6247,2026-06-09T16:11:28.770Z,0,65.2,26.4,32,68.5,25.45883,0,1,0,1,101
6248,2026-06-09T16:13:28.765Z,0,65.2,26.4,32,68.5,25.45883,0,1,0,1,101
6249,2026-06-09T16:15:28.760Z,0,65.2,26.4,32,68.5,25.45883,0,1,0,1,101
6250,2026-06-09T16:17:28.755Z,0,65.2,26.4,32,68.5,25.45883,0,1,0,1,101
6251,2026-06-09T16:19:28.750Z,0,65.2,26.4,32,68.5,25.45883,0,1,0,1,101
6252,2026-06-09T16:21:28.745Z,0,65.2,26.4,32,68.5,25.45883,0,1,0,1,101
6253,2026-06-09T16:23:28.740Z,0,67.66666,26.4,32,68.6,25.48344,0,1,0,1,101
6254,2026-06-09T16:25:28.735Z,0,67.66666,26,32,68.6,25.48344,0,1,0,1,101
6255,2026-06-09T16:27:28.730Z,0,67.66666,26,32,68.6,25.48344,0,1,0,1,101
6256,2026-06-09T16:29:28.725Z,0,67.66666,26,32,68.6,25.48344,0,1,0,1,101
6257,2026-06-09T16:31:28.720Z,0,67.66666,26,32,68.6,25.48344,0,1,0,1,101
6258,2026-06-09T16:33:28.715Z,0,67.66666,26,32,68.6,25.48344,0,1,0,1,101
6259,2026-06-09T16:35:28.710Z,0,67.66666,26,32,68.6,25.48344,0,1,0,1,101
6260,2026-06-09T16:37:28.705Z,0,67.66666,26,32,68.6,25.48344,0,1,0,1,101
6261,2026-06-09T16:39:28.700Z,0,67.66666,26,32,68.6,25.48344,0,1,0,1,101
6262,2026-06-09T16:41:28.695Z,0,67.66666,26,32,68.6,25.48344,0,1,0,1,101
6263,2026-06-09T16:43:28.690Z,0,67.66666,26,32,68.6,25.48344,0,1,0,1,101
6264,2026-06-09T16:45:28.685Z,0,66.06667,26,32,67.6,25.2359,0,1,0,1,101
6265,2026-06-09T16:47:28.680Z,0,66.06667,23,32,67.6,25.2359,0,1,0,1,101
6266,2026-06-09T16:49:28.675Z,0,66.06667,23,32,67.6,25.2359,0,1,0,1,101
6267,2026-06-09T16:51:28.670Z,0,66.06667,23,32,67.6,25.2359,0,1,0,1,101
6268,2026-06-09T16:53:28.665Z,0,66.06667,23,32,67.6,25.2359,0,1,0,1,101
6269,2026-06-09T16:55:28.660Z,0,66.06667,23,32,67.6,25.2359,0,1,0,1,101
6270,2026-06-09T16:57:28.655Z,0,66.06667,23,32,67.6,25.2359,0,1,0,1,101
6271,2026-06-09T16:59:28.650Z,0,66.06667,23,32,67.6,25.2359,0,1,0,1,101
6272,2026-06-09T17:01:28.645Z,0,66.06667,23,32,67.6,25.2359,0,1,0,1,101
6273,2026-06-09T17:03:28.640Z,0,66.06667,23,32,67.6,25.2359,0,1,0,1,101
6274,2026-06-09T17:05:28.635Z,0,66.2,23,32,67.9,25.3105,0,1,0,1,101
6275,2026-06-09T17:07:28.630Z,0,66.2,23,32,67.9,25.3105,0,1,0,1,101
6276,2026-06-09T17:09:28.625Z,0,66.2,25.33333,32,67.9,25.3105,0,1,0,1,101
6277,2026-06-09T17:11:28.620Z,0,66.2,25.33333,32,67.9,25.3105,0,1,0,1,101
6278,2026-06-09T17:13:28.615Z,0,66.2,25.33333,32,67.9,25.3105,0,1,0,1,101
6279,2026-06-09T17:15:28.610Z,0,66.2,25.33333,32,67.9,25.3105,0,1,0,1,101
6280,2026-06-09T17:17:28.605Z,0,66.2,25.33333,32,67.9,25.3105,0,1,0,1,101
6281,2026-06-09T17:19:28.600Z,0,66.2,25.33333,32,67.9,25.3105,0,1,0,1,101
6282,2026-06-09T17:21:28.595Z,0,66.2,25.33333,32,67.9,25.3105,0,1,0,1,101
6283,2026-06-09T17:23:28.590Z,0,66.2,25.33333,32,67.9,25.3105,0,1,0,1,101
6284,2026-06-09T17:25:28.585Z,0,66.2,25.33333,32,67.9,25.3105,0,1,0,1,101
6285,2026-06-09T17:27:28.580Z,0,66.2,25.33333,31.9,67.6,25.14085,0,1,0,1,101
6286,2026-06-09T17:29:28.575Z,0,66.2,25.33333,31.9,67.6,25.14085,0,1,0,1,101
6287,2026-06-09T17:31:28.570Z,0,66.2,24.26667,31.9,67.6,25.14085,0,1,0,1,101
6288,2026-06-09T17:33:28.565Z,0,66.2,24.26667,31.9,67.6,25.14085,0,1,0,1,101
6289,2026-06-09T17:35:28.560Z,0,66.2,24.26667,31.9,67.6,25.14085,0,1,0,1,101
6290,2026-06-09T17:37:28.555Z,0,66.2,24.26667,31.9,67.6,25.14085,0,1,0,1,101
6291,2026-06-09T17:39:28.550Z,0,66.2,24.26667,31.9,67.6,25.14085,0,1,0,1,101
6292,2026-06-09T17:41:28.545Z,0,66.2,24.26667,31.9,67.6,25.14085,0,1,0,1,101
6293,2026-06-09T17:43:28.540Z,0,66.2,24.26667,31.9,67.6,25.14085,0,1,0,1,101
6294,2026-06-09T17:45:28.535Z,0,66.2,24.26667,31.9,67.6,25.14085,0,1,0,1,101
6295,2026-06-09T17:47:28.530Z,0,66.2,24.26667,31.9,67.6,25.14085,0,1,0,1,101
6296,2026-06-09T17:49:28.525Z,0,68.73333,24.26667,31.9,67.3,25.06602,0,1,0,1,101
6297,2026-06-09T17:51:28.520Z,0,68.73333,24.26667,31.9,67.3,25.06602,0,1,0,1,101
6298,2026-06-09T17:53:28.515Z,0,68.73333,21.66667,31.9,67.3,25.06602,0,1,0,1,101
6299,2026-06-09T17:55:28.510Z,0,68.73333,21.66667,31.9,67.3,25.06602,0,1,0,1,101
6300,2026-06-09T17:57:28.505Z,0,68.73333,21.66667,31.9,67.3,25.06602,0,1,0,1,101
6301,2026-06-09T17:59:28.500Z,0,68.73333,21.66667,31.9,67.3,25.06602,0,1,0,1,101
6302,2026-06-09T18:01:28.495Z,0,68.73333,21.66667,31.9,67.3,25.06602,0,1,0,1,101
6303,2026-06-09T18:03:28.490Z,0,68.73333,21.66667,31.9,67.3,25.06602,0,1,0,1,101
6304,2026-06-09T18:05:28.485Z,0,68.73333,21.66667,31.9,67.3,25.06602,0,1,0,1,101
6305,2026-06-09T18:07:28.480Z,0,68.73333,21.66667,31.9,67.3,25.06602,0,1,0,1,101
6306,2026-06-09T18:09:28.475Z,0,68.73333,21.66667,31.9,67.3,25.06602,0,1,0,1,101
6307,2026-06-09T18:11:28.470Z,0,66.46667,21.66667,31.9,67.7,25.16573,0,1,0,1,101
6308,2026-06-09T18:13:28.465Z,0,66.46667,21.66667,31.9,67.7,25.16573,0,1,0,1,101
6309,2026-06-09T18:15:28.460Z,0,66.46667,21.93333,31.9,67.7,25.16573,0,1,0,1,101
6310,2026-06-09T18:17:28.455Z,0,66.46667,21.93333,31.9,67.7,25.16573,0,1,0,1,101
6311,2026-06-09T18:19:28.450Z,0,66.46667,21.93333,31.9,67.7,25.16573,0,1,0,1,101
6312,2026-06-09T18:21:28.445Z,0,66.46667,21.93333,31.9,67.7,25.16573,0,1,0,1,101
6313,2026-06-09T18:23:28.440Z,0,66.46667,21.93333,31.9,67.7,25.16573,0,1,0,1,101
6314,2026-06-09T18:25:28.435Z,0,66.46667,21.93333,31.9,67.7,25.16573,0,1,0,1,101
6315,2026-06-09T18:27:28.430Z,0,66.46667,21.93333,31.9,67.7,25.16573,0,1,0,1,101
6316,2026-06-09T18:29:28.425Z,0,66.46667,21.93333,31.9,67.7,25.16573,0,1,0,1,101
6317,2026-06-09T18:31:28.420Z,0,66.46667,21.93333,31.9,67.7,25.16573,0,1,0,1,101
6318,2026-06-09T18:33:28.415Z,0,69.8,21.93333,31.9,67.5,25.11594,0,1,0,1,101
6319,2026-06-09T18:35:28.410Z,0,69.8,21.93333,31.9,67.5,25.11594,0,1,0,1,101
6320,2026-06-09T18:37:28.405Z,0,69.8,22.33333,31.9,67.5,25.11594,0,1,0,1,101
6321,2026-06-09T18:39:28.400Z,0,69.8,22.33333,31.9,67.5,25.11594,0,1,0,1,101
6322,2026-06-09T18:41:28.395Z,0,69.8,22.33333,31.9,67.5,25.11594,0,1,0,1,101
6323,2026-06-09T18:43:28.390Z,0,69.8,22.33333,31.9,67.5,25.11594,0,1,0,1,101
6324,2026-06-09T18:45:28.385Z,0,69.8,22.33333,31.9,67.5,25.11594,0,1,0,1,101
6325,2026-06-09T18:47:28.380Z,0,69.8,22.33333,31.9,67.5,25.11594,0,1,0,1,101
6326,2026-06-09T18:49:28.375Z,0,69.8,22.33333,31.9,67.5,25.11594,0,1,0,1,101
6327,2026-06-09T18:51:28.370Z,0,69.8,22.33333,31.9,67.5,25.11594,0,1,0,1,101
6328,2026-06-09T18:53:28.365Z,0,67.86667,22.33333,31.9,67.8,25.19058,0,1,0,1,101
6329,2026-06-09T18:55:28.360Z,0,67.86667,22.33333,31.9,67.8,25.19058,0,1,0,1,101
6330,2026-06-09T18:57:28.355Z,0,67.86667,22.33333,31.9,67.8,25.19058,0,1,0,1,101
6331,2026-06-09T18:59:28.350Z,0,67.86667,23.13333,31.9,67.8,25.19058,0,1,0,1,101
6332,2026-06-09T19:01:28.345Z,0,67.86667,23.13333,31.9,67.8,25.19058,0,1,0,1,101
6333,2026-06-09T19:03:28.340Z,0,67.86667,23.13333,31.9,67.8,25.19058,0,1,0,1,101
6334,2026-06-09T19:05:28.335Z,0,67.86667,23.13333,31.9,67.8,25.19058,0,1,0,1,101
6335,2026-06-09T19:07:28.330Z,0,67.86667,23.13333,31.9,67.8,25.19058,0,1,0,1,101
6336,2026-06-09T19:09:28.325Z,0,67.86667,23.13333,31.9,67.8,25.19058,0,1,0,1,101
6337,2026-06-09T19:11:28.320Z,0,67.86667,23.13333,31.9,67.8,25.19058,0,1,0,1,101
6338,2026-06-09T19:13:28.315Z,0,67.86667,23.13333,31.9,67.8,25.19058,0,1,0,1,101
6339,2026-06-09T19:15:28.310Z,0,66.4,23.13333,32,68.1,25.36007,0,1,0,1,101
6340,2026-06-09T19:17:28.305Z,0,66.4,23.13333,32,68.1,25.36007,0,1,0,1,101
6341,2026-06-09T19:19:28.300Z,0,66.4,23.13333,32,68.1,25.36007,0,1,0,1,101
6342,2026-06-09T19:21:28.295Z,0,66.4,19.73333,32,68.1,25.36007,0,1,0,1,101
6343,2026-06-09T19:23:28.290Z,0,66.4,19.73333,32,68.1,25.36007,0,1,0,1,101
6344,2026-06-09T19:25:28.285Z,0,66.4,19.73333,32,68.1,25.36007,0,1,0,1,101
6345,2026-06-09T19:27:28.280Z,0,66.4,19.73333,32,68.1,25.36007,0,1,0,1,101
6346,2026-06-09T19:29:28.275Z,0,66.4,19.73333,32,68.1,25.36007,0,1,0,1,101
6347,2026-06-09T19:31:28.270Z,0,66.4,19.73333,32,68.1,25.36007,0,1,0,1,101
6348,2026-06-09T19:33:28.265Z,0,66.4,19.73333,32,68.1,25.36007,0,1,0,1,101
6349,2026-06-09T19:35:28.260Z,0,66.4,19.73333,32,68.1,25.36007,0,1,0,1,101
6350,2026-06-09T19:37:28.255Z,0,68.06667,19.73333,32,67.9,25.3105,0,1,0,1,101
6351,2026-06-09T19:39:28.250Z,0,68.06667,19.73333,32,67.9,25.3105,0,1,0,1,101
6352,2026-06-09T19:41:28.245Z,0,68.06667,19.73333,32,67.9,25.3105,0,1,0,1,101
6353,2026-06-09T19:43:28.240Z,0,68.06667,17.86667,32,67.9,25.3105,0,1,0,1,101
6354,2026-06-09T19:45:28.235Z,0,68.06667,17.86667,32,67.9,25.3105,0,1,0,1,101
6355,2026-06-09T19:47:28.230Z,0,68.06667,17.86667,32,67.9,25.3105,0,1,0,1,101
6356,2026-06-09T19:49:28.225Z,0,68.06667,17.86667,32,67.9,25.3105,0,1,0,1,101
6357,2026-06-09T19:51:28.220Z,0,68.06667,17.86667,32,67.9,25.3105,0,1,0,1,101
6358,2026-06-09T19:53:28.215Z,0,68.06667,17.86667,32,67.9,25.3105,0,1,0,1,101
6359,2026-06-09T19:55:28.210Z,0,68.06667,17.86667,32,67.9,25.3105,0,1,0,1,101
6360,2026-06-09T19:57:28.205Z,0,68.06667,17.86667,32,67.9,25.3105,0,1,0,1,101
6361,2026-06-09T19:59:28.200Z,0,64.33334,17.86667,32,68.7,25.50802,0,1,0,1,101
6362,2026-06-09T20:01:28.195Z,0,64.33334,17.86667,32,68.7,25.50802,0,1,0,1,101
6363,2026-06-09T20:03:28.190Z,0,64.33334,17.86667,32,68.7,25.50802,0,1,0,1,101
6364,2026-06-09T20:05:28.185Z,0,64.33334,16.53333,32,68.7,25.50802,0,1,0,1,101
6365,2026-06-09T20:07:28.180Z,0,64.33334,16.53333,32,68.7,25.50802,0,1,0,1,101
6366,2026-06-09T20:09:28.175Z,0,64.33334,16.53333,32,68.7,25.50802,0,1,0,1,101
6367,2026-06-09T20:11:28.170Z,0,64.33334,16.53333,32,68.7,25.50802,0,1,0,1,101
6368,2026-06-09T20:13:28.165Z,0,64.33334,16.53333,32,68.7,25.50802,0,1,0,1,101
6369,2026-06-09T20:15:28.160Z,0,64.33334,16.53333,32,68.7,25.50802,0,1,0,1,101
6370,2026-06-09T20:17:28.155Z,0,64.33334,16.53333,32,68.7,25.50802,0,1,0,1,101
6371,2026-06-09T20:19:28.150Z,0,64.33334,16.53333,32,68.7,25.50802,0,1,0,1,101
6372,2026-06-09T20:21:28.145Z,0,65,16.53333,32,68.4,25.43418,0,1,0,1,101
6373,2026-06-09T20:23:28.140Z,0,65,16.53333,32,68.4,25.43418,0,1,0,1,101
6374,2026-06-09T20:25:28.135Z,0,65,16.53333,32,68.4,25.43418,0,1,0,1,101
6375,2026-06-09T20:27:28.130Z,0,65,12.4,32,68.4,25.43418,0,1,0,1,101
6376,2026-06-09T20:29:28.125Z,0,65,12.4,32,68.4,25.43418,0,1,0,1,101
6377,2026-06-09T20:31:28.120Z,0,65,12.4,32,68.4,25.43418,0,1,0,1,101
6378,2026-06-09T20:33:28.115Z,0,65,12.4,32,68.4,25.43418,0,1,0,1,101
6379,2026-06-09T20:35:28.110Z,0,65,12.4,32,68.4,25.43418,0,1,0,1,101
6380,2026-06-09T20:37:28.105Z,0,65,12.4,32,68.4,25.43418,0,1,0,1,101
6381,2026-06-09T20:39:28.100Z,0,65,12.4,32,68.4,25.43418,0,1,0,1,101
6382,2026-06-09T20:41:28.095Z,0,65,12.4,32,68.4,25.43418,0,1,0,1,101
6383,2026-06-09T20:43:28.090Z,0,66.4,12.4,32,68,25.33529,0,1,0,1,101
6384,2026-06-09T20:45:28.085Z,0,66.4,12.4,32,68,25.33529,0,1,0,1,101
6385,2026-06-09T20:47:28.080Z,0,66.4,12.4,32,68,25.33529,0,1,0,1,101
6386,2026-06-09T20:49:28.075Z,0,66.4,14.2,32,68,25.33529,0,1,0,1,101
6387,2026-06-09T20:51:28.070Z,0,66.4,14.2,32,68,25.33529,0,1,0,1,101
6388,2026-06-09T20:53:28.065Z,0,66.4,14.2,32,68,25.33529,0,1,0,1,101
6389,2026-06-09T20:55:28.060Z,0,66.4,14.2,32,68,25.33529,0,1,0,1,101
6390,2026-06-09T20:57:28.055Z,0,66.4,14.2,32,68,25.33529,0,1,0,1,101
6391,2026-06-09T20:59:28.050Z,0,66.4,14.2,32,68,25.33529,0,1,0,1,101
6392,2026-06-09T21:01:28.045Z,0,66.4,14.2,32,68,25.33529,0,1,0,1,101
6393,2026-06-09T21:03:28.040Z,0,66.4,14.2,32,68,25.33529,0,1,0,1,101
6394,2026-06-09T21:05:28.035Z,0,66.73333,14.2,32,68.4,25.43418,0,1,0,1,101
6395,2026-06-09T21:07:28.030Z,0,66.73333,14.2,32,68.4,25.43418,0,1,0,1,101
6396,2026-06-09T21:09:28.025Z,0,66.73333,11,32,68.4,25.43418,0,1,0,1,101
6397,2026-06-09T21:11:28.020Z,0,66.73333,11,32,68.4,25.43418,0,1,0,1,101
6398,2026-06-09T21:13:28.015Z,0,66.73333,11,32,68.4,25.43418,0,1,0,1,101
6399,2026-06-09T21:15:28.010Z,0,66.73333,11,32,68.4,25.43418,0,1,0,1,101
6400,2026-06-09T21:17:28.005Z,0,66.73333,11,32,68.4,25.43418,0,1,0,1,101
6401,2026-06-09T21:19:28.000Z,0,66.73333,11,32,68.4,25.43418,0,1,0,1,101
6402,2026-06-09T21:21:27.995Z,0,67.4,11,32.1,67.8,25.38074,0,1,0,1,101
6403,2026-06-09T21:23:27.990Z,0,67.4,11,32.1,67.8,25.38074,0,1,0,1,101
6404,2026-06-09T21:25:27.985Z,0,67.4,11,32.1,67.8,25.38074,0,1,0,1,101
6405,2026-06-09T21:27:27.980Z,0,67.4,11,32.1,67.8,25.38074,0,1,0,1,101
6406,2026-06-09T21:29:27.975Z,0,67.4,12.53333,32.1,67.8,25.38074,0,1,0,1,101
6407,2026-06-09T21:31:27.970Z,0,67.4,12.53333,32.1,67.8,25.38074,0,1,0,1,101
6408,2026-06-09T21:33:27.965Z,0,67.4,12.53333,32.1,67.8,25.38074,0,1,0,1,101
6409,2026-06-09T21:35:27.960Z,0,67.4,12.53333,32.1,67.8,25.38074,0,1,0,1,101
6410,2026-06-09T21:37:27.955Z,0,67.53333,12.53333,32.1,67.3,25.25601,0,1,0,1,101
6411,2026-06-09T21:39:27.950Z,0,67.53333,12.53333,32.1,67.3,25.25601,0,1,0,1,101
6412,2026-06-09T21:41:27.945Z,0,67.53333,12.53333,32.1,67.3,25.25601,0,1,0,1,101
6413,2026-06-09T21:43:27.940Z,0,67.53333,12.53333,32.1,67.3,25.25601,0,1,0,1,101
6414,2026-06-09T21:45:27.935Z,0,67.53333,12.53333,32.1,67.3,25.25601,0,1,0,1,101
6415,2026-06-09T21:47:27.930Z,0,67.53333,12.53333,32.1,67.3,25.25601,0,1,0,1,101
6416,2026-06-09T21:49:27.925Z,0,66.33334,12.53333,32.1,67,25.18078,0,1,0,1,101
6417,2026-06-09T21:51:27.920Z,0,66.33334,12.53333,32.1,67,25.18078,0,1,0,1,101
6418,2026-06-09T21:53:27.915Z,0,66.33334,8.733334,32.1,67,25.18078,0,1,0,1,101
6419,2026-06-09T21:55:27.910Z,0,66.33334,8.733334,32.1,67,25.18078,0,1,0,1,101
6420,2026-06-09T21:57:27.905Z,0,66.33334,8.733334,32.1,67,25.18078,0,1,0,1,101
6421,2026-06-09T21:59:27.900Z,0,66.33334,8.733334,32.1,67,25.18078,0,1,0,1,101
6422,2026-06-09T22:01:27.895Z,0,66.33334,8.733334,32.1,67,25.18078,0,1,0,1,101
6423,2026-06-09T22:03:27.890Z,0,66.33334,8.733334,32.1,67,25.18078,0,1,0,1,101
6424,2026-06-09T22:05:27.885Z,0,66.33334,8.733334,32.1,67,25.18078,0,1,0,1,101
6425,2026-06-09T22:07:27.880Z,0,66.33334,8.733334,32.1,67,25.18078,0,1,0,1,101
6426,2026-06-09T22:09:27.875Z,0,66.33334,8.733334,32.1,67,25.18078,0,1,0,1,101
6427,2026-06-09T22:11:27.870Z,0,65.6,8.733334,32.1,67.2,25.23096,0,1,0,1,101
6428,2026-06-09T22:13:27.865Z,0,65.6,10.53333,32.1,67.2,25.23096,0,1,0,1,101
6429,2026-06-09T22:15:27.860Z,0,65.6,10.53333,32.1,67.2,25.23096,0,1,0,1,101
6430,2026-06-09T22:17:27.855Z,0,65.6,10.53333,32.1,67.2,25.23096,0,1,0,1,101
6431,2026-06-09T22:19:27.850Z,0,65.6,10.53333,32.1,67.2,25.23096,0,1,0,1,101
6432,2026-06-09T22:21:27.845Z,0,65.6,10.53333,32.1,67.2,25.23096,0,1,0,1,101
6433,2026-06-09T22:23:27.840Z,0,65.6,10.53333,32.1,67.2,25.23096,0,1,0,1,101
6434,2026-06-09T22:25:27.835Z,0,65.6,10.53333,32.1,67.2,25.23096,0,1,0,1,101
6435,2026-06-09T22:27:27.830Z,0,65.6,10.53333,32.1,67.2,25.23096,0,1,0,1,101
6436,2026-06-09T22:29:27.825Z,0,65.6,10.53333,32.1,67.2,25.23096,0,1,0,1,101
6437,2026-06-09T22:31:27.820Z,0,65.6,10.53333,32.1,67.2,25.23096,0,1,0,1,101
6438,2026-06-09T22:33:27.815Z,0,69,10.53333,32.1,66.8,25.13046,0,1,0,1,101
6439,2026-06-09T22:35:27.810Z,0,69,7.4,32.1,66.8,25.13046,0,1,0,1,101
6440,2026-06-09T22:37:27.805Z,0,69,7.4,32.1,66.8,25.13046,0,1,0,1,101
6441,2026-06-09T22:39:27.800Z,0,69,7.4,32.1,66.8,25.13046,0,1,0,1,101
6442,2026-06-09T22:41:27.795Z,0,69,7.4,32.1,66.8,25.13046,0,1,0,1,101
6443,2026-06-09T22:43:27.790Z,0,69,7.4,32.1,66.8,25.13046,0,1,0,1,101
6444,2026-06-09T22:45:27.785Z,0,69,7.4,32.1,66.8,25.13046,0,1,0,1,101
6445,2026-06-09T22:47:27.780Z,0,69,7.4,32.1,66.8,25.13046,0,1,0,1,101
6446,2026-06-09T22:49:27.775Z,0,69,7.4,32.1,66.8,25.13046,0,1,0,1,101
6447,2026-06-09T22:51:27.770Z,0,69,7.4,32.1,66.8,25.13046,0,1,0,1,101
6448,2026-06-09T22:53:27.765Z,0,69,7.4,32.1,66.8,25.13046,0,1,0,1,101
6449,2026-06-09T22:55:27.760Z,0,66.26667,7.4,32.1,67,25.18078,0,1,0,1,101
6450,2026-06-09T22:57:27.755Z,0,66.26667,9.533334,32.1,67,25.18078,0,1,0,1,101
6451,2026-06-09T22:59:27.750Z,0,66.26667,9.533334,32.1,67,25.18078,0,1,0,1,101
6452,2026-06-09T23:01:27.745Z,0,66.26667,9.533334,32.1,67,25.18078,0,1,0,1,101
6453,2026-06-09T23:03:27.740Z,0,66.26667,9.533334,32.1,67,25.18078,0,1,0,1,101
6454,2026-06-09T23:05:27.735Z,0,66.26667,9.533334,32.1,67,25.18078,0,1,0,1,101
6455,2026-06-09T23:07:27.730Z,0,66.26667,9.533334,32.1,67,25.18078,0,1,0,1,101
6456,2026-06-09T23:09:27.725Z,0,66.26667,9.533334,32.1,67,25.18078,0,1,0,1,101
6457,2026-06-09T23:11:27.720Z,0,66.26667,9.533334,32.1,67,25.18078,0,1,0,1,101
6458,2026-06-09T23:13:27.715Z,0,66.26667,9.533334,32.1,67,25.18078,0,1,0,1,101
6459,2026-06-09T23:15:27.710Z,0,66.26667,9.533334,32.1,67,25.18078,0,1,0,1,101
6460,2026-06-09T23:17:27.705Z,0,66.86667,9.066667,32.2,66.3,25.0989,0,1,0,1,101
6461,2026-06-09T23:19:27.700Z,0,66.86667,9.066667,32.2,66.3,25.0989,0,1,0,1,101
6462,2026-06-09T23:21:27.695Z,0,66.86667,9.066667,32.2,66.3,25.0989,0,1,0,1,101
6463,2026-06-09T23:23:27.690Z,0,66.86667,9.066667,32.2,66.3,25.0989,0,1,0,1,101
6464,2026-06-09T23:25:27.685Z,0,66.86667,9.066667,32.2,66.3,25.0989,0,1,0,1,101
6465,2026-06-09T23:27:27.680Z,0,66.86667,9.066667,32.2,66.3,25.0989,0,1,0,1,101
6466,2026-06-09T23:29:27.675Z,0,66.86667,9.066667,32.2,66.3,25.0989,0,1,0,1,101
6467,2026-06-09T23:31:27.670Z,0,66.86667,9.066667,32.2,66.3,25.0989,0,1,0,1,101
6468,2026-06-09T23:33:27.665Z,0,66.86667,9.066667,32.2,66.3,25.0989,0,1,0,1,101
6469,2026-06-09T23:35:27.660Z,0,66.86667,9.066667,32.2,66.3,25.0989,0,1,0,1,101
6470,2026-06-09T23:37:27.655Z,0,66.86667,9.066667,32.2,66.3,25.0989,0,1,0,1,101
6471,2026-06-09T23:39:27.650Z,0,65.8,4.866667,32.2,65.9,24.99713,0,1,0,1,101
6472,2026-06-09T23:41:27.645Z,0,65.8,4.866667,32.2,65.9,24.99713,0,1,0,1,101
6473,2026-06-09T23:43:27.640Z,0,65.8,4.866667,32.2,65.9,24.99713,0,1,0,1,101
6474,2026-06-09T23:45:27.635Z,0,65.8,4.866667,32.2,65.9,24.99713,0,1,0,1,101
6475,2026-06-09T23:47:27.630Z,0,65.8,4.866667,32.2,65.9,24.99713,0,1,0,1,101
6476,2026-06-09T23:49:27.625Z,0,65.8,4.866667,32.2,65.9,24.99713,0,1,0,1,101
6477,2026-06-09T23:51:27.620Z,0,65.8,4.866667,32.2,65.9,24.99713,0,1,0,1,101
6478,2026-06-09T23:53:27.615Z,0,65.8,4.866667,32.2,65.9,24.99713,0,1,0,1,101
6479,2026-06-09T23:55:27.610Z,0,65.8,4.866667,32.2,65.9,24.99713,0,1,0,1,101
6480,2026-06-09T23:57:27.605Z,0,65.8,4.866667,32.2,65.9,24.99713,0,1,0,1,101
6481,2026-06-09T23:59:27.600Z,0,65.8,8.066667,32.2,65.9,24.99713,0,1,0,1,101
6482,2026-06-10T00:01:27.595Z,0,66.4,8.066667,32.2,65.1,24.79196,0,1,0,1,101
6483,2026-06-10T00:03:27.590Z,0,66.4,8.066667,32.2,65.1,24.79196,0,1,0,1,101
6484,2026-06-10T00:05:27.585Z,0,66.4,8.066667,32.2,65.1,24.79196,0,1,0,1,101
6485,2026-06-10T00:07:27.580Z,0,66.4,8.066667,32.2,65.1,24.79196,0,1,0,1,101
6486,2026-06-10T00:09:27.575Z,0,66.4,8.066667,32.2,65.1,24.79196,0,1,0,1,101
6487,2026-06-10T00:11:27.570Z,0,66.4,8.066667,32.2,65.1,24.79196,0,1,0,1,101
6488,2026-06-10T00:13:27.565Z,0,66.4,8.066667,32.2,65.1,24.79196,0,1,0,1,101
6489,2026-06-10T00:15:27.560Z,0,66.4,8.066667,32.2,65.1,24.79196,0,1,0,1,101
6490,2026-06-10T00:17:27.555Z,0,66.4,8.066667,32.2,65.1,24.79196,0,1,0,1,101
6491,2026-06-10T00:19:27.550Z,0,66.4,8.066667,32.2,65.1,24.79196,0,1,0,1,101
6492,2026-06-10T00:21:27.545Z,0,66.4,7.133333,32.2,65.1,24.79196,0,1,0,1,101
6493,2026-06-10T00:23:27.540Z,0,69.33334,7.133333,32.2,65.1,24.79196,0,1,0,1,101
6494,2026-06-10T00:25:27.535Z,0,69.33334,7.133333,32.2,65.1,24.79196,0,1,0,1,101
6495,2026-06-10T00:27:27.530Z,0,69.33334,7.133333,32.2,65.1,24.79196,0,1,0,1,101
6496,2026-06-10T00:29:27.525Z,0,69.33334,7.133333,32.2,65.1,24.79196,0,1,0,1,101
6497,2026-06-10T00:31:27.520Z,0,69.33334,7.133333,32.2,65.1,24.79196,0,1,0,1,101
6498,2026-06-10T00:33:27.515Z,0,69.33334,7.133333,32.2,65.1,24.79196,0,1,0,1,101
6499,2026-06-10T00:35:27.510Z,0,69.33334,7.133333,32.2,65.1,24.79196,0,1,0,1,101
6500,2026-06-10T00:37:27.505Z,0,69.33334,7.133333,32.2,65.1,24.79196,0,1,0,1,101
6501,2026-06-10T00:39:27.500Z,0,69.33334,7.133333,32.2,65.1,24.79196,0,1,0,1,101
6502,2026-06-10T00:41:27.495Z,0,69.33334,7.133333,32.2,65.1,24.79196,0,1,0,1,101
6503,2026-06-10T00:43:27.490Z,0,69.33334,7.066667,32.2,65.1,24.79196,0,1,0,1,101
6504,2026-06-10T00:45:27.485Z,0,68.93333,7.066667,32.2,65.6,24.92044,0,1,0,1,101
6505,2026-06-10T00:47:27.480Z,0,68.93333,7.066667,32.2,65.6,24.92044,0,1,0,1,101
6506,2026-06-10T00:49:27.475Z,0,68.93333,7.066667,32.2,65.6,24.92044,0,1,0,1,101
6507,2026-06-10T00:51:27.470Z,0,68.93333,7.066667,32.2,65.6,24.92044,0,1,0,1,101
6508,2026-06-10T00:53:27.465Z,0,68.93333,7.066667,32.2,65.6,24.92044,0,1,0,1,101
6509,2026-06-10T00:55:27.460Z,0,68.93333,7.066667,32.2,65.6,24.92044,0,1,0,1,101
6510,2026-06-10T00:57:27.455Z,0,68.93333,7.066667,32.2,65.6,24.92044,0,1,0,1,101
6511,2026-06-10T00:59:27.450Z,0,68.93333,7.066667,32.2,65.6,24.92044,0,1,0,1,101
6512,2026-06-10T01:01:27.445Z,0,68.93333,7.066667,32.2,65.6,24.92044,0,1,0,1,101
6513,2026-06-10T01:03:27.440Z,0,69.06667,7.066667,32.2,66.1,25.04808,0,1,0,1,101
6514,2026-06-10T01:05:27.435Z,0,69.06667,5.733333,32.2,66.1,25.04808,0,1,0,1,101
6515,2026-06-10T01:07:27.430Z,0,69.06667,5.733333,32.2,66.1,25.04808,0,1,0,1,101
6516,2026-06-10T01:09:27.425Z,0,69.06667,5.733333,32.2,66.1,25.04808,0,1,0,1,101
6517,2026-06-10T01:11:27.420Z,0,69.06667,5.733333,32.2,66.1,25.04808,0,1,0,1,101
6518,2026-06-10T01:13:27.415Z,0,69.06667,5.733333,32.2,66.1,25.04808,0,1,0,1,101
6519,2026-06-10T01:15:27.410Z,0,69.06667,5.733333,32.2,66.1,25.04808,0,1,0,1,101
6520,2026-06-10T01:17:27.405Z,0,69.06667,5.733333,32.2,66.1,25.04808,0,1,0,1,101
6521,2026-06-10T01:19:27.400Z,0,69.06667,5.733333,32.2,66.1,25.04808,0,1,0,1,101
6522,2026-06-10T01:21:27.395Z,0,69.06667,5.733333,32.2,66.1,25.04808,0,1,0,1,101
6523,2026-06-10T01:23:27.390Z,0,69.06667,5.733333,32.2,66.1,25.04808,0,1,0,1,101
6524,2026-06-10T01:25:27.385Z,0,67.6,5.733333,32.2,65.5,24.89482,0,1,0,1,101
6525,2026-06-10T01:27:27.380Z,0,67.6,4,32.2,65.5,24.89482,0,1,0,1,101
6526,2026-06-10T01:29:27.375Z,0,67.6,4,32.2,65.5,24.89482,0,1,0,1,101
6527,2026-06-10T01:31:27.370Z,0,67.6,4,32.2,65.5,24.89482,0,1,0,1,101
6528,2026-06-10T01:33:27.365Z,0,67.6,4,32.2,65.5,24.89482,0,1,0,1,101
6529,2026-06-10T01:35:27.360Z,0,67.6,4,32.2,65.5,24.89482,0,1,0,1,101
6530,2026-06-10T01:37:27.355Z,0,67.6,4,32.2,65.5,24.89482,0,1,0,1,101
6531,2026-06-10T01:39:27.350Z,0,67.6,4,32.2,65.5,24.89482,0,1,0,1,101
6532,2026-06-10T01:41:27.345Z,0,67.6,4,32.2,65.5,24.89482,0,1,0,1,101
6533,2026-06-10T01:43:27.340Z,0,67.6,4,32.2,65.5,24.89482,0,1,0,1,101
6534,2026-06-10T01:45:27.335Z,0,65.2,4,32.2,66.2,25.07351,0,1,0,1,101
6535,2026-06-10T01:47:27.330Z,0,65.2,4.666667,32.2,66.2,25.07351,0,1,0,1,101
6536,2026-06-10T01:49:27.325Z,0,65.2,4.666667,32.2,66.2,25.07351,0,1,0,1,101
6537,2026-06-10T01:51:27.320Z,0,65.2,4.666667,32.2,66.2,25.07351,0,1,0,1,101
6538,2026-06-10T01:53:27.315Z,0,65.2,4.666667,32.2,66.2,25.07351,0,1,0,1,101
6539,2026-06-10T01:55:27.310Z,0,65.2,4.666667,32.2,66.2,25.07351,0,1,0,1,101
6540,2026-06-10T01:57:27.305Z,0,65.2,4.666667,32.2,66.2,25.07351,0,1,0,1,101
6541,2026-06-10T01:59:27.300Z,0,65.2,4.666667,32.2,66.2,25.07351,0,1,0,1,101
6542,2026-06-10T02:01:27.295Z,0,65.2,4.666667,32.2,66.2,25.07351,0,1,0,1,101
6543,2026-06-10T02:03:27.290Z,0,65.2,4.666667,32.2,66.2,25.07351,0,1,0,1,101
6544,2026-06-10T02:05:27.285Z,0,65.2,4.666667,32.2,66.2,25.07351,0,1,0,1,101
6545,2026-06-10T02:07:27.280Z,0,70.6,4.666667,32.2,67.1,25.30084,0,1,0,1,101
6546,2026-06-10T02:09:27.275Z,0,70.6,3.133333,32.2,67.1,25.30084,0,1,0,1,101
6547,2026-06-10T02:11:27.270Z,0,70.6,3.133333,32.2,67.1,25.30084,0,1,0,1,101
6548,2026-06-10T02:13:27.265Z,0,70.6,3.133333,32.2,67.1,25.30084,0,1,0,1,101
6549,2026-06-10T02:15:27.260Z,0,70.6,3.133333,32.2,67.1,25.30084,0,1,0,1,101
6550,2026-06-10T02:17:27.255Z,0,70.6,3.133333,32.2,67.1,25.30084,0,1,0,1,101
6551,2026-06-10T02:19:27.250Z,0,70.6,3.133333,32.2,67.1,25.30084,0,1,0,1,101
6552,2026-06-10T02:21:27.245Z,0,70.6,3.133333,32.2,67.1,25.30084,0,1,0,1,101
6553,2026-06-10T02:23:27.240Z,0,70.6,3.133333,32.2,67.1,25.30084,0,1,0,1,101
6554,2026-06-10T02:25:27.235Z,0,70.6,3.133333,32.2,67.1,25.30084,0,1,0,1,101
6555,2026-06-10T02:27:27.230Z,0,70.6,3.133333,32.2,67.1,25.30084,0,1,0,1,101
6556,2026-06-10T02:29:27.225Z,0,66.46667,3.133333,32.3,66.9,25.34546,0,1,0,1,101
6557,2026-06-10T02:31:27.220Z,0,66.46667,2.8,32.3,66.9,25.34546,0,1,0,1,101
6558,2026-06-10T02:33:27.215Z,0,66.46667,2.8,32.3,66.9,25.34546,0,1,0,1,101
6559,2026-06-10T02:35:27.210Z,0,66.46667,2.8,32.3,66.9,25.34546,0,1,0,1,101
6560,2026-06-10T02:37:27.205Z,0,66.46667,2.8,32.3,66.9,25.34546,0,1,0,1,101
6561,2026-06-10T02:39:27.200Z,0,66.46667,2.8,32.3,66.9,25.34546,0,1,0,1,101
6562,2026-06-10T02:41:27.195Z,0,66.46667,2.8,32.3,66.9,25.34546,0,1,0,1,101
6563,2026-06-10T02:43:27.190Z,0,66.46667,2.8,32.3,66.9,25.34546,0,1,0,1,101
6564,2026-06-10T02:45:27.185Z,0,66.46667,2.8,32.3,66.9,25.34546,0,1,0,1,101
6565,2026-06-10T02:47:27.180Z,0,66.46667,2.8,32.3,66.9,25.34546,0,1,0,1,101
6566,2026-06-10T02:49:27.175Z,0,66.8,2.8,32.3,67,25.37064,0,1,0,1,101
6567,2026-06-10T02:51:27.170Z,0,66.8,2.8,32.3,67,25.37064,0,1,0,1,101
6568,2026-06-10T02:53:27.165Z,0,66.8,2.866667,32.3,67,25.37064,0,1,0,1,101
6569,2026-06-10T02:55:27.160Z,0,66.8,2.866667,32.3,67,25.37064,0,1,0,1,101
6570,2026-06-10T02:57:27.155Z,0,66.8,2.866667,32.3,67,25.37064,0,1,0,1,101
6571,2026-06-10T02:59:27.150Z,0,66.8,2.866667,32.3,67,25.37064,0,1,0,1,101
6572,2026-06-10T03:01:27.145Z,0,66.8,2.866667,32.3,67,25.37064,0,1,0,1,101
6573,2026-06-10T03:03:27.140Z,0,66.8,2.866667,32.3,67,25.37064,0,1,0,1,101
6574,2026-06-10T03:05:27.135Z,0,66.8,2.866667,32.3,67,25.37064,0,1,0,1,101
6575,2026-06-10T03:07:27.130Z,0,66.8,2.866667,32.3,67,25.37064,0,1,0,1,101
6576,2026-06-10T03:09:27.125Z,0,65.4,2.866667,32.4,67,25.46558,0,1,0,1,101
6577,2026-06-10T03:11:27.120Z,0,65.4,2.866667,32.4,67,25.46558,0,1,0,1,101
6578,2026-06-10T03:13:27.115Z,0,65.4,2.866667,32.4,67,25.46558,0,1,0,1,101
6579,2026-06-10T03:15:27.110Z,0,65.4,0,32.4,67,25.46558,0,1,0,1,101
6580,2026-06-10T03:17:27.105Z,0,65.4,0,32.4,67,25.46558,0,1,0,1,101
6581,2026-06-10T03:19:27.100Z,0,65.4,0,32.4,67,25.46558,0,1,0,1,101
6582,2026-06-10T03:21:27.095Z,0,65.4,0,32.4,67,25.46558,0,1,0,1,101
6583,2026-06-10T03:23:27.090Z,0,65.4,0,32.4,67,25.46558,0,1,0,1,101
6584,2026-06-10T03:25:27.085Z,0,65.4,0,32.4,67,25.46558,0,1,0,1,101
6585,2026-06-10T03:27:27.080Z,0,65.4,0,32.4,67,25.46558,0,1,0,1,101
6586,2026-06-10T03:29:27.075Z,0,65.4,0,32.4,67,25.46558,0,1,0,1,101
6587,2026-06-10T03:31:27.070Z,0,65.66666,0,32.4,67.4,25.56604,0,1,0,1,101
6588,2026-06-10T03:33:27.065Z,0,65.66666,0,32.4,67.4,25.56604,0,1,0,1,101
6589,2026-06-10T03:35:27.060Z,0,65.66666,4.2,32.4,67.4,25.56604,0,1,0,1,101
6590,2026-06-10T03:37:27.055Z,0,65.66666,4.2,32.4,67.4,25.56604,0,1,0,1,101
6591,2026-06-10T03:39:27.050Z,0,65.66666,4.2,32.4,67.4,25.56604,0,1,0,1,101
6592,2026-06-10T03:41:27.045Z,0,65.66666,4.2,32.4,67.4,25.56604,0,1,0,1,101
6593,2026-06-10T03:43:27.040Z,0,65.66666,4.2,32.4,67.4,25.56604,0,1,0,1,101
6594,2026-06-10T03:45:27.035Z,0,65.66666,4.2,32.4,67.4,25.56604,0,1,0,1,101
6595,2026-06-10T03:47:27.030Z,0,65.66666,4.2,32.4,67.4,25.56604,0,1,0,1,101
6596,2026-06-10T03:49:27.025Z,0,65.66666,4.2,32.4,67.4,25.56604,0,1,0,1,101
6597,2026-06-10T03:51:27.020Z,0,65.66666,4.2,32.4,67.4,25.56604,0,1,0,1,101
6598,2026-06-10T03:53:27.015Z,0,69.8,4.2,32.4,67.7,25.64104,0,1,0,1,101
6599,2026-06-10T03:55:27.010Z,0,69.8,4.2,32.4,67.7,25.64104,0,1,0,1,101
6600,2026-06-10T03:57:27.005Z,0,69.8,3.8,32.4,67.7,25.64104,0,1,0,1,101
6601,2026-06-10T03:59:27.000Z,0,69.8,3.8,32.4,67.7,25.64104,0,1,0,1,101
6602,2026-06-10T04:01:26.995Z,0,69.8,3.8,32.4,67.7,25.64104,0,1,0,1,101
6603,2026-06-10T04:03:26.990Z,0,69.8,3.8,32.4,67.7,25.64104,0,1,0,1,101
6604,2026-06-10T04:05:26.985Z,0,69.8,3.8,32.4,67.7,25.64104,0,1,0,1,101
6605,2026-06-10T04:07:26.980Z,0,69.8,3.8,32.4,67.7,25.64104,0,1,0,1,101
6606,2026-06-10T04:09:26.975Z,0,69.8,3.8,32.4,67.7,25.64104,0,1,0,1,101
6607,2026-06-10T04:11:26.970Z,0,69.8,3.8,32.4,67.7,25.64104,0,1,0,1,101
6608,2026-06-10T04:13:26.965Z,0,69.8,3.8,32.4,67.7,25.64104,0,1,0,1,101
6609,2026-06-10T04:15:26.960Z,0,65.6,3.8,32.4,67.9,25.69089,0,1,0,1,101
6610,2026-06-10T04:17:26.955Z,0,65.6,3.8,32.4,67.9,25.69089,0,1,0,1,101
6611,2026-06-10T04:19:26.950Z,0,65.6,4.866667,32.4,67.9,25.69089,0,1,0,1,101
6612,2026-06-10T04:21:26.945Z,0,65.6,4.866667,32.4,67.9,25.69089,0,1,0,1,101
6613,2026-06-10T04:23:26.940Z,0,65.6,4.866667,32.4,67.9,25.69089,0,1,0,1,101
6614,2026-06-10T04:25:26.935Z,0,65.6,4.866667,32.4,67.9,25.69089,0,1,0,1,101
6615,2026-06-10T04:27:26.930Z,0,65.6,4.866667,32.4,67.9,25.69089,0,1,0,1,101
6616,2026-06-10T04:29:26.925Z,0,65.6,4.866667,32.4,67.9,25.69089,0,1,0,1,101
6617,2026-06-10T04:31:26.920Z,0,65.6,4.866667,32.4,67.9,25.69089,0,1,0,1,101
6618,2026-06-10T04:33:26.915Z,0,65.6,4.866667,32.4,67.9,25.69089,0,1,0,1,101
6619,2026-06-10T04:35:26.910Z,0,65.6,4.866667,32.4,67.9,25.69089,0,1,0,1,101
6620,2026-06-10T04:37:26.905Z,0,69.33334,4.866667,32.3,66.9,25.34546,0,1,0,1,101
6621,2026-06-10T04:39:26.900Z,0,69.33334,4.866667,32.3,66.9,25.34546,0,1,0,1,101
6622,2026-06-10T04:41:26.895Z,0,69.33334,2.466667,32.3,66.9,25.34546,0,1,0,1,101
6623,2026-06-10T04:43:26.890Z,0,69.33334,2.466667,32.3,66.9,25.34546,0,1,0,1,101
6624,2026-06-10T04:45:26.885Z,0,69.33334,2.466667,32.3,66.9,25.34546,0,1,0,1,101
6625,2026-06-10T04:47:26.880Z,0,69.33334,2.466667,32.3,66.9,25.34546,0,1,0,1,101
6626,2026-06-10T04:49:26.875Z,0,69.33334,2.466667,32.3,66.9,25.34546,0,1,0,1,101
6627,2026-06-10T04:51:26.870Z,0,69.33334,2.466667,32.3,66.9,25.34546,0,1,0,1,101
6628,2026-06-10T04:53:26.865Z,0,69.33334,2.466667,32.3,66.9,25.34546,0,1,0,1,101
6629,2026-06-10T04:55:26.860Z,0,69.33334,2.466667,32.3,66.9,25.34546,0,1,0,1,101
6630,2026-06-10T04:57:26.855Z,0,69.33334,2.466667,32.3,66.9,25.34546,0,1,0,1,101
6631,2026-06-10T04:59:26.850Z,0,66.86667,2.466667,32.2,66.5,25.14958,0,1,0,1,101
6632,2026-06-10T05:01:26.845Z,0,66.86667,2.466667,32.2,66.5,25.14958,0,1,0,1,101
6633,2026-06-10T05:03:26.840Z,0,66.86667,5.2,32.2,66.5,25.14958,0,1,0,1,101
6634,2026-06-10T05:05:26.835Z,0,66.86667,5.2,32.2,66.5,25.14958,0,1,0,1,101
6635,2026-06-10T05:07:26.830Z,0,66.86667,5.2,32.2,66.5,25.14958,0,1,0,1,101
6636,2026-06-10T05:09:26.825Z,0,66.86667,5.2,32.2,66.5,25.14958,0,1,0,1,101
6637,2026-06-10T05:11:26.820Z,0,66.86667,5.2,32.2,66.5,25.14958,0,1,0,1,101
6638,2026-06-10T05:13:26.815Z,0,66.86667,5.2,32.2,66.5,25.14958,0,1,0,1,101
6639,2026-06-10T05:15:26.810Z,0,66.86667,5.2,32.2,66.5,25.14958,0,1,0,1,101
6640,2026-06-10T05:17:26.805Z,0,66.86667,5.2,32.2,66.5,25.14958,0,1,0,1,101
6641,2026-06-10T05:19:26.800Z,0,66.53333,5.2,32.2,66.4,25.12426,0,1,0,1,101
6642,2026-06-10T05:21:26.795Z,0,66.53333,5.2,32.2,66.4,25.12426,0,1,0,1,101
6643,2026-06-10T05:23:26.790Z,0,66.53333,5.2,32.2,66.4,25.12426,0,1,0,1,101
6644,2026-06-10T05:25:26.785Z,0,66.53333,2.266667,32.2,66.4,25.12426,0,1,0,1,101
6645,2026-06-10T05:27:26.780Z,0,66.53333,2.266667,32.2,66.4,25.12426,0,1,0,1,101
6646,2026-06-10T05:29:26.775Z,0,66.53333,2.266667,32.2,66.4,25.12426,0,1,0,1,101
6647,2026-06-10T05:31:26.770Z,0,66.53333,2.266667,32.2,66.4,25.12426,0,1,0,1,101
6648,2026-06-10T05:33:26.765Z,0,66.53333,2.266667,32.2,66.4,25.12426,0,1,0,1,101
6649,2026-06-10T05:35:26.760Z,0,66.53333,2.266667,32.2,66.4,25.12426,0,1,0,1,101
6650,2026-06-10T05:37:26.755Z,0,66.53333,2.266667,32.2,66.4,25.12426,0,1,0,1,101
6651,2026-06-10T05:39:26.750Z,0,66.53333,2.266667,32.2,66.4,25.12426,0,1,0,1,101
6652,2026-06-10T05:41:26.745Z,0,70.33334,2.266667,32.3,66.9,25.34546,0,1,0,1,101
6653,2026-06-10T05:43:26.740Z,0,70.33334,2.266667,32.3,66.9,25.34546,0,1,0,1,101
6654,2026-06-10T05:45:26.735Z,0,70.33334,2.266667,32.3,66.9,25.34546,0,1,0,1,101
6655,2026-06-10T05:47:26.730Z,0,70.33334,4.466667,32.3,66.9,25.34546,0,1,0,1,101
6656,2026-06-10T05:49:26.725Z,0,70.33334,4.466667,32.3,66.9,25.34546,0,1,0,1,101
6657,2026-06-10T05:51:26.720Z,0,70.33334,4.466667,32.3,66.9,25.34546,0,1,0,1,101
6658,2026-06-10T05:53:26.715Z,0,70.33334,4.466667,32.3,66.9,25.34546,0,1,0,1,101
6659,2026-06-10T05:55:26.710Z,0,70.33334,4.466667,32.3,66.9,25.34546,0,1,0,1,101
6660,2026-06-10T05:57:26.705Z,0,70.33334,4.466667,32.3,66.9,25.34546,0,1,0,1,101
6661,2026-06-10T05:59:26.700Z,0,70.33334,4.466667,32.3,66.9,25.34546,0,1,0,1,101
6662,2026-06-10T06:01:26.695Z,0,70.33334,4.466667,32.3,66.9,25.34546,0,1,0,1,101
6663,2026-06-10T06:03:26.690Z,0,66.2,4.466667,32.2,67,25.27571,0,1,0,1,101
6664,2026-06-10T06:05:26.685Z,0,66.2,4.466667,32.2,67,25.27571,0,1,0,1,101
6665,2026-06-10T06:07:26.680Z,0,66.2,4.466667,32.2,67,25.27571,0,1,0,1,101
6666,2026-06-10T06:09:26.675Z,0,66.2,1.933333,32.2,67,25.27571,0,1,0,1,101
6667,2026-06-10T06:11:26.670Z,0,66.2,1.933333,32.2,67,25.27571,0,1,0,1,101
6668,2026-06-10T06:13:26.665Z,0,66.2,1.933333,32.2,67,25.27571,0,1,0,1,101
6669,2026-06-10T06:15:26.660Z,0,66.2,1.933333,32.2,67,25.27571,0,1,0,1,101
6670,2026-06-10T06:17:26.655Z,0,66.2,1.933333,32.2,67,25.27571,0,1,0,1,101
6671,2026-06-10T06:19:26.650Z,0,66.2,1.933333,32.2,67,25.27571,0,1,0,1,101
6672,2026-06-10T06:21:26.645Z,0,66.2,1.933333,32.2,67,25.27571,0,1,0,1,101
6673,2026-06-10T06:23:26.640Z,0,66.13333,1.933333,32.2,66.7,25.20013,0,1,0,1,101
6674,2026-06-10T06:25:26.635Z,0,66.13333,1.933333,32.2,66.7,25.20013,0,1,0,1,101
6675,2026-06-10T06:27:26.630Z,0,66.13333,1.933333,32.2,66.7,25.20013,0,1,0,1,101
6676,2026-06-10T06:29:26.625Z,0,66.13333,1.933333,32.2,66.7,25.20013,0,1,0,1,101
6677,2026-06-10T06:31:26.620Z,0,66.13333,4.866667,32.2,66.7,25.20013,0,1,0,1,101
6678,2026-06-10T06:33:26.615Z,0,66.13333,4.866667,32.2,66.7,25.20013,0,1,0,1,101
6679,2026-06-10T06:35:26.610Z,0,66.13333,4.866667,32.2,66.7,25.20013,0,1,0,1,101
6680,2026-06-10T06:37:26.605Z,0,66.13333,4.866667,32.2,66.7,25.20013,0,1,0,1,101
6681,2026-06-10T06:39:26.600Z,0,66.13333,4.866667,32.2,66.7,25.20013,0,1,0,1,101
6682,2026-06-10T06:41:26.595Z,0,66.13333,4.866667,32.2,66.7,25.20013,0,1,0,1,101
6683,2026-06-10T06:43:26.590Z,0,66.13333,4.866667,32.2,66.7,25.20013,0,1,0,1,101
6684,2026-06-10T06:45:26.585Z,0,68.73333,4.866667,32.2,67.3,25.351,0,1,0,1,101
6685,2026-06-10T06:47:26.580Z,0,68.73333,4.733333,32.2,67.3,25.351,0,1,0,1,101
6686,2026-06-10T06:49:26.575Z,0,68.73333,4.733333,32.2,67.3,25.351,0,1,0,1,101
6687,2026-06-10T06:51:26.570Z,0,68.73333,4.733333,32.2,67.3,25.351,0,1,0,1,101
6688,2026-06-10T06:53:26.565Z,0,68.73333,4.733333,32.2,67.3,25.351,0,1,0,1,101
6689,2026-06-10T06:55:26.560Z,0,68.73333,4.733333,32.2,67.3,25.351,0,1,0,1,101
6690,2026-06-10T06:57:26.555Z,0,68.73333,4.733333,32.2,67.3,25.351,0,1,0,1,101
6691,2026-06-10T06:59:26.550Z,0,68.73333,4.733333,32.2,67.3,25.351,0,1,0,1,101
6692,2026-06-10T07:01:26.545Z,0,68.73333,4.733333,32.2,67.3,25.351,0,1,0,1,101
6693,2026-06-10T07:03:26.540Z,0,68.73333,4.733333,32.2,67.3,25.351,0,1,0,1,101
6694,2026-06-10T07:05:26.535Z,0,68.73333,4.733333,32.2,67.3,25.351,0,1,0,1,101
6695,2026-06-10T07:07:26.530Z,0,66.53333,4.733333,32.2,67,25.27571,0,1,0,1,101
6696,2026-06-10T07:09:26.525Z,0,66.53333,1.933333,32.2,67,25.27571,0,1,0,1,101
6697,2026-06-10T07:11:26.520Z,0,66.53333,1.933333,32.2,67,25.27571,0,1,0,1,101
6698,2026-06-10T07:13:26.515Z,0,66.53333,1.933333,32.2,67,25.27571,0,1,0,1,101
6699,2026-06-10T07:15:26.510Z,0,66.53333,1.933333,32.2,67,25.27571,0,1,0,1,101
6700,2026-06-10T07:17:26.505Z,0,66.53333,1.933333,32.2,67,25.27571,0,1,0,1,101
6701,2026-06-10T07:19:26.500Z,0,66.53333,1.933333,32.2,67,25.27571,0,1,0,1,101
6702,2026-06-10T07:21:26.495Z,0,66.53333,1.933333,32.2,67,25.27571,0,1,0,1,101
6703,2026-06-10T07:23:26.490Z,0,66.53333,1.933333,32.2,67,25.27571,0,1,0,1,101
6704,2026-06-10T07:25:26.485Z,0,66.53333,1.933333,32.2,67,25.27571,0,1,0,1,101
6705,2026-06-10T07:27:26.480Z,0,66.53333,1.933333,32.2,67,25.27571,0,1,0,1,101
6706,2026-06-10T07:29:26.475Z,0,67.53333,3.266667,32.1,66.9,25.15564,0,1,0,1,101
6707,2026-06-10T07:31:26.470Z,0,67.53333,3.266667,32.1,66.9,25.15564,0,1,0,1,101
6708,2026-06-10T07:33:26.465Z,0,67.53333,3.266667,32.1,66.9,25.15564,0,1,0,1,101
6709,2026-06-10T07:35:26.460Z,0,67.53333,3.266667,32.1,66.9,25.15564,0,1,0,1,101
6710,2026-06-10T07:37:26.455Z,0,67.53333,3.266667,32.1,66.9,25.15564,0,1,0,1,101
6711,2026-06-10T07:39:26.450Z,0,67.53333,3.266667,32.1,66.9,25.15564,0,1,0,1,101
6712,2026-06-10T07:41:26.445Z,0,67.53333,3.266667,32.1,66.9,25.15564,0,1,0,1,101
6713,2026-06-10T07:43:26.440Z,0,67.53333,3.266667,32.1,66.9,25.15564,0,1,0,1,101
6714,2026-06-10T07:45:26.435Z,0,67.53333,3.266667,32.1,66.9,25.15564,0,1,0,1,101
6715,2026-06-10T07:47:26.430Z,0,67.53333,3.266667,32.1,66.9,25.15564,0,1,0,1,101
6716,2026-06-10T07:49:26.425Z,0,67.53333,3.266667,32.1,66.9,25.15564,0,1,0,1,101
6717,2026-06-10T07:51:26.420Z,0,65.66666,4.2,32.1,66.9,25.15564,0,1,0,1,101
6718,2026-06-10T07:53:26.415Z,0,65.66666,4.2,32.1,66.9,25.15564,0,1,0,1,101
6719,2026-06-10T07:55:26.410Z,0,65.66666,4.2,32.1,66.9,25.15564,0,1,0,1,101
6720,2026-06-10T07:57:26.405Z,0,65.66666,4.2,32.1,66.9,25.15564,0,1,0,1,101
6721,2026-06-10T07:59:26.400Z,0,65.66666,4.2,32.1,66.9,25.15564,0,1,0,1,101
6722,2026-06-10T08:01:26.395Z,0,65.66666,4.2,32.1,66.9,25.15564,0,1,0,1,101
6723,2026-06-10T08:03:26.390Z,0,65.66666,4.2,32.1,66.9,25.15564,0,1,0,1,101
6724,2026-06-10T08:05:26.385Z,0,65.66666,4.2,32.1,66.9,25.15564,0,1,0,1,101
6725,2026-06-10T08:07:26.380Z,0,65.66666,4.2,32.1,66.9,25.15564,0,1,0,1,101
6726,2026-06-10T08:09:26.375Z,0,65.66666,4.2,32.1,66.9,25.15564,0,1,0,1,101
6727,2026-06-10T08:11:26.370Z,0,64.73333,4.2,32.1,66.8,25.13046,0,1,0,1,101
6728,2026-06-10T08:13:26.365Z,0,64.73333,1.533333,32.1,66.8,25.13046,0,1,0,1,101
6729,2026-06-10T08:15:26.360Z,0,64.73333,1.533333,32.1,66.8,25.13046,0,1,0,1,101
6730,2026-06-10T08:17:26.355Z,0,64.73333,1.533333,32.1,66.8,25.13046,0,1,0,1,101
6731,2026-06-10T08:19:26.350Z,0,64.73333,1.533333,32.1,66.8,25.13046,0,1,0,1,101
6732,2026-06-10T08:21:26.345Z,0,64.73333,1.533333,32.1,66.8,25.13046,0,1,0,1,101
6733,2026-06-10T08:23:26.340Z,0,64.73333,1.533333,32.1,66.8,25.13046,0,1,0,1,101
6734,2026-06-10T08:25:26.335Z,0,64.73333,1.533333,32.1,66.8,25.13046,0,1,0,1,101
6735,2026-06-10T08:27:26.330Z,0,64.73333,1.533333,32.1,66.8,25.13046,0,1,0,1,101
6736,2026-06-10T08:29:26.325Z,0,64.73333,1.533333,32.1,66.8,25.13046,0,1,0,1,101
6737,2026-06-10T08:31:26.320Z,0,64.73333,1.533333,32.1,66.8,25.13046,0,1,0,1,101
6738,2026-06-10T08:33:26.315Z,0,69.26667,1.533333,32.1,66.9,25.15564,0,1,0,1,101
6739,2026-06-10T08:35:26.310Z,0,69.26667,0.733333,32.1,66.9,25.15564,0,1,0,1,101
6740,2026-06-10T08:37:26.305Z,0,69.26667,0.733333,32.1,66.9,25.15564,0,1,0,1,101
6741,2026-06-10T08:39:26.300Z,0,69.26667,0.733333,32.1,66.9,25.15564,0,1,0,1,101
6742,2026-06-10T08:41:26.295Z,0,69.26667,0.733333,32.1,66.9,25.15564,0,1,0,1,101
6743,2026-06-10T08:43:26.290Z,0,69.26667,0.733333,32.1,66.9,25.15564,0,1,0,1,101
6744,2026-06-10T08:45:26.285Z,0,69.26667,0.733333,32.1,66.9,25.15564,0,1,0,1,101
6745,2026-06-10T08:47:26.280Z,0,69.26667,0.733333,32.1,66.9,25.15564,0,1,0,1,101
6746,2026-06-10T08:49:26.275Z,0,69.26667,0.733333,32.1,66.9,25.15564,0,1,0,1,101
6747,2026-06-10T08:51:26.270Z,0,69.26667,0.733333,32.1,66.9,25.15564,0,1,0,1,101
6748,2026-06-10T08:53:26.265Z,0,69.26667,0.733333,32.1,66.9,25.15564,0,1,0,1,101
6749,2026-06-10T08:55:26.260Z,0,66.2,0.733333,32.1,66.4,25.02943,0,1,0,1,101
6750,2026-06-10T08:57:26.255Z,0,66.2,0.666667,32.1,66.4,25.02943,0,1,0,1,101
6751,2026-06-10T08:59:26.250Z,0,66.2,0.666667,32.1,66.4,25.02943,0,1,0,1,101
6752,2026-06-10T09:01:26.245Z,0,66.2,0.666667,32.1,66.4,25.02943,0,1,0,1,101
6753,2026-06-10T09:03:26.240Z,0,66.2,0.666667,32.1,66.4,25.02943,0,1,0,1,101
6754,2026-06-10T09:05:26.235Z,0,66.2,0.666667,32.1,66.4,25.02943,0,1,0,1,101
6755,2026-06-10T09:07:26.230Z,0,66.2,0.666667,32.1,66.4,25.02943,0,1,0,1,101
6756,2026-06-10T09:09:26.225Z,0,66.2,0.666667,32.1,66.4,25.02943,0,1,0,1,101
6757,2026-06-10T09:11:26.220Z,0,66.2,0.666667,32.1,66.4,25.02943,0,1,0,1,101
6758,2026-06-10T09:13:26.215Z,0,66.2,0.666667,32.1,66.4,25.02943,0,1,0,1,101
6759,2026-06-10T09:15:26.210Z,0,66.2,0.666667,32.1,66.4,25.02943,0,1,0,1,101
6760,2026-06-10T09:17:26.205Z,0,71.06667,0.6,32.1,66.3,25.00409,0,1,0,1,101
6761,2026-06-10T09:19:26.200Z,0,71.06667,0.6,32.1,66.3,25.00409,0,1,0,1,101
6762,2026-06-10T09:21:26.195Z,0,71.06667,0.6,32.1,66.3,25.00409,0,1,0,1,101
6763,2026-06-10T09:23:26.190Z,0,71.06667,0.6,32.1,66.3,25.00409,0,1,0,1,101
6764,2026-06-10T09:25:26.185Z,0,71.06667,0.6,32.1,66.3,25.00409,0,1,0,1,101
6765,2026-06-10T09:27:26.180Z,0,71.06667,0.6,32.1,66.3,25.00409,0,1,0,1,101
6766,2026-06-10T09:29:26.175Z,0,71.06667,0.6,32.1,66.3,25.00409,0,1,0,1,101
6767,2026-06-10T09:31:26.170Z,0,71.06667,0.6,32.1,66.3,25.00409,0,1,0,1,101
6768,2026-06-10T09:33:26.165Z,0,71.06667,0.6,32.1,66.3,25.00409,0,1,0,1,101
6769,2026-06-10T09:35:26.160Z,0,71.06667,0.6,32.1,66.3,25.00409,0,1,0,1,101
6770,2026-06-10T09:37:26.155Z,0,71.06667,0.6,32.1,66.3,25.00409,0,1,0,1,101
6771,2026-06-10T09:39:26.150Z,0,66.53333,0,32.2,66.3,25.0989,0,1,0,1,101
6772,2026-06-10T09:41:26.145Z,0,66.53333,0,32.2,66.3,25.0989,0,1,0,1,101
6773,2026-06-10T09:43:26.140Z,0,66.53333,0,32.2,66.3,25.0989,0,1,0,1,101
6774,2026-06-10T09:45:26.135Z,0,66.53333,0,32.2,66.3,25.0989,0,1,0,1,101
6775,2026-06-10T09:47:26.130Z,0,66.53333,0,32.2,66.3,25.0989,0,1,0,1,101
6776,2026-06-10T09:49:26.125Z,0,66.53333,0,32.2,66.3,25.0989,0,1,0,1,101
6777,2026-06-10T09:51:26.120Z,0,66.53333,0,32.2,66.3,25.0989,0,1,0,1,101
6778,2026-06-10T09:53:26.115Z,0,66.53333,0,32.2,66.3,25.0989,0,1,0,1,101
6779,2026-06-10T09:55:26.110Z,0,66.53333,0,32.2,66.3,25.0989,0,1,0,1,101
6780,2026-06-10T09:57:26.105Z,0,66.53333,0,32.2,66.3,25.0989,0,1,0,1,101
6781,2026-06-10T09:59:26.100Z,0,66.53333,0,32.2,66.3,25.0989,0,1,0,1,101
6782,2026-06-10T10:01:26.095Z,0,68.13333,0,32.2,66.1,25.04808,0,1,0,1,101
6783,2026-06-10T10:03:26.090Z,0,68.13333,0,32.2,66.1,25.04808,0,1,0,1,101
6784,2026-06-10T10:05:26.085Z,0,68.13333,0,32.2,66.1,25.04808,0,1,0,1,101
6785,2026-06-10T10:07:26.080Z,0,68.13333,0,32.2,66.1,25.04808,0,1,0,1,101
6786,2026-06-10T10:09:26.075Z,0,68.13333,0,32.2,66.1,25.04808,0,1,0,1,101
6787,2026-06-10T10:11:26.070Z,0,68.13333,0,32.2,66.1,25.04808,0,1,0,1,101
6788,2026-06-10T10:13:26.065Z,0,68.13333,0,32.2,66.1,25.04808,0,1,0,1,101
6789,2026-06-10T10:15:26.060Z,0,68.13333,1.8,32.2,66.1,25.04808,0,1,0,1,101
6790,2026-06-10T10:17:26.055Z,0,68.13333,1.8,32.2,66.1,25.04808,0,1,0,1,101
6791,2026-06-10T10:19:26.050Z,0,68.13333,1.8,32.2,66.1,25.04808,0,1,0,1,101
6792,2026-06-10T10:21:26.045Z,0,68.13333,1.8,32.2,66.1,25.04808,0,1,0,1,101
6793,2026-06-10T10:23:26.040Z,0,66.66666,1.8,32.2,65.9,24.99713,0,1,0,1,101
6794,2026-06-10T10:25:26.035Z,0,66.66666,1.8,32.2,65.9,24.99713,0,1,0,1,101
6795,2026-06-10T10:27:26.030Z,0,66.66666,1.8,32.2,65.9,24.99713,0,1,0,1,101
6796,2026-06-10T10:29:26.025Z,0,66.66666,1.8,32.2,65.9,24.99713,0,1,0,1,101
6797,2026-06-10T10:31:26.020Z,0,66.66666,1.8,32.2,65.9,24.99713,0,1,0,1,101
6798,2026-06-10T10:33:26.015Z,0,66.66666,1.8,32.2,65.9,24.99713,0,1,0,1,101
6799,2026-06-10T10:35:26.010Z,0,66.66666,1.8,32.2,65.9,24.99713,0,1,0,1,101
6800,2026-06-10T10:37:26.005Z,0,66.66666,0,32.2,65.9,24.99713,0,1,0,1,101
6801,2026-06-10T10:39:26.000Z,0,66.66666,0,32.2,65.9,24.99713,0,1,0,1,101
6802,2026-06-10T10:41:25.995Z,0,66.66666,0,32.2,65.9,24.99713,0,1,0,1,101
6803,2026-06-10T10:43:25.990Z,0,66.66666,0,32.2,65.9,24.99713,0,1,0,1,101
6804,2026-06-10T10:45:25.985Z,0,65.53333,0,32.3,66.6,25.26973,0,1,0,1,101
6805,2026-06-10T10:47:25.980Z,0,65.53333,0,32.3,66.6,25.26973,0,1,0,1,101
6806,2026-06-10T10:49:25.975Z,0,65.53333,0,32.3,66.6,25.26973,0,1,0,1,101
6807,2026-06-10T10:51:25.970Z,0,65.53333,0,32.3,66.6,25.26973,0,1,0,1,101
6808,2026-06-10T10:53:25.965Z,0,65.53333,0,32.3,66.6,25.26973,0,1,0,1,101
6809,2026-06-10T10:55:25.960Z,0,65.53333,0,32.3,66.6,25.26973,0,1,0,1,101
6810,2026-06-10T10:57:25.955Z,0,65.53333,0,32.3,66.6,25.26973,0,1,0,1,101
6811,2026-06-10T10:59:25.950Z,0,65.53333,0,32.3,66.6,25.26973,0,1,0,1,101
6812,2026-06-10T11:01:25.945Z,0,65.53333,0,32.3,66.6,25.26973,0,1,0,1,101
6813,2026-06-10T11:03:25.940Z,0,65.53333,0,32.3,66.6,25.26973,0,1,0,1,101
6814,2026-06-10T11:05:25.935Z,0,65.53333,0,32.3,66.6,25.26973,0,1,0,1,101
6815,2026-06-10T11:07:25.930Z,0,66.4,0,32.3,66.2,25.16829,0,1,0,1,101
6816,2026-06-10T11:09:25.925Z,0,66.4,0,32.3,66.2,25.16829,0,1,0,1,101
6817,2026-06-10T11:11:25.920Z,0,66.4,0,32.3,66.2,25.16829,0,1,0,1,101
6818,2026-06-10T11:13:25.915Z,0,66.4,0,32.3,66.2,25.16829,0,1,0,1,101
6819,2026-06-10T11:15:25.910Z,0,66.4,0,32.3,66.2,25.16829,0,1,0,1,101
6820,2026-06-10T11:17:25.905Z,0,66.4,0,32.3,66.2,25.16829,0,1,0,1,101
6821,2026-06-10T11:19:25.900Z,0,66.4,0,32.3,66.2,25.16829,0,1,0,1,101
6822,2026-06-10T11:21:25.895Z,0,66.4,0,32.3,66.2,25.16829,0,1,0,1,101
6823,2026-06-10T11:23:25.890Z,0,66.4,0,32.3,66.2,25.16829,0,1,0,1,101
6824,2026-06-10T11:25:25.885Z,0,66.4,0,32.3,66.2,25.16829,0,1,0,1,101
6825,2026-06-10T11:27:25.880Z,0,66.4,0,32.3,66.2,25.16829,0,1,0,1,101
6826,2026-06-10T11:29:25.875Z,0,66.26667,0,32.3,66.3,25.1937,0,1,0,1,101
6827,2026-06-10T11:31:25.870Z,0,66.26667,0,32.3,66.3,25.1937,0,1,0,1,101
6828,2026-06-10T11:33:25.865Z,0,66.26667,0,32.3,66.3,25.1937,0,1,0,1,101
6829,2026-06-10T11:35:25.860Z,0,66.26667,0,32.3,66.3,25.1937,0,1,0,1,101
6830,2026-06-10T11:37:25.855Z,0,66.26667,0,32.3,66.3,25.1937,0,1,0,1,101
6831,2026-06-10T11:39:25.850Z,0,66.26667,0,32.3,66.3,25.1937,0,1,0,1,101
6832,2026-06-10T11:41:25.845Z,0,66.26667,0,32.3,66.3,25.1937,0,1,0,1,101
6833,2026-06-10T11:43:25.840Z,0,66.26667,0.733333,32.3,66.3,25.1937,0,1,0,1,101
6834,2026-06-10T11:45:25.835Z,0,66.26667,0.733333,32.3,66.3,25.1937,0,1,0,1,101
6835,2026-06-10T11:47:25.830Z,0,66.26667,0.733333,32.3,66.3,25.1937,0,1,0,1,101
6836,2026-06-10T11:49:25.825Z,0,66.26667,0.733333,32.3,66.3,25.1937,0,1,0,1,101
6837,2026-06-10T11:51:25.820Z,0,68.6,0.733333,32.4,67.2,25.51587,0,1,0,1,101
6838,2026-06-10T11:53:25.815Z,0,68.6,0.733333,32.4,67.2,25.51587,0,1,0,1,101
6839,2026-06-10T11:55:25.810Z,0,68.6,0.733333,32.4,67.2,25.51587,0,1,0,1,101
6840,2026-06-10T11:57:25.805Z,0,68.6,0.733333,32.4,67.2,25.51587,0,1,0,1,101
6841,2026-06-10T11:59:25.800Z,0,68.6,0.733333,32.4,67.2,25.51587,0,1,0,1,101
6842,2026-06-10T12:01:25.795Z,0,68.6,0.733333,32.4,67.2,25.51587,0,1,0,1,101
6843,2026-06-10T12:03:25.790Z,0,68.6,0.733333,32.4,67.2,25.51587,0,1,0,1,101
6844,2026-06-10T12:05:25.785Z,0,68.6,0,32.4,67.2,25.51587,0,1,0,1,101
6845,2026-06-10T12:07:25.780Z,0,68.6,0,32.4,67.2,25.51587,0,1,0,1,101
6846,2026-06-10T12:09:25.775Z,0,68.6,0,32.4,67.2,25.51587,0,1,0,1,101
6847,2026-06-10T12:11:25.770Z,0,68.6,0,32.4,67.2,25.51587,0,1,0,1,101
6848,2026-06-10T12:13:25.765Z,0,66.33334,0,32.4,66.5,25.33926,0,1,0,1,101
6849,2026-06-10T12:15:25.760Z,0,66.33334,0,32.4,66.5,25.33926,0,1,0,1,101
6850,2026-06-10T12:17:25.755Z,0,66.33334,0,32.4,66.5,25.33926,0,1,0,1,101
6851,2026-06-10T12:19:25.750Z,0,66.33334,0,32.4,66.5,25.33926,0,1,0,1,101
6852,2026-06-10T12:21:25.745Z,0,66.33334,0,32.4,66.5,25.33926,0,1,0,1,101
6853,2026-06-10T12:23:25.740Z,0,66.33334,0,32.4,66.5,25.33926,0,1,0,1,101
6854,2026-06-10T12:25:25.735Z,0,66.33334,0,32.4,66.5,25.33926,0,1,0,1,101
6855,2026-06-10T12:27:25.730Z,0,66.33334,0,32.4,66.5,25.33926,0,1,0,1,101
6856,2026-06-10T12:29:25.725Z,0,66.33334,0,32.4,66.5,25.33926,0,1,0,1,101
6857,2026-06-10T12:31:25.720Z,0,66.33334,0,32.4,66.5,25.33926,0,1,0,1,101
6858,2026-06-10T12:33:25.715Z,0,66.33334,0,32.4,66.5,25.33926,0,1,0,1,101
6859,2026-06-10T12:35:25.710Z,0,66.93333,0,32.4,66.7,25.38989,0,1,0,1,101
6860,2026-06-10T12:37:25.705Z,0,66.93333,0,32.4,66.7,25.38989,0,1,0,1,101
6861,2026-06-10T12:39:25.700Z,0,66.93333,0,32.4,66.7,25.38989,0,1,0,1,101
6862,2026-06-10T12:41:25.695Z,0,66.93333,0,32.4,66.7,25.38989,0,1,0,1,101
6863,2026-06-10T12:43:25.690Z,0,66.93333,0,32.4,66.7,25.38989,0,1,0,1,101
6864,2026-06-10T12:45:25.685Z,0,66.93333,0,32.4,66.7,25.38989,0,1,0,1,101
6865,2026-06-10T12:47:25.680Z,0,66.93333,0,32.4,66.7,25.38989,0,1,0,1,101
6866,2026-06-10T12:49:25.675Z,0,66.93333,0,32.4,66.7,25.38989,0,1,0,1,101
6867,2026-06-10T12:51:25.670Z,0,66.93333,0,32.4,66.7,25.38989,0,1,0,1,101
6868,2026-06-10T12:53:25.665Z,0,66.93333,0,32.4,66.7,25.38989,0,1,0,1,101
6869,2026-06-10T12:55:25.660Z,0,66.93333,0,32.4,66.7,25.38989,0,1,0,1,101
6870,2026-06-10T12:57:25.655Z,0,66.86667,0,32.4,67.4,25.56604,0,1,0,1,101
6871,2026-06-10T12:59:25.650Z,0,66.86667,0,32.4,67.4,25.56604,0,1,0,1,101
6872,2026-06-10T13:01:25.645Z,0,66.86667,0,32.4,67.4,25.56604,0,1,0,1,101
6873,2026-06-10T13:03:25.640Z,0,66.86667,0,32.4,67.4,25.56604,0,1,0,1,101
6874,2026-06-10T13:05:25.635Z,0,66.86667,0,32.4,67.4,25.56604,0,1,0,1,101
6875,2026-06-10T13:07:25.630Z,0,66.86667,0,32.4,67.4,25.56604,0,1,0,1,101
6876,2026-06-10T13:09:25.625Z,0,66.86667,0,32.4,67.4,25.56604,0,1,0,1,101
6877,2026-06-10T13:11:25.620Z,0,66.86667,0,32.4,67.4,25.56604,0,1,0,1,101
6878,2026-06-10T13:13:25.615Z,0,66.86667,0,32.4,67.4,25.56604,0,1,0,1,101
6879,2026-06-10T13:15:25.610Z,0,66.86667,0,32.4,67.4,25.56604,0,1,0,1,101
6880,2026-06-10T13:17:25.605Z,0,66.86667,0,32.4,67.4,25.56604,0,1,0,1,101
6881,2026-06-10T13:19:25.600Z,0,69.33334,0,32.4,67.6,25.61607,0,1,0,1,101
6882,2026-06-10T13:21:25.595Z,0,69.33334,0,32.4,67.6,25.61607,0,1,0,1,101
6883,2026-06-10T13:23:25.590Z,0,69.33334,0,32.4,67.6,25.61607,0,1,0,1,101
6884,2026-06-10T13:25:25.585Z,0,69.33334,0,32.4,67.6,25.61607,0,1,0,1,101
6885,2026-06-10T13:27:25.580Z,0,69.33334,0,32.4,67.6,25.61607,0,1,0,1,101
6886,2026-06-10T13:29:25.575Z,0,69.33334,0,32.4,67.6,25.61607,0,1,0,1,101
6887,2026-06-10T13:31:25.570Z,0,69.33334,0,32.4,67.6,25.61607,0,1,0,1,101
6888,2026-06-10T13:33:25.565Z,0,69.33334,0,32.4,67.6,25.61607,0,1,0,1,101
6889,2026-06-10T13:35:25.560Z,0,69.33334,0,32.4,67.6,25.61607,0,1,0,1,101
6890,2026-06-10T13:37:25.555Z,0,69.33334,0,32.4,67.6,25.61607,0,1,0,1,101
6891,2026-06-10T13:39:25.550Z,0,69.13333,0,32.4,67.2,25.51587,0,1,0,1,101
6892,2026-06-10T13:41:25.545Z,0,69.13333,0,32.4,67.2,25.51587,0,1,0,1,101
6893,2026-06-10T13:43:25.540Z,0,69.13333,0,32.4,67.2,25.51587,0,1,0,1,101
6894,2026-06-10T13:45:25.535Z,0,69.13333,0,32.4,67.2,25.51587,0,1,0,1,101
6895,2026-06-10T13:47:25.530Z,0,69.13333,0,32.4,67.2,25.51587,0,1,0,1,101
6896,2026-06-10T13:49:25.525Z,0,69.13333,0,32.4,67.2,25.51587,0,1,0,1,101
6897,2026-06-10T13:51:25.520Z,0,69.13333,0,32.4,67.2,25.51587,0,1,0,1,101
6898,2026-06-10T13:53:25.515Z,0,69.13333,0,32.4,67.2,25.51587,0,1,0,1,101
6899,2026-06-10T13:55:25.510Z,0,69.13333,0,32.4,67.2,25.51587,0,1,0,1,101
6900,2026-06-10T13:57:25.505Z,0,69.13333,0,32.4,67.2,25.51587,0,1,0,1,101
6901,2026-06-10T13:59:25.500Z,0,69.13333,0,32.4,67.2,25.51587,0,1,0,1,101
6902,2026-06-10T14:01:25.495Z,0,65.8,0,32.4,67.4,25.56604,0,1,0,1,101
6903,2026-06-10T14:03:25.490Z,0,65.8,0,32.4,67.4,25.56604,0,1,0,1,101
6904,2026-06-10T14:05:25.485Z,0,65.8,0,32.4,67.4,25.56604,0,1,0,1,101
6905,2026-06-10T14:07:25.480Z,0,65.8,0,32.4,67.4,25.56604,0,1,0,1,101
6906,2026-06-10T14:09:25.475Z,0,65.8,0,32.4,67.4,25.56604,0,1,0,1,101
6907,2026-06-10T14:11:25.470Z,0,65.8,0,32.4,67.4,25.56604,0,1,0,1,101
6908,2026-06-10T14:13:25.465Z,0,65.8,0,32.4,67.4,25.56604,0,1,0,1,101
6909,2026-06-10T14:15:25.460Z,0,65.8,0,32.4,67.4,25.56604,0,1,0,1,101
6910,2026-06-10T14:17:25.455Z,0,65.8,0,32.4,67.4,25.56604,0,1,0,1,101
6911,2026-06-10T14:19:25.450Z,0,65.8,0,32.4,67.4,25.56604,0,1,0,1,101
6912,2026-06-10T14:21:25.445Z,0,65.8,0,32.4,67.4,25.56604,0,1,0,1,101
6913,2026-06-10T14:23:25.440Z,0,65.06667,0,32.4,67.2,25.51587,0,1,0,1,101
6914,2026-06-10T14:25:25.435Z,0,65.06667,0,32.4,67.2,25.51587,0,1,0,1,101
6915,2026-06-10T14:27:25.430Z,0,65.06667,0,32.4,67.2,25.51587,0,1,0,1,101
6916,2026-06-10T14:29:25.425Z,0,65.06667,0,32.4,67.2,25.51587,0,1,0,1,101
6917,2026-06-10T14:31:25.420Z,0,65.06667,0,32.4,67.2,25.51587,0,1,0,1,101
6918,2026-06-10T14:33:25.415Z,0,65.06667,0,32.4,67.2,25.51587,0,1,0,1,101
6919,2026-06-10T14:35:25.410Z,0,65.06667,0,32.4,67.2,25.51587,0,1,0,1,101
6920,2026-06-10T14:37:25.405Z,0,65.06667,0,32.4,67.2,25.51587,0,1,0,1,101
6921,2026-06-10T14:39:25.400Z,0,65.06667,0,32.4,67.2,25.51587,0,1,0,1,101
6922,2026-06-10T14:41:25.395Z,0,65.06667,0,32.4,67.2,25.51587,0,1,0,1,101
6923,2026-06-10T14:43:25.390Z,0,65.06667,0,32.4,67.2,25.51587,0,1,0,1,101
6924,2026-06-10T14:45:25.385Z,0,69.6,0,32.3,67.3,25.44598,0,1,0,1,101
6925,2026-06-10T14:47:25.380Z,0,69.6,0,32.3,67.3,25.44598,0,1,0,1,101
6926,2026-06-10T14:49:25.375Z,0,69.6,0,32.3,67.3,25.44598,0,1,0,1,101
6927,2026-06-10T14:51:25.370Z,0,69.6,0,32.3,67.3,25.44598,0,1,0,1,101
6928,2026-06-10T14:53:25.365Z,0,69.6,0,32.3,67.3,25.44598,0,1,0,1,101
6929,2026-06-10T14:55:25.360Z,0,69.6,0,32.3,67.3,25.44598,0,1,0,1,101
6930,2026-06-10T14:57:25.355Z,0,69.6,0,32.3,67.3,25.44598,0,1,0,1,101
6931,2026-06-10T14:59:25.350Z,0,69.6,0,32.3,67.3,25.44598,0,1,0,1,101
6932,2026-06-10T15:01:25.345Z,0,69.6,0,32.3,67.3,25.44598,0,1,0,1,101
6933,2026-06-10T15:03:25.340Z,0,69.6,0,32.3,67.3,25.44598,0,1,0,1,101
6934,2026-06-10T15:05:25.335Z,0,69.6,0,32.3,67.3,25.44598,0,1,0,1,101
6935,2026-06-10T15:07:25.330Z,0,67.4,0,32.3,67.4,25.47103,0,1,0,1,101
6936,2026-06-10T15:09:25.325Z,0,67.4,0,32.3,67.4,25.47103,0,1,0,1,101
6937,2026-06-10T15:11:25.320Z,0,67.4,0,32.3,67.4,25.47103,0,1,0,1,101
6938,2026-06-10T15:13:25.315Z,0,67.4,0,32.3,67.4,25.47103,0,1,0,1,101
6939,2026-06-10T15:15:25.310Z,0,67.4,0,32.3,67.4,25.47103,0,1,0,1,101
6940,2026-06-10T15:17:25.305Z,0,67.4,0,32.3,67.4,25.47103,0,1,0,1,101
6941,2026-06-10T15:19:25.300Z,0,67.4,0,32.3,67.4,25.47103,0,1,0,1,101
6942,2026-06-10T15:21:25.295Z,0,67.4,0,32.3,67.4,25.47103,0,1,0,1,101
6943,2026-06-10T15:23:25.290Z,0,67.4,0,32.3,67.4,25.47103,0,1,0,1,101
6944,2026-06-10T15:25:25.285Z,0,67.4,0,32.3,67.4,25.47103,0,1,0,1,101
6945,2026-06-10T15:27:25.280Z,0,67.4,0,32.3,67.4,25.47103,0,1,0,1,101
6946,2026-06-10T15:29:25.275Z,0,69.4,0,32.3,67.5,25.49604,0,1,0,1,101
6947,2026-06-10T15:31:25.270Z,0,69.4,0,32.3,67.5,25.49604,0,1,0,1,101
6948,2026-06-10T15:33:25.265Z,0,69.4,0,32.3,67.5,25.49604,0,1,0,1,101
6949,2026-06-10T15:35:25.260Z,0,69.4,0,32.3,67.5,25.49604,0,1,0,1,101
6950,2026-06-10T15:37:25.255Z,0,69.4,0,32.3,67.5,25.49604,0,1,0,1,101
6951,2026-06-10T15:39:25.250Z,0,69.4,0,32.3,67.5,25.49604,0,1,0,1,101
6952,2026-06-10T15:41:25.245Z,0,69.4,0,32.3,67.5,25.49604,0,1,0,1,101
6953,2026-06-10T15:43:25.240Z,0,69.4,0,32.3,67.5,25.49604,0,1,0,1,101
6954,2026-06-10T15:45:25.235Z,0,69.4,0,32.3,67.5,25.49604,0,1,0,1,101
6955,2026-06-10T15:47:25.230Z,0,69.4,0,32.3,67.5,25.49604,0,1,0,1,101
6956,2026-06-10T15:49:25.225Z,0,69.4,0,32.3,67.5,25.49604,0,1,0,1,101
6957,2026-06-10T15:51:25.220Z,0,66.6,0,32.3,67.8,25.5709,0,1,0,1,101
6958,2026-06-10T15:53:25.215Z,0,66.6,0,32.3,67.8,25.5709,0,1,0,1,101
6959,2026-06-10T15:55:25.210Z,0,66.6,0,32.3,67.8,25.5709,0,1,0,1,101
6960,2026-06-10T15:57:25.205Z,0,66.6,0,32.3,67.8,25.5709,0,1,0,1,101
6961,2026-06-10T15:59:25.200Z,0,66.6,0,32.3,67.8,25.5709,0,1,0,1,101
6962,2026-06-10T16:01:25.195Z,0,66.6,0,32.3,67.8,25.5709,0,1,0,1,101
6963,2026-06-10T16:03:25.190Z,0,66.6,0,32.3,67.8,25.5709,0,1,0,1,101
6964,2026-06-10T16:05:25.185Z,0,66.6,0,32.3,67.8,25.5709,0,1,0,1,101
6965,2026-06-10T16:07:25.180Z,0,66.6,0,32.3,67.8,25.5709,0,1,0,1,101
6966,2026-06-10T16:09:25.175Z,0,66.6,0,32.3,67.8,25.5709,0,1,0,1,101
6967,2026-06-10T16:11:25.170Z,0,66.33334,0,32.3,68.2,25.67026,0,1,0,1,101
6968,2026-06-10T16:13:25.165Z,0,66.33334,0,32.3,68.2,25.67026,0,1,0,1,101
6969,2026-06-10T16:15:25.160Z,0,66.33334,0,32.3,68.2,25.67026,0,1,0,1,101
6970,2026-06-10T16:17:25.155Z,0,66.33334,0,32.3,68.2,25.67026,0,1,0,1,101
6971,2026-06-10T16:19:25.150Z,0,66.33334,0,32.3,68.2,25.67026,0,1,0,1,101
6972,2026-06-10T16:21:25.145Z,0,66.33334,0,32.3,68.2,25.67026,0,1,0,1,101
6973,2026-06-10T16:23:25.140Z,0,66.33334,0,32.3,68.2,25.67026,0,1,0,1,101
6974,2026-06-10T16:25:25.135Z,0,66.33334,0,32.3,68.2,25.67026,0,1,0,1,101
6975,2026-06-10T16:27:25.130Z,0,66.33334,0,32.3,68.2,25.67026,0,1,0,1,101
6976,2026-06-10T16:29:25.125Z,0,66.33334,0,32.3,68.2,25.67026,0,1,0,1,101
6977,2026-06-10T16:31:25.120Z,0,66.33334,0,32.3,68.2,25.67026,0,1,0,1,101
6978,2026-06-10T16:33:25.115Z,0,69.73333,0,32.2,67.8,25.47583,0,1,0,1,101
6979,2026-06-10T16:35:25.110Z,0,69.73333,0,32.2,67.8,25.47583,0,1,0,1,101
6980,2026-06-10T16:37:25.105Z,0,69.73333,0,32.2,67.8,25.47583,0,1,0,1,101
6981,2026-06-10T16:39:25.100Z,0,69.73333,0,32.2,67.8,25.47583,0,1,0,1,101
6982,2026-06-10T16:41:25.095Z,0,69.73333,0,32.2,67.8,25.47583,0,1,0,1,101
6983,2026-06-10T16:43:25.090Z,0,69.73333,0,32.2,67.8,25.47583,0,1,0,1,101
6984,2026-06-10T16:45:25.085Z,0,69.73333,0,32.2,67.8,25.47583,0,1,0,1,101
6985,2026-06-10T16:47:25.080Z,0,69.73333,0,32.2,67.8,25.47583,0,1,0,1,101
6986,2026-06-10T16:49:25.075Z,0,69.73333,0,32.2,67.8,25.47583,0,1,0,1,101
6987,2026-06-10T16:51:25.070Z,0,69.73333,0,32.2,67.8,25.47583,0,1,0,1,101
6988,2026-06-10T16:53:25.065Z,0,69.73333,0,32.2,67.8,25.47583,0,1,0,1,101
6989,2026-06-10T16:55:25.060Z,0,67.33334,0,32.2,67.1,25.30084,0,1,0,1,101
6990,2026-06-10T16:57:25.055Z,0,67.33334,0,32.2,67.1,25.30084,0,1,0,1,101
6991,2026-06-10T16:59:25.050Z,0,67.33334,0,32.2,67.1,25.30084,0,1,0,1,101
6992,2026-06-10T17:01:25.045Z,0,67.33334,0,32.2,67.1,25.30084,0,1,0,1,101
6993,2026-06-10T17:03:25.040Z,0,67.33334,0,32.2,67.1,25.30084,0,1,0,1,101
6994,2026-06-10T17:05:25.035Z,0,67.33334,0,32.2,67.1,25.30084,0,1,0,1,101
6995,2026-06-10T17:07:25.030Z,0,67.33334,0,32.2,67.1,25.30084,0,1,0,1,101
6996,2026-06-10T17:09:25.025Z,0,67.33334,0,32.2,67.1,25.30084,0,1,0,1,101
6997,2026-06-10T17:11:25.020Z,0,67.33334,0,32.2,67.1,25.30084,0,1,0,1,101
6998,2026-06-10T17:13:25.015Z,0,67.33334,0,32.2,67.1,25.30084,0,1,0,1,101
6999,2026-06-10T17:15:25.010Z,0,67.33334,0,32.2,67.1,25.30084,0,1,0,1,101
7000,2026-06-10T17:17:25.005Z,0,69.86667,0,32.1,66.2,24.97871,0,1,0,1,101
7001,2026-06-10T17:19:25.000Z,0,69.86667,0,32.1,66.2,24.97871,0,1,0,1,101
7002,2026-06-10T17:21:24.995Z,0,69.86667,0,32.1,66.2,24.97871,0,1,0,1,101
7003,2026-06-10T17:23:24.990Z,0,69.86667,0,32.1,66.2,24.97871,0,1,0,1,101
7004,2026-06-10T17:25:24.985Z,0,69.86667,0,32.1,66.2,24.97871,0,1,0,1,101
7005,2026-06-10T17:27:24.980Z,0,69.86667,0,32.1,66.2,24.97871,0,1,0,1,101
7006,2026-06-10T17:29:24.975Z,0,69.86667,0,32.1,66.2,24.97871,0,1,0,1,101
7007,2026-06-10T17:31:24.970Z,0,64.06667,25.66667,34,66.5,26.85647,0,1,0,1,101
7008,2026-06-10T17:33:24.965Z,0,64.06667,25.66667,34,66.5,26.85647,0,1,0,1,101
7009,2026-06-10T17:35:24.960Z,0,64.06667,25.66667,34,66.5,26.85647,0,1,0,1,101
7010,2026-06-10T17:37:24.955Z,0,64.06667,25.66667,34,66.5,26.85647,0,1,0,1,101
7011,2026-06-10T17:39:24.950Z,0,64.06667,25.66667,34,66.5,26.85647,0,1,0,1,101
7012,2026-06-10T17:41:24.945Z,0,64.06667,25.66667,34,66.5,26.85647,0,1,0,1,101
7013,2026-06-10T17:43:24.940Z,0,64.06667,25.66667,34,66.5,26.85647,0,1,0,1,101
7014,2026-06-10T17:45:24.935Z,0,64.06667,25.66667,34,66.5,26.85647,0,1,0,1,101
7015,2026-06-10T17:47:24.930Z,0,64.06667,25.66667,34,66.5,26.85647,0,1,0,1,101
7016,2026-06-10T17:49:24.925Z,0,64.06667,25.66667,34,66.5,26.85647,0,1,0,1,101
7017,2026-06-10T17:51:24.920Z,0,64.06667,25.66667,34,66.5,26.85647,0,1,0,1,101
7018,2026-06-10T17:53:24.915Z,0,64.06667,25.66667,34,66.5,26.85647,0,1,0,1,101
7019,2026-06-10T17:55:24.910Z,0,64.73333,25.53333,34,64.7,26.38944,0,1,0,1,101
7020,2026-06-10T17:57:24.905Z,0,64.73333,25.53333,34,64.7,26.38944,0,1,0,1,101
7021,2026-06-10T17:59:24.900Z,0,64.73333,25.53333,34,64.7,26.38944,0,1,0,1,101
7022,2026-06-10T18:01:24.895Z,0,64.73333,25.53333,34,64.7,26.38944,0,1,0,1,101
7023,2026-06-10T18:03:24.890Z,0,64.73333,25.53333,34,64.7,26.38944,0,1,0,1,101
7024,2026-06-10T18:05:24.885Z,0,64.73333,25.53333,34,64.7,26.38944,0,1,0,1,101
7025,2026-06-10T18:07:24.880Z,0,64.73333,25.53333,34,64.7,26.38944,0,1,0,1,101
7026,2026-06-10T18:09:24.875Z,0,64.73333,25.53333,34,64.7,26.38944,0,1,0,1,101
7027,2026-06-10T18:11:24.870Z,0,64.73333,25.53333,34,64.7,26.38944,0,1,0,1,101
7028,2026-06-10T18:13:24.865Z,0,64.73333,25.53333,34,64.7,26.38944,0,1,0,1,101
7029,2026-06-10T18:15:24.860Z,0,64.73333,25.53333,34,64.7,26.38944,0,1,0,1,101
7030,2026-06-10T18:17:24.855Z,0,64.73333,25.53333,34,64.7,26.38944,0,1,0,1,101
7031,2026-06-10T18:19:24.850Z,0,64.73333,25.53333,34,64.7,26.38944,0,1,0,1,101
7032,2026-06-10T18:21:24.845Z,0,64.73333,25.53333,34,64.7,26.38944,0,1,0,1,101
7033,2026-06-10T18:23:24.840Z,0,64.73333,25.53333,34,64.7,26.38944,0,1,0,1,101
7034,2026-06-10T18:25:24.835Z,0,64.73333,25.53333,34,64.7,26.38944,0,1,0,1,101
7035,2026-06-10T18:27:24.830Z,0,64.73333,25.53333,34,64.7,26.38944,0,1,0,1,101
7036,2026-06-10T18:29:24.825Z,0,64.73333,25.53333,34,64.7,26.38944,0,1,0,1,101
7037,2026-06-10T18:31:24.820Z,0,64.73333,25.53333,34,64.7,26.38944,0,1,0,1,101
7038,2026-06-10T18:33:24.815Z,0,64.73333,25.53333,34,64.7,26.38944,0,1,0,1,101
7039,2026-06-10T18:35:24.810Z,0,64.73333,25.53333,34,64.7,26.38944,0,1,0,1,101
7040,2026-06-10T18:37:24.805Z,0,64.73333,25.53333,34,64.7,26.38944,0,1,0,1,101
7041,2026-06-10T18:39:24.800Z,0,64.73333,25.53333,34,64.7,26.38944,0,1,0,1,101
7042,2026-06-10T18:41:24.795Z,0,64.73333,25.53333,34,64.7,26.38944,0,1,0,1,101
7043,2026-06-10T18:43:24.790Z,0,64.73333,25.53333,34,64.7,26.38944,0,1,0,1,101
7044,2026-06-10T18:45:24.785Z,0,64.73333,25.53333,34,64.7,26.38944,0,1,0,1,101
7045,2026-06-10T18:47:24.780Z,0,64.73333,25.53333,34,64.7,26.38944,0,1,0,1,101
7046,2026-06-10T18:49:24.775Z,0,64.73333,25.53333,34,64.7,26.38944,0,1,0,1,101
7047,2026-06-10T18:51:24.770Z,0,64.6,25.2,34.1,64.4,26.40492,0,1,0,1,101
7048,2026-06-10T18:53:24.765Z,0,64.6,25.2,34.1,64.4,26.40492,0,1,0,1,101
7049,2026-06-10T18:55:24.760Z,0,64.6,25.2,34.1,64.4,26.40492,0,1,0,1,101
7050,2026-06-10T18:57:24.755Z,0,64.6,25.2,34.1,64.4,26.40492,0,1,0,1,101
7051,2026-06-10T18:59:24.750Z,0,64.6,25.2,34.1,64.4,26.40492,0,1,0,1,101
7052,2026-06-10T19:01:24.745Z,0,64.6,25.2,34.1,64.4,26.40492,0,1,0,1,101
7053,2026-06-10T19:03:24.740Z,0,64.6,25.2,34.1,64.4,26.40492,0,1,0,1,101
7054,2026-06-10T19:05:24.735Z,0,64.6,25.2,34.1,64.4,26.40492,0,1,0,1,101
7055,2026-06-10T19:07:24.730Z,0,64.6,25.2,34.1,64.4,26.40492,0,1,0,1,101
7056,2026-06-10T19:09:24.725Z,0,64.6,25.2,34.1,64.4,26.40492,0,1,0,1,101
7057,2026-06-10T19:11:24.720Z,0,64.6,25.2,34.1,64.4,26.40492,0,1,0,1,101
7058,2026-06-10T19:13:24.715Z,0,64.6,25.2,34.1,64.4,26.40492,0,1,0,1,101
7059,2026-06-10T19:15:24.710Z,0,64.6,25.2,34.1,64.4,26.40492,0,1,0,1,101
7060,2026-06-10T19:17:24.705Z,0,64.6,25.2,34.1,64.4,26.40492,0,1,0,1,101
7061,2026-06-10T19:19:24.700Z,0,64.6,25.2,34.1,64.4,26.40492,0,1,0,1,101
7062,2026-06-10T19:21:24.695Z,0,64.6,25.2,34.1,64.4,26.40492,0,1,0,1,101
7063,2026-06-10T19:23:24.690Z,0,64.6,25.2,34.1,64.4,26.40492,0,1,0,1,101
7064,2026-06-10T19:25:24.685Z,0,64.6,25.2,34.1,64.4,26.40492,0,1,0,1,101
7065,2026-06-10T19:27:24.680Z,0,64.6,25.2,34.1,64.4,26.40492,0,1,0,1,101
7066,2026-06-10T19:29:24.675Z,0,64.6,25.2,34.1,64.4,26.40492,0,1,0,1,101
7067,2026-06-10T19:31:24.670Z,0,64.6,25.2,34.1,64.4,26.40492,0,1,0,1,101
7068,2026-06-10T19:33:24.665Z,0,64.6,25.2,34.1,64.4,26.40492,0,1,0,1,101
7069,2026-06-10T19:35:24.660Z,0,64.6,25.2,34.1,64.4,26.40492,0,1,0,1,101
7070,2026-06-10T19:37:24.655Z,0,64.6,25.2,34.1,64.4,26.40492,0,1,0,1,101
7071,2026-06-10T19:39:24.650Z,0,64.6,25.2,34.1,64.4,26.40492,0,1,0,1,101
7072,2026-06-10T19:41:24.645Z,0,64.6,25.2,34.1,64.4,26.40492,0,1,0,1,101
7073,2026-06-10T19:43:24.640Z,0,64.6,25.2,34.1,64.4,26.40492,0,1,0,1,101
7074,2026-06-10T19:45:24.635Z,0,64.6,25.2,34.1,64.4,26.40492,0,1,0,1,101
7075,2026-06-10T19:47:24.630Z,0,64.6,25.2,34.1,64.4,26.40492,0,1,0,1,101
7076,2026-06-10T19:49:24.625Z,0,65.2,25.73333,34.2,61.9,25.82782,0,1,0,1,101
7077,2026-06-10T19:51:24.620Z,0,65.2,25.73333,34.2,61.9,25.82782,0,1,0,1,101
7078,2026-06-10T19:53:24.615Z,0,65.2,25.73333,34.2,61.9,25.82782,0,1,0,1,101
7079,2026-06-10T19:55:24.610Z,0,65.2,25.73333,34.2,61.9,25.82782,0,1,0,1,101
7080,2026-06-10T19:57:24.605Z,0,65.2,25.73333,34.2,61.9,25.82782,0,1,0,1,101
7081,2026-06-10T19:59:24.600Z,0,65.2,25.73333,34.2,61.9,25.82782,0,1,0,1,101
7082,2026-06-10T20:01:24.595Z,0,65.2,25.73333,34.2,61.9,25.82782,0,1,0,1,101
7083,2026-06-10T20:03:24.590Z,0,65.2,25.73333,34.2,61.9,25.82782,0,1,0,1,101
7084,2026-06-10T20:05:24.585Z,0,65.2,25.73333,34.2,61.9,25.82782,0,1,0,1,101
7085,2026-06-10T20:07:24.580Z,0,65.2,25.73333,34.2,61.9,25.82782,0,1,0,1,101
7086,2026-06-10T20:09:24.575Z,0,65.2,25.73333,34.2,61.9,25.82782,0,1,0,1,101
7087,2026-06-10T20:11:24.570Z,0,65.2,25.73333,34.2,61.9,25.82782,0,1,0,1,101
7088,2026-06-10T20:13:24.565Z,0,65.2,25.73333,34.2,61.9,25.82782,0,1,0,1,101
7089,2026-06-10T20:15:24.560Z,0,65.2,25.73333,34.2,61.9,25.82782,0,1,0,1,101
7090,2026-06-10T20:17:24.555Z,0,65.2,25.73333,34.2,61.9,25.82782,0,1,0,1,101
7091,2026-06-10T20:19:24.550Z,0,65.2,25.73333,34.2,61.9,25.82782,0,1,0,1,101
7092,2026-06-10T20:21:24.545Z,0,65.2,25.73333,34.2,61.9,25.82782,0,1,0,1,101
7093,2026-06-10T20:23:24.540Z,0,65.2,25.73333,34.2,61.9,25.82782,0,1,0,1,101
7094,2026-06-10T20:25:24.535Z,0,65.2,25.73333,34.2,61.9,25.82782,0,1,0,1,101
7095,2026-06-10T20:27:24.530Z,0,65.2,25.73333,34.2,61.9,25.82782,0,1,0,1,101
7096,2026-06-10T20:29:24.525Z,0,65.2,25.73333,34.2,61.9,25.82782,0,1,0,1,101
7097,2026-06-10T20:31:24.520Z,0,65.2,25.73333,34.2,61.9,25.82782,0,1,0,1,101
7098,2026-06-10T20:33:24.515Z,0,65.2,25.73333,34.2,61.9,25.82782,0,1,0,1,101
7099,2026-06-10T20:35:24.510Z,0,65.2,25.73333,34.2,61.9,25.82782,0,1,0,1,101
7100,2026-06-10T20:37:24.505Z,0,65.2,25.73333,34.2,61.9,25.82782,0,1,0,1,101
7101,2026-06-10T20:39:24.500Z,0,65.2,25.73333,34.2,61.9,25.82782,0,1,0,1,101
7102,2026-06-10T20:41:24.495Z,0,65.2,25.73333,34.2,61.9,25.82782,0,1,0,1,101
7103,2026-06-10T20:43:24.490Z,0,65.2,25.73333,34.2,61.9,25.82782,0,1,0,1,101
7104,2026-06-10T20:45:24.485Z,0,65,24.93333,34.3,60.9,25.64631,0,1,0,1,101
7105,2026-06-10T20:47:24.480Z,0,65,24.93333,34.3,60.9,25.64631,0,1,0,1,101
7106,2026-06-10T20:49:24.475Z,0,65,24.93333,34.3,60.9,25.64631,0,1,0,1,101
7107,2026-06-10T20:51:24.470Z,0,65,24.93333,34.3,60.9,25.64631,0,1,0,1,101
7108,2026-06-10T20:53:24.465Z,0,65,24.93333,34.3,60.9,25.64631,0,1,0,1,101
7109,2026-06-10T20:55:24.460Z,0,65,24.93333,34.3,60.9,25.64631,0,1,0,1,101
7110,2026-06-10T20:57:24.455Z,0,65,24.93333,34.3,60.9,25.64631,0,1,0,1,101
7111,2026-06-10T20:59:24.450Z,0,65,24.93333,34.3,60.9,25.64631,0,1,0,1,101
7112,2026-06-10T21:01:24.445Z,0,65,24.93333,34.3,60.9,25.64631,0,1,0,1,101
7113,2026-06-10T21:03:24.440Z,0,65,24.93333,34.3,60.9,25.64631,0,1,0,1,101
7114,2026-06-10T21:05:24.435Z,0,65,24.93333,34.3,60.9,25.64631,0,1,0,1,101
7115,2026-06-10T21:07:24.430Z,0,65,24.93333,34.3,60.9,25.64631,0,1,0,1,101
7116,2026-06-10T21:09:24.425Z,0,65,24.93333,34.3,60.9,25.64631,0,1,0,1,101
7117,2026-06-10T21:11:24.420Z,0,65,24.93333,34.3,60.9,25.64631,0,1,0,1,101
7118,2026-06-10T21:13:24.415Z,0,65,24.93333,34.3,60.9,25.64631,0,1,0,1,101
7119,2026-06-10T21:15:24.410Z,0,65,24.93333,34.3,60.9,25.64631,0,1,0,1,101
7120,2026-06-10T21:17:24.405Z,0,65,24.93333,34.3,60.9,25.64631,0,1,0,1,101
7121,2026-06-10T21:19:24.400Z,0,65,24.93333,34.3,60.9,25.64631,0,1,0,1,101
7122,2026-06-10T21:21:24.395Z,0,65,24.93333,34.3,60.9,25.64631,0,1,0,1,101
7123,2026-06-10T21:23:24.390Z,0,65,24.93333,34.3,60.9,25.64631,0,1,0,1,101
7124,2026-06-10T21:25:24.385Z,0,65,24.93333,34.3,60.9,25.64631,0,1,0,1,101
7125,2026-06-10T21:27:24.380Z,0,65,24.93333,34.3,60.9,25.64631,0,1,0,1,101
7126,2026-06-10T21:29:24.375Z,0,65,24.93333,34.3,60.9,25.64631,0,1,0,1,101
7127,2026-06-10T21:31:24.370Z,0,65,24.93333,34.3,60.9,25.64631,0,1,0,1,101
7128,2026-06-10T21:33:24.365Z,0,65,24.93333,34.3,60.9,25.64631,0,1,0,1,101
7129,2026-06-10T21:35:24.360Z,0,65,24.93333,34.3,60.9,25.64631,0,1,0,1,101
7130,2026-06-10T21:37:24.355Z,0,65,24.93333,34.3,60.9,25.64631,0,1,0,1,101
7131,2026-06-10T21:39:24.350Z,0,65,24.93333,34.3,60.9,25.64631,0,1,0,1,101
7132,2026-06-10T21:41:24.345Z,0,65,24.93333,34.3,60.9,25.64631,0,1,0,1,101
7133,2026-06-10T21:43:24.340Z,0,64.8,24.46667,34.3,61.1,25.70172,0,1,0,1,101
7134,2026-06-10T21:45:24.335Z,0,64.8,24.46667,34.3,61.1,25.70172,0,1,0,1,101
7135,2026-06-10T21:47:24.330Z,0,64.8,24.46667,34.3,61.1,25.70172,0,1,0,1,101
7136,2026-06-10T21:49:24.325Z,0,64.8,24.46667,34.3,61.1,25.70172,0,1,0,1,101
7137,2026-06-10T21:51:24.320Z,0,64.8,24.46667,34.3,61.1,25.70172,0,1,0,1,101
7138,2026-06-10T21:53:24.315Z,0,64.8,24.46667,34.3,61.1,25.70172,0,1,0,1,101
7139,2026-06-10T21:55:24.310Z,0,64.8,24.46667,34.3,61.1,25.70172,0,1,0,1,101
7140,2026-06-10T21:57:24.305Z,0,64.8,24.46667,34.3,61.1,25.70172,0,1,0,1,101
7141,2026-06-10T21:59:24.300Z,0,64.8,24.46667,34.3,61.1,25.70172,0,1,0,1,101
7142,2026-06-10T22:01:24.295Z,0,64.8,24.46667,34.3,61.1,25.70172,0,1,0,1,101
7143,2026-06-10T22:03:24.290Z,0,64.8,24.46667,34.3,61.1,25.70172,0,1,0,1,101
7144,2026-06-10T22:05:24.285Z,0,64.8,24.46667,34.3,61.1,25.70172,0,1,0,1,101
7145,2026-06-10T22:07:24.280Z,0,64.8,24.46667,34.3,61.1,25.70172,0,1,0,1,101
7146,2026-06-10T22:09:24.275Z,0,64.8,24.46667,34.3,61.1,25.70172,0,1,0,1,101
7147,2026-06-10T22:11:24.270Z,0,64.8,24.46667,34.3,61.1,25.70172,0,1,0,1,101
7148,2026-06-10T22:13:24.265Z,0,64.8,24.46667,34.3,61.1,25.70172,0,1,0,1,101
7149,2026-06-10T22:15:24.260Z,0,64.8,24.46667,34.3,61.1,25.70172,0,1,0,1,101
7150,2026-06-10T22:17:24.255Z,0,64.8,24.46667,34.3,61.1,25.70172,0,1,0,1,101
7151,2026-06-10T22:19:24.250Z,0,64.8,24.46667,34.3,61.1,25.70172,0,1,0,1,101
7152,2026-06-10T22:21:24.245Z,0,64.8,24.46667,34.3,61.1,25.70172,0,1,0,1,101
7153,2026-06-10T22:23:24.240Z,0,64.8,24.46667,34.3,61.1,25.70172,0,1,0,1,101
7154,2026-06-10T22:25:24.235Z,0,64.8,24.46667,34.3,61.1,25.70172,0,1,0,1,101
7155,2026-06-10T22:27:24.230Z,0,64.8,24.46667,34.3,61.1,25.70172,0,1,0,1,101
7156,2026-06-10T22:29:24.225Z,0,64.8,24.46667,34.3,61.1,25.70172,0,1,0,1,101
7157,2026-06-10T22:31:24.220Z,0,64.8,24.46667,34.3,61.1,25.70172,0,1,0,1,101
7158,2026-06-10T22:33:24.215Z,0,64.8,24.46667,34.3,61.1,25.70172,0,1,0,1,101
7159,2026-06-10T22:35:24.210Z,0,64.8,24.46667,34.3,61.1,25.70172,0,1,0,1,101
7160,2026-06-10T22:37:24.205Z,0,64.8,24.46667,34.3,61.1,25.70172,0,1,0,1,101
7161,2026-06-10T22:39:24.200Z,0,64.8,24.46667,34.3,61.1,25.70172,0,1,0,1,101
7162,2026-06-10T22:41:24.195Z,0,63.73333,23.46667,34.3,61.7,25.86698,0,1,0,1,101
7163,2026-06-10T22:43:24.190Z,0,63.73333,23.46667,34.3,61.7,25.86698,0,1,0,1,101
7164,2026-06-10T22:45:24.185Z,0,63.73333,23.46667,34.3,61.7,25.86698,0,1,0,1,101
7165,2026-06-10T22:47:24.180Z,0,63.73333,23.46667,34.3,61.7,25.86698,0,1,0,1,101
7166,2026-06-10T22:49:24.175Z,0,63.73333,23.46667,34.3,61.7,25.86698,0,1,0,1,101
7167,2026-06-10T22:51:24.170Z,0,63.73333,23.46667,34.3,61.7,25.86698,0,1,0,1,101
7168,2026-06-10T22:53:24.165Z,0,63.73333,23.46667,34.3,61.7,25.86698,0,1,0,1,101
7169,2026-06-10T22:55:24.160Z,0,63.73333,23.46667,34.3,61.7,25.86698,0,1,0,1,101
7170,2026-06-10T22:57:24.155Z,0,63.73333,23.46667,34.3,61.7,25.86698,0,1,0,1,101
7171,2026-06-10T22:59:24.150Z,0,63.73333,23.46667,34.3,61.7,25.86698,0,1,0,1,101
7172,2026-06-10T23:01:24.145Z,0,63.73333,23.46667,34.3,61.7,25.86698,0,1,0,1,101
7173,2026-06-10T23:03:24.140Z,0,63.73333,23.46667,34.3,61.7,25.86698,0,1,0,1,101
7174,2026-06-10T23:05:24.135Z,0,63.73333,23.46667,34.3,61.7,25.86698,0,1,0,1,101
7175,2026-06-10T23:07:24.130Z,0,63.73333,23.46667,34.3,61.7,25.86698,0,1,0,1,101
7176,2026-06-10T23:09:24.125Z,0,63.73333,23.46667,34.3,61.7,25.86698,0,1,0,1,101
7177,2026-06-10T23:11:24.120Z,0,63.73333,23.46667,34.3,61.7,25.86698,0,1,0,1,101
7178,2026-06-10T23:13:24.115Z,0,63.73333,23.46667,34.3,61.7,25.86698,0,1,0,1,101
7179,2026-06-10T23:15:24.110Z,0,63.73333,23.46667,34.3,61.7,25.86698,0,1,0,1,101
7180,2026-06-10T23:17:24.105Z,0,63.73333,23.46667,34.3,61.7,25.86698,0,1,0,1,101
7181,2026-06-10T23:19:24.100Z,0,63.73333,23.46667,34.3,61.7,25.86698,0,1,0,1,101
7182,2026-06-10T23:21:24.095Z,0,63.73333,23.46667,34.3,61.7,25.86698,0,1,0,1,101
7183,2026-06-10T23:23:24.090Z,0,63.73333,23.46667,34.3,61.7,25.86698,0,1,0,1,101
7184,2026-06-10T23:25:24.085Z,0,63.73333,23.46667,34.3,61.7,25.86698,0,1,0,1,101
7185,2026-06-10T23:27:24.080Z,0,63.73333,23.46667,34.3,61.7,25.86698,0,1,0,1,101
7186,2026-06-10T23:29:24.075Z,0,63.73333,23.46667,34.3,61.7,25.86698,0,1,0,1,101
7187,2026-06-10T23:31:24.070Z,0,63.73333,23.46667,34.3,61.7,25.86698,0,1,0,1,101
7188,2026-06-10T23:33:24.065Z,0,63.73333,23.46667,34.3,61.7,25.86698,0,1,0,1,101
7189,2026-06-10T23:35:24.060Z,0,63.73333,23.46667,34.3,61.7,25.86698,0,1,0,1,101
7190,2026-06-10T23:37:24.055Z,0,64.73333,23.46667,34.4,61.5,25.9059,0,1,0,1,101
7191,2026-06-10T23:39:24.050Z,0,64.73333,23.46667,34.4,61.5,25.9059,0,1,0,1,101
7192,2026-06-10T23:41:24.045Z,0,64.73333,23.46667,34.4,61.5,25.9059,0,1,0,1,101
7193,2026-06-10T23:43:24.040Z,0,64.73333,23.46667,34.4,61.5,25.9059,0,1,0,1,101
7194,2026-06-10T23:45:24.035Z,0,64.73333,23.46667,34.4,61.5,25.9059,0,1,0,1,101
7195,2026-06-10T23:47:24.030Z,0,64.73333,23.46667,34.4,61.5,25.9059,0,1,0,1,101
7196,2026-06-10T23:49:24.025Z,0,64.73333,23.46667,34.4,61.5,25.9059,0,1,0,1,101
7197,2026-06-10T23:51:24.020Z,0,64.73333,23.46667,34.4,61.5,25.9059,0,1,0,1,101
7198,2026-06-10T23:53:24.015Z,0,64.73333,23.46667,34.4,61.5,25.9059,0,1,0,1,101
7199,2026-06-10T23:55:24.010Z,0,64.73333,23.46667,34.4,61.5,25.9059,0,1,0,1,101
7200,2026-06-10T23:57:24.005Z,0,64.73333,23.46667,34.4,61.5,25.9059,0,1,0,1,101
7201,2026-06-10T23:59:24.000Z,0,64.73333,23.46667,34.4,61.5,25.9059,0,1,0,1,101
7202,2026-06-11T00:01:23.995Z,0,64.73333,23.46667,34.4,61.5,25.9059,0,1,0,1,101
7203,2026-06-11T00:03:23.990Z,0,64.73333,23.46667,34.4,61.5,25.9059,0,1,0,1,101
7204,2026-06-11T00:05:23.985Z,0,64.73333,23.46667,34.4,61.5,25.9059,0,1,0,1,101
7205,2026-06-11T00:07:23.980Z,0,64.73333,23.46667,34.4,61.5,25.9059,0,1,0,1,101
7206,2026-06-11T00:09:23.975Z,0,64.73333,23.46667,34.4,61.5,25.9059,0,1,0,1,101
7207,2026-06-11T00:11:23.970Z,0,64.73333,23.46667,34.4,61.5,25.9059,0,1,0,1,101
7208,2026-06-11T00:13:23.965Z,0,64.73333,23.46667,34.4,61.5,25.9059,0,1,0,1,101
7209,2026-06-11T00:15:23.960Z,0,64.73333,23.46667,34.4,61.5,25.9059,0,1,0,1,101
7210,2026-06-11T00:17:23.955Z,0,64.73333,23.46667,34.4,61.5,25.9059,0,1,0,1,101
7211,2026-06-11T00:19:23.950Z,0,64.73333,23.46667,34.4,61.5,25.9059,0,1,0,1,101
7212,2026-06-11T00:21:23.945Z,0,64.73333,23.46667,34.4,61.5,25.9059,0,1,0,1,101
7213,2026-06-11T00:23:23.940Z,0,64.73333,23.46667,34.4,61.5,25.9059,0,1,0,1,101
7214,2026-06-11T00:25:23.935Z,0,64.73333,23.46667,34.4,61.5,25.9059,0,1,0,1,101
7215,2026-06-11T00:27:23.930Z,0,64.73333,23.46667,34.4,61.5,25.9059,0,1,0,1,101
7216,2026-06-11T00:29:23.925Z,0,64.73333,23.46667,34.4,61.5,25.9059,0,1,0,1,101
7217,2026-06-11T00:31:23.920Z,0,64.73333,23.46667,34.4,61.5,25.9059,0,1,0,1,101
7218,2026-06-11T00:33:23.915Z,0,64.73333,23.46667,34.4,61.5,25.9059,0,1,0,1,101
7219,2026-06-11T00:35:23.910Z,0,65,24.26667,34.5,62.4,26.24608,0,1,0,1,101
7220,2026-06-11T00:37:23.905Z,0,65,24.26667,34.5,62.4,26.24608,0,1,0,1,101
7221,2026-06-11T00:39:23.900Z,0,65,24.26667,34.5,62.4,26.24608,0,1,0,1,101
7222,2026-06-11T00:41:23.895Z,0,65,24.26667,34.5,62.4,26.24608,0,1,0,1,101
7223,2026-06-11T00:43:23.890Z,0,65,24.26667,34.5,62.4,26.24608,0,1,0,1,101
7224,2026-06-11T00:45:23.885Z,0,65,24.26667,34.5,62.4,26.24608,0,1,0,1,101
7225,2026-06-11T00:47:23.880Z,0,65,24.26667,34.5,62.4,26.24608,0,1,0,1,101
7226,2026-06-11T00:49:23.875Z,0,65,24.26667,34.5,62.4,26.24608,0,1,0,1,101
7227,2026-06-11T00:51:23.870Z,0,65,24.26667,34.5,62.4,26.24608,0,1,0,1,101
7228,2026-06-11T00:53:23.865Z,0,65,24.26667,34.5,62.4,26.24608,0,1,0,1,101
7229,2026-06-11T00:55:23.860Z,0,65,24.26667,34.5,62.4,26.24608,0,1,0,1,101
7230,2026-06-11T00:57:23.855Z,0,65,24.26667,34.5,62.4,26.24608,0,1,0,1,101
7231,2026-06-11T00:59:23.850Z,0,65,24.26667,34.5,62.4,26.24608,0,1,0,1,101
7232,2026-06-11T01:01:23.845Z,0,65,24.26667,34.5,62.4,26.24608,0,1,0,1,101
7233,2026-06-11T01:03:23.840Z,0,65,24.26667,34.5,62.4,26.24608,0,1,0,1,101
7234,2026-06-11T01:05:23.835Z,0,65,24.26667,34.5,62.4,26.24608,0,1,0,1,101
7235,2026-06-11T01:07:23.830Z,0,65,24.26667,34.5,62.4,26.24608,0,1,0,1,101
7236,2026-06-11T01:09:23.825Z,0,65,24.26667,34.5,62.4,26.24608,0,1,0,1,101
7237,2026-06-11T01:11:23.820Z,0,65,24.26667,34.5,62.4,26.24608,0,1,0,1,101
7238,2026-06-11T01:13:23.815Z,0,65,24.26667,34.5,62.4,26.24608,0,1,0,1,101
7239,2026-06-11T01:15:23.810Z,0,65,24.26667,34.5,62.4,26.24608,0,1,0,1,101
7240,2026-06-11T01:17:23.805Z,0,65,24.26667,34.5,62.4,26.24608,0,1,0,1,101
7241,2026-06-11T01:19:23.800Z,0,65,24.26667,34.5,62.4,26.24608,0,1,0,1,101
7242,2026-06-11T01:21:23.795Z,0,65,24.26667,34.5,62.4,26.24608,0,1,0,1,101
7243,2026-06-11T01:23:23.790Z,0,65,24.26667,34.5,62.4,26.24608,0,1,0,1,101
7244,2026-06-11T01:25:23.785Z,0,65,24.26667,34.5,62.4,26.24608,0,1,0,1,101
7245,2026-06-11T01:27:23.780Z,0,65,24.26667,34.5,62.4,26.24608,0,1,0,1,101
7246,2026-06-11T01:29:23.775Z,0,65,24.26667,34.5,62.4,26.24608,0,1,0,1,101
7247,2026-06-11T01:31:23.770Z,0,65,24.26667,34.5,62.4,26.24608,0,1,0,1,101
7248,2026-06-11T01:33:23.765Z,0,63.6,23.53333,34.6,59.3,25.47754,0,1,0,1,101
7249,2026-06-11T01:35:23.760Z,0,63.6,23.53333,34.6,59.3,25.47754,0,1,0,1,101
7250,2026-06-11T01:37:23.755Z,0,63.6,23.53333,34.6,59.3,25.47754,0,1,0,1,101
7251,2026-06-11T01:39:23.750Z,0,63.6,23.53333,34.6,59.3,25.47754,0,1,0,1,101
7252,2026-06-11T01:41:23.745Z,0,63.6,23.53333,34.6,59.3,25.47754,0,1,0,1,101
7253,2026-06-11T01:43:23.740Z,0,63.6,23.53333,34.6,59.3,25.47754,0,1,0,1,101
7254,2026-06-11T01:45:23.735Z,0,63.6,23.53333,34.6,59.3,25.47754,0,1,0,1,101
7255,2026-06-11T01:47:23.730Z,0,63.6,23.53333,34.6,59.3,25.47754,0,1,0,1,101
7256,2026-06-11T01:49:23.725Z,0,63.6,23.53333,34.6,59.3,25.47754,0,1,0,1,101
7257,2026-06-11T01:51:23.720Z,0,63.6,23.53333,34.6,59.3,25.47754,0,1,0,1,101
7258,2026-06-11T01:53:23.715Z,0,63.6,23.53333,34.6,59.3,25.47754,0,1,0,1,101
7259,2026-06-11T01:55:23.710Z,0,63.6,23.53333,34.6,59.3,25.47754,0,1,0,1,101
7260,2026-06-11T01:57:23.705Z,0,63.6,23.53333,34.6,59.3,25.47754,0,1,0,1,101
7261,2026-06-11T01:59:23.700Z,0,63.6,23.53333,34.6,59.3,25.47754,0,1,0,1,101
7262,2026-06-11T02:01:23.695Z,0,63.6,23.53333,34.6,59.3,25.47754,0,1,0,1,101
7263,2026-06-11T02:03:23.690Z,0,63.6,23.53333,34.6,59.3,25.47754,0,1,0,1,101
7264,2026-06-11T02:05:23.685Z,0,63.6,23.53333,34.6,59.3,25.47754,0,1,0,1,101
7265,2026-06-11T02:07:23.680Z,0,63.6,23.53333,34.6,59.3,25.47754,0,1,0,1,101
7266,2026-06-11T02:09:23.675Z,0,63.6,23.53333,34.6,59.3,25.47754,0,1,0,1,101
7267,2026-06-11T02:11:23.670Z,0,63.6,23.53333,34.6,59.3,25.47754,0,1,0,1,101
7268,2026-06-11T02:13:23.665Z,0,63.6,23.53333,34.6,59.3,25.47754,0,1,0,1,101
7269,2026-06-11T02:15:23.660Z,0,63.6,23.53333,34.6,59.3,25.47754,0,1,0,1,101
7270,2026-06-11T02:17:23.655Z,0,63.6,23.53333,34.6,59.3,25.47754,0,1,0,1,101
7271,2026-06-11T02:19:23.650Z,0,63.6,23.53333,34.6,59.3,25.47754,0,1,0,1,101
7272,2026-06-11T02:21:23.645Z,0,63.6,23.53333,34.6,59.3,25.47754,0,1,0,1,101
7273,2026-06-11T02:23:23.640Z,0,63.6,23.53333,34.6,59.3,25.47754,0,1,0,1,101
7274,2026-06-11T02:25:23.635Z,0,63.6,23.53333,34.6,59.3,25.47754,0,1,0,1,101
7275,2026-06-11T02:27:23.630Z,0,63.6,23.53333,34.6,59.3,25.47754,0,1,0,1,101
7276,2026-06-11T02:29:23.625Z,0,63.86666,23.06667,34.6,59.1,25.42055,0,1,0,1,101
7277,2026-06-11T02:31:23.620Z,0,63.86666,23.06667,34.6,59.1,25.42055,0,1,0,1,101
7278,2026-06-11T02:33:23.615Z,0,63.86666,23.06667,34.6,59.1,25.42055,0,1,0,1,101
7279,2026-06-11T02:35:23.610Z,0,63.86666,23.06667,34.6,59.1,25.42055,0,1,0,1,101
7280,2026-06-11T02:37:23.605Z,0,63.86666,23.06667,34.6,59.1,25.42055,0,1,0,1,101
7281,2026-06-11T02:39:23.600Z,0,63.86666,23.06667,34.6,59.1,25.42055,0,1,0,1,101
7282,2026-06-11T02:41:23.595Z,0,63.86666,23.06667,34.6,59.1,25.42055,0,1,0,1,101
7283,2026-06-11T02:43:23.590Z,0,63.86666,23.06667,34.6,59.1,25.42055,0,1,0,1,101
7284,2026-06-11T02:45:23.585Z,0,63.86666,23.06667,34.6,59.1,25.42055,0,1,0,1,101
7285,2026-06-11T02:47:23.580Z,0,63.86666,23.06667,34.6,59.1,25.42055,0,1,0,1,101
7286,2026-06-11T02:49:23.575Z,0,63.86666,23.06667,34.6,59.1,25.42055,0,1,0,1,101
7287,2026-06-11T02:51:23.570Z,0,63.86666,23.06667,34.6,59.1,25.42055,0,1,0,1,101
7288,2026-06-11T02:53:23.565Z,0,63.86666,23.06667,34.6,59.1,25.42055,0,1,0,1,101
7289,2026-06-11T02:55:23.560Z,0,63.86666,23.06667,34.6,59.1,25.42055,0,1,0,1,101
7290,2026-06-11T02:57:23.555Z,0,63.86666,23.06667,34.6,59.1,25.42055,0,1,0,1,101
7291,2026-06-11T02:59:23.550Z,0,63.86666,23.06667,34.6,59.1,25.42055,0,1,0,1,101
7292,2026-06-11T03:01:23.545Z,0,63.86666,23.06667,34.6,59.1,25.42055,0,1,0,1,101
7293,2026-06-11T03:03:23.540Z,0,63.86666,23.06667,34.6,59.1,25.42055,0,1,0,1,101
7294,2026-06-11T03:05:23.535Z,0,63.86666,23.06667,34.6,59.1,25.42055,0,1,0,1,101
7295,2026-06-11T03:07:23.530Z,0,63.86666,23.06667,34.6,59.1,25.42055,0,1,0,1,101
7296,2026-06-11T03:09:23.525Z,0,63.86666,23.06667,34.6,59.1,25.42055,0,1,0,1,101
7297,2026-06-11T03:11:23.520Z,0,63.86666,23.06667,34.6,59.1,25.42055,0,1,0,1,101
7298,2026-06-11T03:13:23.515Z,0,63.86666,23.06667,34.6,59.1,25.42055,0,1,0,1,101
7299,2026-06-11T03:15:23.510Z,0,63.86666,23.06667,34.6,59.1,25.42055,0,1,0,1,101
7300,2026-06-11T03:17:23.505Z,0,63.86666,23.06667,34.6,59.1,25.42055,0,1,0,1,101
7301,2026-06-11T03:19:23.500Z,0,63.86666,23.06667,34.6,59.1,25.42055,0,1,0,1,101
7302,2026-06-11T03:21:23.495Z,0,63.86666,23.06667,34.6,59.1,25.42055,0,1,0,1,101
7303,2026-06-11T03:23:23.490Z,0,63.86666,23.06667,34.6,59.1,25.42055,0,1,0,1,101
7304,2026-06-11T03:25:23.485Z,0,63.86666,23.06667,34.6,59.1,25.42055,0,1,0,1,101
7305,2026-06-11T03:27:23.480Z,0,63.93333,23,34.7,61.8,26.27003,0,1,0,1,101
7306,2026-06-11T03:29:23.475Z,0,63.93333,23,34.7,61.8,26.27003,0,1,0,1,101
7307,2026-06-11T03:31:23.470Z,0,63.93333,23,34.7,61.8,26.27003,0,1,0,1,101
7308,2026-06-11T03:33:23.465Z,0,63.93333,23,34.7,61.8,26.27003,0,1,0,1,101
7309,2026-06-11T03:35:23.460Z,0,63.93333,23,34.7,61.8,26.27003,0,1,0,1,101
7310,2026-06-11T03:37:23.455Z,0,63.93333,23,34.7,61.8,26.27003,0,1,0,1,101
7311,2026-06-11T03:39:23.450Z,0,63.93333,23,34.7,61.8,26.27003,0,1,0,1,101
7312,2026-06-11T03:41:23.445Z,0,63.93333,23,34.7,61.8,26.27003,0,1,0,1,101
7313,2026-06-11T03:43:23.440Z,0,63.93333,23,34.7,61.8,26.27003,0,1,0,1,101
7314,2026-06-11T03:45:23.435Z,0,63.93333,23,34.7,61.8,26.27003,0,1,0,1,101
7315,2026-06-11T03:47:23.430Z,0,63.93333,23,34.7,61.8,26.27003,0,1,0,1,101
7316,2026-06-11T03:49:23.425Z,0,63.93333,23,34.7,61.8,26.27003,0,1,0,1,101
7317,2026-06-11T03:51:23.420Z,0,63.93333,23,34.7,61.8,26.27003,0,1,0,1,101
7318,2026-06-11T03:53:23.415Z,0,63.93333,23,34.7,61.8,26.27003,0,1,0,1,101
7319,2026-06-11T03:55:23.410Z,0,63.93333,23,34.7,61.8,26.27003,0,1,0,1,101
7320,2026-06-11T03:57:23.405Z,0,63.93333,23,34.7,61.8,26.27003,0,1,0,1,101
7321,2026-06-11T03:59:23.400Z,0,63.93333,23,34.7,61.8,26.27003,0,1,0,1,101
7322,2026-06-11T04:01:23.395Z,0,63.93333,23,34.7,61.8,26.27003,0,1,0,1,101
7323,2026-06-11T04:03:23.390Z,0,63.93333,23,34.7,61.8,26.27003,0,1,0,1,101
7324,2026-06-11T04:05:23.385Z,0,63.93333,23,34.7,61.8,26.27003,0,1,0,1,101
7325,2026-06-11T04:07:23.380Z,0,63.93333,23,34.7,61.8,26.27003,0,1,0,1,101
7326,2026-06-11T04:09:23.375Z,0,63.93333,23,34.7,61.8,26.27003,0,1,0,1,101
7327,2026-06-11T04:11:23.370Z,0,63.93333,23,34.7,61.8,26.27003,0,1,0,1,101
7328,2026-06-11T04:13:23.365Z,0,63.93333,23,34.7,61.8,26.27003,0,1,0,1,101
7329,2026-06-11T04:15:23.360Z,0,63.93333,23,34.7,61.8,26.27003,0,1,0,1,101
7330,2026-06-11T04:17:23.355Z,0,63.93333,23,34.7,61.8,26.27003,0,1,0,1,101
7331,2026-06-11T04:19:23.350Z,0,63.93333,23,34.7,61.8,26.27003,0,1,0,1,101
7332,2026-06-11T04:21:23.345Z,0,63.93333,23,34.7,61.8,26.27003,0,1,0,1,101
7333,2026-06-11T04:23:23.340Z,0,63.93333,23,34.7,61.8,26.27003,0,1,0,1,101
7334,2026-06-11T04:25:23.335Z,0,64.46667,22.73333,34.7,59.9,25.74104,0,1,0,1,101
7335,2026-06-11T04:27:23.330Z,0,64.46667,22.73333,34.7,59.9,25.74104,0,1,0,1,101
7336,2026-06-11T04:29:23.325Z,0,64.46667,22.73333,34.7,59.9,25.74104,0,1,0,1,101
7337,2026-06-11T04:31:23.320Z,0,64.46667,22.73333,34.7,59.9,25.74104,0,1,0,1,101
7338,2026-06-11T04:33:23.315Z,0,64.46667,22.73333,34.7,59.9,25.74104,0,1,0,1,101
7339,2026-06-11T04:35:23.310Z,0,64.46667,22.73333,34.7,59.9,25.74104,0,1,0,1,101
7340,2026-06-11T04:37:23.305Z,0,64.46667,22.73333,34.7,59.9,25.74104,0,1,0,1,101
7341,2026-06-11T04:39:23.300Z,0,64.46667,22.73333,34.7,59.9,25.74104,0,1,0,1,101
7342,2026-06-11T04:41:23.295Z,0,64.46667,22.73333,34.7,59.9,25.74104,0,1,0,1,101
7343,2026-06-11T04:43:23.290Z,0,64.46667,22.73333,34.7,59.9,25.74104,0,1,0,1,101
7344,2026-06-11T04:45:23.285Z,0,64.46667,22.73333,34.7,59.9,25.74104,0,1,0,1,101
7345,2026-06-11T04:47:23.280Z,0,64.46667,22.73333,34.7,59.9,25.74104,0,1,0,1,101
7346,2026-06-11T04:49:23.275Z,0,64.46667,22.73333,34.7,59.9,25.74104,0,1,0,1,101
7347,2026-06-11T04:51:23.270Z,0,64.46667,22.73333,34.7,59.9,25.74104,0,1,0,1,101
7348,2026-06-11T04:53:23.265Z,0,64.46667,22.73333,34.7,59.9,25.74104,0,1,0,1,101
7349,2026-06-11T04:55:23.260Z,0,64.46667,22.73333,34.7,59.9,25.74104,0,1,0,1,101
7350,2026-06-11T04:57:23.255Z,0,64.46667,22.73333,34.7,59.9,25.74104,0,1,0,1,101
7351,2026-06-11T04:59:23.250Z,0,64.46667,22.73333,34.7,59.9,25.74104,0,1,0,1,101
7352,2026-06-11T05:01:23.245Z,0,64.46667,22.73333,34.7,59.9,25.74104,0,1,0,1,101
7353,2026-06-11T05:03:23.240Z,0,64.46667,22.73333,34.7,59.9,25.74104,0,1,0,1,101
7354,2026-06-11T05:05:23.235Z,0,64.46667,22.73333,34.7,59.9,25.74104,0,1,0,1,101
7355,2026-06-11T05:07:23.230Z,0,64.46667,22.73333,34.7,59.9,25.74104,0,1,0,1,101
7356,2026-06-11T05:09:23.225Z,0,64.46667,22.73333,34.7,59.9,25.74104,0,1,0,1,101
7357,2026-06-11T05:11:23.220Z,0,64.46667,22.73333,34.7,59.9,25.74104,0,1,0,1,101
7358,2026-06-11T05:13:23.215Z,0,64.46667,22.73333,34.7,59.9,25.74104,0,1,0,1,101
7359,2026-06-11T05:15:23.210Z,0,64.46667,22.73333,34.7,59.9,25.74104,0,1,0,1,101
7360,2026-06-11T05:17:23.205Z,0,64.46667,22.73333,34.7,59.9,25.74104,0,1,0,1,101
7361,2026-06-11T05:19:23.200Z,0,64.46667,22.73333,34.7,59.9,25.74104,0,1,0,1,101
7362,2026-06-11T05:21:23.195Z,0,63.86666,23.26667,34.7,58.6,25.37061,0,1,0,1,101
7363,2026-06-11T05:23:23.190Z,0,63.86666,23.26667,34.7,58.6,25.37061,0,1,0,1,101
7364,2026-06-11T05:25:23.185Z,0,63.86666,23.26667,34.7,58.6,25.37061,0,1,0,1,101
7365,2026-06-11T05:27:23.180Z,0,63.86666,23.26667,34.7,58.6,25.37061,0,1,0,1,101
7366,2026-06-11T05:29:23.175Z,0,63.86666,23.26667,34.7,58.6,25.37061,0,1,0,1,101
7367,2026-06-11T05:31:23.170Z,0,63.86666,23.26667,34.7,58.6,25.37061,0,1,0,1,101
7368,2026-06-11T05:33:23.165Z,0,63.86666,23.26667,34.7,58.6,25.37061,0,1,0,1,101
7369,2026-06-11T05:35:23.160Z,0,63.86666,23.26667,34.7,58.6,25.37061,0,1,0,1,101
7370,2026-06-11T05:37:23.155Z,0,63.86666,23.26667,34.7,58.6,25.37061,0,1,0,1,101
7371,2026-06-11T05:39:23.150Z,0,63.86666,23.26667,34.7,58.6,25.37061,0,1,0,1,101
7372,2026-06-11T05:41:23.145Z,0,63.86666,23.26667,34.7,58.6,25.37061,0,1,0,1,101
7373,2026-06-11T05:43:23.140Z,0,63.86666,23.26667,34.7,58.6,25.37061,0,1,0,1,101
7374,2026-06-11T05:45:23.135Z,0,63.86666,23.26667,34.7,58.6,25.37061,0,1,0,1,101
7375,2026-06-11T05:47:23.130Z,0,63.86666,23.26667,34.7,58.6,25.37061,0,1,0,1,101
7376,2026-06-11T05:49:23.125Z,0,63.86666,23.26667,34.7,58.6,25.37061,0,1,0,1,101
7377,2026-06-11T05:51:23.120Z,0,63.86666,23.26667,34.7,58.6,25.37061,0,1,0,1,101
7378,2026-06-11T05:53:23.115Z,0,63.86666,23.26667,34.7,58.6,25.37061,0,1,0,1,101
7379,2026-06-11T05:55:23.110Z,0,63.86666,23.26667,34.7,58.6,25.37061,0,1,0,1,101
7380,2026-06-11T05:57:23.105Z,0,63.86666,23.26667,34.7,58.6,25.37061,0,1,0,1,101
7381,2026-06-11T05:59:23.100Z,0,63.86666,23.26667,34.7,58.6,25.37061,0,1,0,1,101
7382,2026-06-11T06:01:23.095Z,0,63.86666,23.26667,34.7,58.6,25.37061,0,1,0,1,101
7383,2026-06-11T06:03:23.090Z,0,63.86666,23.26667,34.7,58.6,25.37061,0,1,0,1,101
7384,2026-06-11T06:05:23.085Z,0,63.86666,23.26667,34.7,58.6,25.37061,0,1,0,1,101
7385,2026-06-11T06:07:23.080Z,0,63.86666,23.26667,34.7,58.6,25.37061,0,1,0,1,101
7386,2026-06-11T06:09:23.075Z,0,63.86666,23.26667,34.7,58.6,25.37061,0,1,0,1,101
7387,2026-06-11T06:11:23.070Z,0,63.86666,23.26667,34.7,58.6,25.37061,0,1,0,1,101
7388,2026-06-11T06:13:23.065Z,0,63.86666,23.26667,34.7,58.6,25.37061,0,1,0,1,101
7389,2026-06-11T06:15:23.060Z,0,63.86666,23.26667,34.7,58.6,25.37061,0,1,0,1,101
7390,2026-06-11T06:17:23.055Z,0,63.86666,23.26667,34.7,58.6,25.37061,0,1,0,1,101
7391,2026-06-11T06:19:23.050Z,0,64.53333,22.4,34.7,58.2,25.25519,0,1,0,1,101
7392,2026-06-11T06:21:23.045Z,0,64.53333,22.4,34.7,58.2,25.25519,0,1,0,1,101
7393,2026-06-11T06:23:23.040Z,0,64.53333,22.4,34.7,58.2,25.25519,0,1,0,1,101
7394,2026-06-11T06:25:23.035Z,0,64.53333,22.4,34.7,58.2,25.25519,0,1,0,1,101
7395,2026-06-11T06:27:23.030Z,0,64.53333,22.4,34.7,58.2,25.25519,0,1,0,1,101
7396,2026-06-11T06:29:23.025Z,0,64.53333,22.4,34.7,58.2,25.25519,0,1,0,1,101
7397,2026-06-11T06:31:23.020Z,0,64.53333,22.4,34.7,58.2,25.25519,0,1,0,1,101
7398,2026-06-11T06:33:23.015Z,0,64.53333,22.4,34.7,58.2,25.25519,0,1,0,1,101
7399,2026-06-11T06:35:23.010Z,0,64.53333,22.4,34.7,58.2,25.25519,0,1,0,1,101
7400,2026-06-11T06:37:23.005Z,0,64.53333,22.4,34.7,58.2,25.25519,0,1,0,1,101
7401,2026-06-11T06:39:23.000Z,0,64.53333,22.4,34.7,58.2,25.25519,0,1,0,1,101
7402,2026-06-11T06:41:22.995Z,0,64.53333,22.4,34.7,58.2,25.25519,0,1,0,1,101
7403,2026-06-11T06:43:22.990Z,0,64.53333,22.4,34.7,58.2,25.25519,0,1,0,1,101
7404,2026-06-11T06:45:22.985Z,0,64.53333,22.4,34.7,58.2,25.25519,0,1,0,1,101
7405,2026-06-11T06:47:22.980Z,0,64.53333,22.4,34.7,58.2,25.25519,0,1,0,1,101
7406,2026-06-11T06:49:22.975Z,0,64.53333,22.4,34.7,58.2,25.25519,0,1,0,1,101
7407,2026-06-11T06:51:22.970Z,0,64.53333,22.4,34.7,58.2,25.25519,0,1,0,1,101
7408,2026-06-11T06:53:22.965Z,0,64.53333,22.4,34.7,58.2,25.25519,0,1,0,1,101
7409,2026-06-11T06:55:22.960Z,0,64.53333,22.4,34.7,58.2,25.25519,0,1,0,1,101
7410,2026-06-11T06:57:22.955Z,0,64.53333,22.4,34.7,58.2,25.25519,0,1,0,1,101
7411,2026-06-11T06:59:22.950Z,0,64.53333,22.4,34.7,58.2,25.25519,0,1,0,1,101
7412,2026-06-11T07:01:22.945Z,0,64.53333,22.4,34.7,58.2,25.25519,0,1,0,1,101
7413,2026-06-11T07:03:22.940Z,0,64.53333,22.4,34.7,58.2,25.25519,0,1,0,1,101
7414,2026-06-11T07:05:22.935Z,0,64.53333,22.4,34.7,58.2,25.25519,0,1,0,1,101
7415,2026-06-11T07:07:22.930Z,0,64.53333,22.4,34.7,58.2,25.25519,0,1,0,1,101
7416,2026-06-11T07:09:22.925Z,0,64.53333,22.4,34.7,58.2,25.25519,0,1,0,1,101
7417,2026-06-11T07:11:22.920Z,0,64.53333,22.4,34.7,58.2,25.25519,0,1,0,1,101
7418,2026-06-11T07:13:22.915Z,0,64.53333,22.4,34.7,58.2,25.25519,0,1,0,1,101
7419,2026-06-11T07:15:22.910Z,0,64.53333,22.4,34.7,58.2,25.25519,0,1,0,1,101
7420,2026-06-11T07:17:22.905Z,0,64.13333,21.4,34.7,57.7,25.10994,0,1,0,1,101
7421,2026-06-11T07:19:22.900Z,0,64.13333,21.4,34.7,57.7,25.10994,0,1,0,1,101
7422,2026-06-11T07:21:22.895Z,0,64.13333,21.4,34.7,57.7,25.10994,0,1,0,1,101
7423,2026-06-11T07:23:22.890Z,0,64.13333,21.4,34.7,57.7,25.10994,0,1,0,1,101
7424,2026-06-11T07:25:22.885Z,0,64.13333,21.4,34.7,57.7,25.10994,0,1,0,1,101
7425,2026-06-11T07:27:22.880Z,0,64.13333,21.4,34.7,57.7,25.10994,0,1,0,1,101
7426,2026-06-11T07:29:22.875Z,0,64.13333,21.4,34.7,57.7,25.10994,0,1,0,1,101
7427,2026-06-11T07:31:22.870Z,0,64.13333,21.4,34.7,57.7,25.10994,0,1,0,1,101
7428,2026-06-11T07:33:22.865Z,0,64.13333,21.4,34.7,57.7,25.10994,0,1,0,1,101
7429,2026-06-11T07:35:22.860Z,0,64.13333,21.4,34.7,57.7,25.10994,0,1,0,1,101
7430,2026-06-11T07:37:22.855Z,0,64.13333,21.4,34.7,57.7,25.10994,0,1,0,1,101
7431,2026-06-11T07:39:22.850Z,0,64.13333,21.4,34.7,57.7,25.10994,0,1,0,1,101
7432,2026-06-11T07:41:22.845Z,0,64.13333,21.4,34.7,57.7,25.10994,0,1,0,1,101
7433,2026-06-11T07:43:22.840Z,0,64.13333,21.4,34.7,57.7,25.10994,0,1,0,1,101
7434,2026-06-11T07:45:22.835Z,0,64.13333,21.4,34.7,57.7,25.10994,0,1,0,1,101
7435,2026-06-11T07:47:22.830Z,0,64.13333,21.4,34.7,57.7,25.10994,0,1,0,1,101
7436,2026-06-11T07:49:22.825Z,0,64.13333,21.4,34.7,57.7,25.10994,0,1,0,1,101
7437,2026-06-11T07:51:22.820Z,0,64.13333,21.4,34.7,57.7,25.10994,0,1,0,1,101
7438,2026-06-11T07:53:22.815Z,0,64.13333,21.4,34.7,57.7,25.10994,0,1,0,1,101
7439,2026-06-11T07:55:22.810Z,0,64.13333,21.4,34.7,57.7,25.10994,0,1,0,1,101
7440,2026-06-11T07:57:22.805Z,0,64.13333,21.4,34.7,57.7,25.10994,0,1,0,1,101
7441,2026-06-11T07:59:22.800Z,0,64.13333,21.4,34.7,57.7,25.10994,0,1,0,1,101
7442,2026-06-11T08:01:22.795Z,0,64.13333,21.4,34.7,57.7,25.10994,0,1,0,1,101
7443,2026-06-11T08:03:22.790Z,0,64.13333,21.4,34.7,57.7,25.10994,0,1,0,1,101
7444,2026-06-11T08:05:22.785Z,0,64.13333,21.4,34.7,57.7,25.10994,0,1,0,1,101
7445,2026-06-11T08:07:22.780Z,0,64.13333,21.4,34.7,57.7,25.10994,0,1,0,1,101
7446,2026-06-11T08:09:22.775Z,0,64.13333,21.4,34.7,57.7,25.10994,0,1,0,1,101
7447,2026-06-11T08:11:22.770Z,0,64.13333,21.4,34.7,57.7,25.10994,0,1,0,1,101
7448,2026-06-11T08:13:22.765Z,0,65.73333,21.86667,34.7,57.5,25.05153,0,1,0,1,101
7449,2026-06-11T08:15:22.760Z,0,65.73333,21.86667,34.7,57.5,25.05153,0,1,0,1,101
7450,2026-06-11T08:17:22.755Z,0,65.73333,21.86667,34.7,57.5,25.05153,0,1,0,1,101
7451,2026-06-11T08:19:22.750Z,0,65.73333,21.86667,34.7,57.5,25.05153,0,1,0,1,101
7452,2026-06-11T08:21:22.745Z,0,65.73333,21.86667,34.7,57.5,25.05153,0,1,0,1,101
7453,2026-06-11T08:23:22.740Z,0,65.73333,21.86667,34.7,57.5,25.05153,0,1,0,1,101
7454,2026-06-11T08:25:22.735Z,0,65.73333,21.86667,34.7,57.5,25.05153,0,1,0,1,101
7455,2026-06-11T08:27:22.730Z,0,65.73333,21.86667,34.7,57.5,25.05153,0,1,0,1,101
7456,2026-06-11T08:29:22.725Z,0,65.73333,21.86667,34.7,57.5,25.05153,0,1,0,1,101
7457,2026-06-11T08:31:22.720Z,0,65.73333,21.86667,34.7,57.5,25.05153,0,1,0,1,101
7458,2026-06-11T08:33:22.715Z,0,65.73333,21.86667,34.7,57.5,25.05153,0,1,0,1,101
7459,2026-06-11T08:35:22.710Z,0,65.73333,21.86667,34.7,57.5,25.05153,0,1,0,1,101
7460,2026-06-11T08:37:22.705Z,0,65.73333,21.86667,34.7,57.5,25.05153,0,1,0,1,101
7461,2026-06-11T08:39:22.700Z,0,65.73333,21.86667,34.7,57.5,25.05153,0,1,0,1,101
7462,2026-06-11T08:41:22.695Z,0,65.73333,21.86667,34.7,57.5,25.05153,0,1,0,1,101
7463,2026-06-11T08:43:22.690Z,0,65.73333,21.86667,34.7,57.5,25.05153,0,1,0,1,101
7464,2026-06-11T08:45:22.685Z,0,65.73333,21.86667,34.7,57.5,25.05153,0,1,0,1,101
7465,2026-06-11T08:47:22.680Z,0,65.73333,21.86667,34.7,57.5,25.05153,0,1,0,1,101
7466,2026-06-11T08:49:22.675Z,0,65.73333,21.86667,34.7,57.5,25.05153,0,1,0,1,101
7467,2026-06-11T08:51:22.670Z,0,65.73333,21.86667,34.7,57.5,25.05153,0,1,0,1,101
7468,2026-06-11T08:53:22.665Z,0,65.73333,21.86667,34.7,57.5,25.05153,0,1,0,1,101
7469,2026-06-11T08:55:22.660Z,0,65.73333,21.86667,34.7,57.5,25.05153,0,1,0,1,101
7470,2026-06-11T08:57:22.655Z,0,65.73333,21.86667,34.7,57.5,25.05153,0,1,0,1,101
7471,2026-06-11T08:59:22.650Z,0,65.73333,21.86667,34.7,57.5,25.05153,0,1,0,1,101
7472,2026-06-11T09:01:22.645Z,0,65.73333,21.86667,34.7,57.5,25.05153,0,1,0,1,101
7473,2026-06-11T09:03:22.640Z,0,65.73333,21.86667,34.7,57.5,25.05153,0,1,0,1,101
7474,2026-06-11T09:05:22.635Z,0,65.73333,21.86667,34.7,57.5,25.05153,0,1,0,1,101
7475,2026-06-11T09:07:22.630Z,0,65.73333,21.86667,34.7,57.5,25.05153,0,1,0,1,101
7476,2026-06-11T09:09:22.625Z,0,65.73333,21.86667,34.7,57.5,25.05153,0,1,0,1,101
7477,2026-06-11T09:11:22.620Z,0,64.66666,22.93333,34.7,57.4,25.02226,0,1,0,1,101
7478,2026-06-11T09:13:22.615Z,0,64.66666,22.93333,34.7,57.4,25.02226,0,1,0,1,101
7479,2026-06-11T09:15:22.610Z,0,64.66666,22.93333,34.7,57.4,25.02226,0,1,0,1,101
7480,2026-06-11T09:17:22.605Z,0,64.66666,22.93333,34.7,57.4,25.02226,0,1,0,1,101
7481,2026-06-11T09:19:22.600Z,0,64.66666,22.93333,34.7,57.4,25.02226,0,1,0,1,101
7482,2026-06-11T09:21:22.595Z,0,64.66666,22.93333,34.7,57.4,25.02226,0,1,0,1,101
7483,2026-06-11T09:23:22.590Z,0,64.66666,22.93333,34.7,57.4,25.02226,0,1,0,1,101
7484,2026-06-11T09:25:22.585Z,0,64.66666,22.93333,34.7,57.4,25.02226,0,1,0,1,101
7485,2026-06-11T09:27:22.580Z,0,64.66666,22.93333,34.7,57.4,25.02226,0,1,0,1,101
7486,2026-06-11T09:29:22.575Z,0,64.66666,22.93333,34.7,57.4,25.02226,0,1,0,1,101
7487,2026-06-11T09:31:22.570Z,0,64.66666,22.93333,34.7,57.4,25.02226,0,1,0,1,101
7488,2026-06-11T09:33:22.565Z,0,64.66666,22.93333,34.7,57.4,25.02226,0,1,0,1,101
7489,2026-06-11T09:35:22.560Z,0,64.66666,22.93333,34.7,57.4,25.02226,0,1,0,1,101
7490,2026-06-11T09:37:22.555Z,0,64.66666,22.93333,34.7,57.4,25.02226,0,1,0,1,101
7491,2026-06-11T09:39:22.550Z,0,64.66666,22.93333,34.7,57.4,25.02226,0,1,0,1,101
7492,2026-06-11T09:41:22.545Z,0,64.66666,22.93333,34.7,57.4,25.02226,0,1,0,1,101
7493,2026-06-11T09:43:22.540Z,0,64.66666,22.93333,34.7,57.4,25.02226,0,1,0,1,101
7494,2026-06-11T09:45:22.535Z,0,64.66666,22.93333,34.7,57.4,25.02226,0,1,0,1,101
7495,2026-06-11T09:47:22.530Z,0,64.66666,22.93333,34.7,57.4,25.02226,0,1,0,1,101
7496,2026-06-11T09:49:22.525Z,0,64.66666,22.93333,34.7,57.4,25.02226,0,1,0,1,101
7497,2026-06-11T09:51:22.520Z,0,64.66666,22.93333,34.7,57.4,25.02226,0,1,0,1,101
7498,2026-06-11T09:53:22.515Z,0,64.66666,22.93333,34.7,57.4,25.02226,0,1,0,1,101
7499,2026-06-11T09:55:22.510Z,0,64.66666,22.93333,34.7,57.4,25.02226,0,1,0,1,101
7500,2026-06-11T09:57:22.505Z,0,64.66666,22.93333,34.7,57.4,25.02226,0,1,0,1,101
7501,2026-06-11T09:59:22.500Z,0,64.66666,22.93333,34.7,57.4,25.02226,0,1,0,1,101
7502,2026-06-11T10:01:22.495Z,0,64.66666,22.93333,34.7,57.4,25.02226,0,1,0,1,101
7503,2026-06-11T10:03:22.490Z,0,64.66666,22.93333,34.7,57.4,25.02226,0,1,0,1,101
7504,2026-06-11T10:05:22.485Z,0,64.66666,22.93333,34.7,57.4,25.02226,0,1,0,1,101
7505,2026-06-11T10:07:22.480Z,0,64.66666,22.93333,34.7,57.4,25.02226,0,1,0,1,101
7506,2026-06-11T10:09:22.475Z,0,65.4,21.13333,34.7,57.6,25.08076,0,1,0,1,101
7507,2026-06-11T10:11:22.470Z,0,65.4,21.13333,34.7,57.6,25.08076,0,1,0,1,101
7508,2026-06-11T10:13:22.465Z,0,65.4,21.13333,34.7,57.6,25.08076,0,1,0,1,101
7509,2026-06-11T10:15:22.460Z,0,65.4,21.13333,34.7,57.6,25.08076,0,1,0,1,101
7510,2026-06-11T10:17:22.455Z,0,65.4,21.13333,34.7,57.6,25.08076,0,1,0,1,101
7511,2026-06-11T10:19:22.450Z,0,65.4,21.13333,34.7,57.6,25.08076,0,1,0,1,101
7512,2026-06-11T10:21:22.445Z,0,65.4,21.13333,34.7,57.6,25.08076,0,1,0,1,101
7513,2026-06-11T10:23:22.440Z,0,65.4,21.13333,34.7,57.6,25.08076,0,1,0,1,101
7514,2026-06-11T10:25:22.435Z,0,65.4,21.13333,34.7,57.6,25.08076,0,1,0,1,101
7515,2026-06-11T10:27:22.430Z,0,65.4,21.13333,34.7,57.6,25.08076,0,1,0,1,101
7516,2026-06-11T10:29:22.425Z,0,65.4,21.13333,34.7,57.6,25.08076,0,1,0,1,101
7517,2026-06-11T10:31:22.420Z,0,65.4,21.13333,34.7,57.6,25.08076,0,1,0,1,101
7518,2026-06-11T10:33:22.415Z,0,65.4,21.13333,34.7,57.6,25.08076,0,1,0,1,101
7519,2026-06-11T10:35:22.410Z,0,65.4,21.13333,34.7,57.6,25.08076,0,1,0,1,101
7520,2026-06-11T10:37:22.405Z,0,65.4,21.13333,34.7,57.6,25.08076,0,1,0,1,101
7521,2026-06-11T10:39:22.400Z,0,65.4,21.13333,34.7,57.6,25.08076,0,1,0,1,101
7522,2026-06-11T10:41:22.395Z,0,65.4,21.13333,34.7,57.6,25.08076,0,1,0,1,101
7523,2026-06-11T10:43:22.390Z,0,65.4,21.13333,34.7,57.6,25.08076,0,1,0,1,101
7524,2026-06-11T10:45:22.385Z,0,65.4,21.13333,34.7,57.6,25.08076,0,1,0,1,101
7525,2026-06-11T10:47:22.380Z,0,65.4,21.13333,34.7,57.6,25.08076,0,1,0,1,101
7526,2026-06-11T10:49:22.375Z,0,65.4,21.13333,34.7,57.6,25.08076,0,1,0,1,101
7527,2026-06-11T10:51:22.370Z,0,65.4,21.13333,34.7,57.6,25.08076,0,1,0,1,101
7528,2026-06-11T10:53:22.365Z,0,65.4,21.13333,34.7,57.6,25.08076,0,1,0,1,101
7529,2026-06-11T10:55:22.360Z,0,65.4,21.13333,34.7,57.6,25.08076,0,1,0,1,101
7530,2026-06-11T10:57:22.355Z,0,65.4,21.13333,34.7,57.6,25.08076,0,1,0,1,101
7531,2026-06-11T10:59:22.350Z,0,65.4,21.13333,34.7,57.6,25.08076,0,1,0,1,101
7532,2026-06-11T11:01:22.345Z,0,65.4,21.13333,34.7,57.6,25.08076,0,1,0,1,101
7533,2026-06-11T11:03:22.340Z,0,65.4,21.13333,34.7,57.6,25.08076,0,1,0,1,101
7534,2026-06-11T11:05:22.335Z,0,64.33334,21.4,34.7,58.1,25.22623,0,1,0,1,101
7535,2026-06-11T11:07:22.330Z,0,64.33334,21.4,34.7,58.1,25.22623,0,1,0,1,101
7536,2026-06-11T11:09:22.325Z,0,64.33334,21.4,34.7,58.1,25.22623,0,1,0,1,101
7537,2026-06-11T11:11:22.320Z,0,64.33334,21.4,34.7,58.1,25.22623,0,1,0,1,101
7538,2026-06-11T11:13:22.315Z,0,64.33334,21.4,34.7,58.1,25.22623,0,1,0,1,101
7539,2026-06-11T11:15:22.310Z,0,64.33334,21.4,34.7,58.1,25.22623,0,1,0,1,101
7540,2026-06-11T11:17:22.305Z,0,64.33334,21.4,34.7,58.1,25.22623,0,1,0,1,101
7541,2026-06-11T11:19:22.300Z,0,64.33334,21.4,34.7,58.1,25.22623,0,1,0,1,101
7542,2026-06-11T11:21:22.295Z,0,64.33334,21.4,34.7,58.1,25.22623,0,1,0,1,101
7543,2026-06-11T11:23:22.290Z,0,64.33334,21.4,34.7,58.1,25.22623,0,1,0,1,101
7544,2026-06-11T11:25:22.285Z,0,64.33334,21.4,34.7,58.1,25.22623,0,1,0,1,101
7545,2026-06-11T11:27:22.280Z,0,64.33334,21.4,34.7,58.1,25.22623,0,1,0,1,101
7546,2026-06-11T11:29:22.275Z,0,64.33334,21.4,34.7,58.1,25.22623,0,1,0,1,101
7547,2026-06-11T11:31:22.270Z,0,64.33334,21.4,34.7,58.1,25.22623,0,1,0,1,101
7548,2026-06-11T11:33:22.265Z,0,64.33334,21.4,34.7,58.1,25.22623,0,1,0,1,101
7549,2026-06-11T11:35:22.260Z,0,64.33334,21.4,34.7,58.1,25.22623,0,1,0,1,101
7550,2026-06-11T11:37:22.255Z,0,64.33334,21.4,34.7,58.1,25.22623,0,1,0,1,101
7551,2026-06-11T11:39:22.250Z,0,64.33334,21.4,34.7,58.1,25.22623,0,1,0,1,101
7552,2026-06-11T11:41:22.245Z,0,64.33334,21.4,34.7,58.1,25.22623,0,1,0,1,101
7553,2026-06-11T11:43:22.240Z,0,64.33334,21.4,34.7,58.1,25.22623,0,1,0,1,101
7554,2026-06-11T11:45:22.235Z,0,64.33334,21.4,34.7,58.1,25.22623,0,1,0,1,101
7555,2026-06-11T11:47:22.230Z,0,64.33334,21.4,34.7,58.1,25.22623,0,1,0,1,101
7556,2026-06-11T11:49:22.225Z,0,64.33334,21.4,34.7,58.1,25.22623,0,1,0,1,101
7557,2026-06-11T11:51:22.220Z,0,64.33334,21.4,34.7,58.1,25.22623,0,1,0,1,101
7558,2026-06-11T11:53:22.215Z,0,64.33334,21.4,34.7,58.1,25.22623,0,1,0,1,101
7559,2026-06-11T11:55:22.210Z,0,64.33334,21.4,34.7,58.1,25.22623,0,1,0,1,101
7560,2026-06-11T11:57:22.205Z,0,64.33334,21.4,34.7,58.1,25.22623,0,1,0,1,101
7561,2026-06-11T11:59:22.200Z,0,64.33334,21.4,34.7,58.1,25.22623,0,1,0,1,101
7562,2026-06-11T12:01:22.195Z,0,64.33334,21.4,34.7,58.1,25.22623,0,1,0,1,101
7563,2026-06-11T12:03:22.190Z,0,64.93333,21.53333,34.7,58.6,25.37061,0,1,0,1,101
7564,2026-06-11T12:05:22.185Z,0,64.93333,21.53333,34.7,58.6,25.37061,0,1,0,1,101
7565,2026-06-11T12:07:22.180Z,0,64.93333,21.53333,34.7,58.6,25.37061,0,1,0,1,101
7566,2026-06-11T12:09:22.175Z,0,64.93333,21.53333,34.7,58.6,25.37061,0,1,0,1,101
7567,2026-06-11T12:11:22.170Z,0,64.93333,21.53333,34.7,58.6,25.37061,0,1,0,1,101
7568,2026-06-11T12:13:22.165Z,0,64.93333,21.53333,34.7,58.6,25.37061,0,1,0,1,101
7569,2026-06-11T12:15:22.160Z,0,64.93333,21.53333,34.7,58.6,25.37061,0,1,0,1,101
7570,2026-06-11T12:17:22.155Z,0,64.93333,21.53333,34.7,58.6,25.37061,0,1,0,1,101
7571,2026-06-11T12:19:22.150Z,0,64.93333,21.53333,34.7,58.6,25.37061,0,1,0,1,101
7572,2026-06-11T12:21:22.145Z,0,64.93333,21.53333,34.7,58.6,25.37061,0,1,0,1,101
7573,2026-06-11T12:23:22.140Z,0,64.93333,21.53333,34.7,58.6,25.37061,0,1,0,1,101
7574,2026-06-11T12:25:22.135Z,0,64.93333,21.53333,34.7,58.6,25.37061,0,1,0,1,101
7575,2026-06-11T12:27:22.130Z,0,64.93333,21.53333,34.7,58.6,25.37061,0,1,0,1,101
7576,2026-06-11T12:29:22.125Z,0,64.93333,21.53333,34.7,58.6,25.37061,0,1,0,1,101
7577,2026-06-11T12:31:22.120Z,0,64.93333,21.53333,34.7,58.6,25.37061,0,1,0,1,101
7578,2026-06-11T12:33:22.115Z,0,64.93333,21.53333,34.7,58.6,25.37061,0,1,0,1,101
7579,2026-06-11T12:35:22.110Z,0,64.93333,21.53333,34.7,58.6,25.37061,0,1,0,1,101
7580,2026-06-11T12:37:22.105Z,0,64.93333,21.53333,34.7,58.6,25.37061,0,1,0,1,101
7581,2026-06-11T12:39:22.100Z,0,64.93333,21.53333,34.7,58.6,25.37061,0,1,0,1,101
7582,2026-06-11T12:41:22.095Z,0,64.93333,21.53333,34.7,58.6,25.37061,0,1,0,1,101
7583,2026-06-11T12:43:22.090Z,0,64.93333,21.53333,34.7,58.6,25.37061,0,1,0,1,101
7584,2026-06-11T12:45:22.085Z,0,64.93333,21.53333,34.7,58.6,25.37061,0,1,0,1,101
7585,2026-06-11T12:47:22.080Z,0,64.93333,21.53333,34.7,58.6,25.37061,0,1,0,1,101
7586,2026-06-11T12:49:22.075Z,0,64.93333,21.53333,34.7,58.6,25.37061,0,1,0,1,101
7587,2026-06-11T12:51:22.070Z,0,64.93333,21.53333,34.7,58.6,25.37061,0,1,0,1,101
7588,2026-06-11T12:53:22.065Z,0,64.93333,21.53333,34.7,58.6,25.37061,0,1,0,1,101
7589,2026-06-11T12:55:22.060Z,0,64.93333,21.53333,34.7,58.6,25.37061,0,1,0,1,101
7590,2026-06-11T12:57:22.055Z,0,64.93333,21.53333,34.7,58.6,25.37061,0,1,0,1,101
7591,2026-06-11T12:59:22.050Z,0,64.93333,21.53333,34.7,58.6,25.37061,0,1,0,1,101
7592,2026-06-11T13:01:22.045Z,0,64.6,20.86667,34.7,59.1,25.51392,0,1,0,1,101
7593,2026-06-11T13:03:22.040Z,0,64.6,20.86667,34.7,59.1,25.51392,0,1,0,1,101
7594,2026-06-11T13:05:22.035Z,0,64.6,20.86667,34.7,59.1,25.51392,0,1,0,1,101
7595,2026-06-11T13:07:22.030Z,0,64.6,20.86667,34.7,59.1,25.51392,0,1,0,1,101
7596,2026-06-11T13:09:22.025Z,0,64.6,20.86667,34.7,59.1,25.51392,0,1,0,1,101
7597,2026-06-11T13:11:22.020Z,0,64.6,20.86667,34.7,59.1,25.51392,0,1,0,1,101
7598,2026-06-11T13:13:22.015Z,0,64.6,20.86667,34.7,59.1,25.51392,0,1,0,1,101
7599,2026-06-11T13:15:22.010Z,0,64.6,20.86667,34.7,59.1,25.51392,0,1,0,1,101
7600,2026-06-11T13:17:22.005Z,0,64.6,20.86667,34.7,59.1,25.51392,0,1,0,1,101
7601,2026-06-11T13:19:22.000Z,0,64.6,20.86667,34.7,59.1,25.51392,0,1,0,1,101
7602,2026-06-11T13:21:21.995Z,0,64.6,20.86667,34.7,59.1,25.51392,0,1,0,1,101
7603,2026-06-11T13:23:21.990Z,0,64.6,20.86667,34.7,59.1,25.51392,0,1,0,1,101
7604,2026-06-11T13:25:21.985Z,0,64.6,20.86667,34.7,59.1,25.51392,0,1,0,1,101
7605,2026-06-11T13:27:21.980Z,0,64.6,20.86667,34.7,59.1,25.51392,0,1,0,1,101
7606,2026-06-11T13:29:21.975Z,0,64.6,20.86667,34.7,59.1,25.51392,0,1,0,1,101
7607,2026-06-11T13:31:21.970Z,0,64.6,20.86667,34.7,59.1,25.51392,0,1,0,1,101
7608,2026-06-11T13:33:21.965Z,0,64.6,20.86667,34.7,59.1,25.51392,0,1,0,1,101
7609,2026-06-11T13:35:21.960Z,0,64.6,20.86667,34.7,59.1,25.51392,0,1,0,1,101
7610,2026-06-11T13:37:21.955Z,0,64.6,20.86667,34.7,59.1,25.51392,0,1,0,1,101
7611,2026-06-11T13:39:21.950Z,0,64.6,20.86667,34.7,59.1,25.51392,0,1,0,1,101
7612,2026-06-11T13:41:21.945Z,0,64.6,20.86667,34.7,59.1,25.51392,0,1,0,1,101
7613,2026-06-11T13:43:21.940Z,0,64.6,20.86667,34.7,59.1,25.51392,0,1,0,1,101
7614,2026-06-11T13:45:21.935Z,0,64.6,20.86667,34.7,59.1,25.51392,0,1,0,1,101
7615,2026-06-11T13:47:21.930Z,0,64.6,20.86667,34.7,59.1,25.51392,0,1,0,1,101
7616,2026-06-11T13:49:21.925Z,0,64.6,20.86667,34.7,59.1,25.51392,0,1,0,1,101
7617,2026-06-11T13:51:21.920Z,0,64.6,20.86667,34.7,59.1,25.51392,0,1,0,1,101
7618,2026-06-11T13:53:21.915Z,0,64.6,20.86667,34.7,59.1,25.51392,0,1,0,1,101
7619,2026-06-11T13:55:21.910Z,0,64.6,20.86667,34.7,59.1,25.51392,0,1,0,1,101
7620,2026-06-11T13:57:21.905Z,0,65.26667,21.8,34.7,58.8,25.42806,0,1,0,1,101
7621,2026-06-11T13:59:21.900Z,0,65.26667,21.8,34.7,58.8,25.42806,0,1,0,1,101
7622,2026-06-11T14:01:21.895Z,0,65.26667,21.8,34.7,58.8,25.42806,0,1,0,1,101
7623,2026-06-11T14:03:21.890Z,0,65.26667,21.8,34.7,58.8,25.42806,0,1,0,1,101
7624,2026-06-11T14:05:21.885Z,0,65.26667,21.8,34.7,58.8,25.42806,0,1,0,1,101
7625,2026-06-11T14:07:21.880Z,0,65.26667,21.8,34.7,58.8,25.42806,0,1,0,1,101
7626,2026-06-11T14:09:21.875Z,0,65.26667,21.8,34.7,58.8,25.42806,0,1,0,1,101
7627,2026-06-11T14:11:21.870Z,0,65.26667,21.8,34.7,58.8,25.42806,0,1,0,1,101
7628,2026-06-11T14:13:21.865Z,0,65.26667,21.8,34.7,58.8,25.42806,0,1,0,1,101
7629,2026-06-11T14:15:21.860Z,0,65.26667,21.8,34.7,58.8,25.42806,0,1,0,1,101
7630,2026-06-11T14:17:21.855Z,0,65.26667,21.8,34.7,58.8,25.42806,0,1,0,1,101
7631,2026-06-11T14:19:21.850Z,0,65.26667,21.8,34.7,58.8,25.42806,0,1,0,1,101
7632,2026-06-11T14:21:21.845Z,0,65.26667,21.8,34.7,58.8,25.42806,0,1,0,1,101
7633,2026-06-11T14:23:21.840Z,0,65.26667,21.8,34.7,58.8,25.42806,0,1,0,1,101
7634,2026-06-11T14:25:21.835Z,0,65.26667,21.8,34.7,58.8,25.42806,0,1,0,1,101
7635,2026-06-11T14:27:21.830Z,0,65.26667,21.8,34.7,58.8,25.42806,0,1,0,1,101
7636,2026-06-11T14:29:21.825Z,0,65.26667,21.8,34.7,58.8,25.42806,0,1,0,1,101
7637,2026-06-11T14:31:21.820Z,0,65.26667,21.8,34.7,58.8,25.42806,0,1,0,1,101
7638,2026-06-11T14:33:21.815Z,0,65.26667,21.8,34.7,58.8,25.42806,0,1,0,1,101
7639,2026-06-11T14:35:21.810Z,0,65.26667,21.8,34.7,58.8,25.42806,0,1,0,1,101
7640,2026-06-11T14:37:21.805Z,0,65.26667,21.8,34.7,58.8,25.42806,0,1,0,1,101
7641,2026-06-11T14:39:21.800Z,0,65.26667,21.8,34.7,58.8,25.42806,0,1,0,1,101
7642,2026-06-11T14:41:21.795Z,0,65.26667,21.8,34.7,58.8,25.42806,0,1,0,1,101
7643,2026-06-11T14:43:21.790Z,0,65.26667,21.8,34.7,58.8,25.42806,0,1,0,1,101
7644,2026-06-11T14:45:21.785Z,0,65.26667,21.8,34.7,58.8,25.42806,0,1,0,1,101
7645,2026-06-11T14:47:21.780Z,0,65.26667,21.8,34.7,58.8,25.42806,0,1,0,1,101
7646,2026-06-11T14:49:21.775Z,0,65.26667,21.8,34.7,58.8,25.42806,0,1,0,1,101
7647,2026-06-11T14:51:21.770Z,0,65.26667,21.8,34.7,58.8,25.42806,0,1,0,1,101
7648,2026-06-11T14:53:21.765Z,0,65.26667,21.8,34.7,58.8,25.42806,0,1,0,1,101
7649,2026-06-11T14:55:21.760Z,0,65,21.66667,34.7,58.2,25.25519,0,1,0,1,101
7650,2026-06-11T14:57:21.755Z,0,65,21.66667,34.7,58.2,25.25519,0,1,0,1,101
7651,2026-06-11T14:59:21.750Z,0,65,21.66667,34.7,58.2,25.25519,0,1,0,1,101
7652,2026-06-11T15:01:21.745Z,0,65,21.66667,34.7,58.2,25.25519,0,1,0,1,101
7653,2026-06-11T15:03:21.740Z,0,65,21.66667,34.7,58.2,25.25519,0,1,0,1,101
7654,2026-06-11T15:05:21.735Z,0,65,21.66667,34.7,58.2,25.25519,0,1,0,1,101
7655,2026-06-11T15:07:21.730Z,0,65,21.66667,34.7,58.2,25.25519,0,1,0,1,101
7656,2026-06-11T15:09:21.725Z,0,65,21.66667,34.7,58.2,25.25519,0,1,0,1,101
7657,2026-06-11T15:11:21.720Z,0,65,21.66667,34.7,58.2,25.25519,0,1,0,1,101
7658,2026-06-11T15:13:21.715Z,0,65,21.66667,34.7,58.2,25.25519,0,1,0,1,101
7659,2026-06-11T15:15:21.710Z,0,65,21.66667,34.7,58.2,25.25519,0,1,0,1,101
7660,2026-06-11T15:17:21.705Z,0,65,21.66667,34.7,58.2,25.25519,0,1,0,1,101
7661,2026-06-11T15:19:21.700Z,0,65,21.66667,34.7,58.2,25.25519,0,1,0,1,101
7662,2026-06-11T15:21:21.695Z,0,65,21.66667,34.7,58.2,25.25519,0,1,0,1,101
7663,2026-06-11T15:23:21.690Z,0,65,21.66667,34.7,58.2,25.25519,0,1,0,1,101
7664,2026-06-11T15:25:21.685Z,0,65,21.66667,34.7,58.2,25.25519,0,1,0,1,101
7665,2026-06-11T15:27:21.680Z,0,65,21.66667,34.7,58.2,25.25519,0,1,0,1,101
7666,2026-06-11T15:29:21.675Z,0,65,21.66667,34.7,58.2,25.25519,0,1,0,1,101
7667,2026-06-11T15:31:21.670Z,0,65,21.66667,34.7,58.2,25.25519,0,1,0,1,101
7668,2026-06-11T15:33:21.665Z,0,65,21.66667,34.7,58.2,25.25519,0,1,0,1,101
7669,2026-06-11T15:35:21.660Z,0,65,21.66667,34.7,58.2,25.25519,0,1,0,1,101
7670,2026-06-11T15:37:21.655Z,0,65,21.66667,34.7,58.2,25.25519,0,1,0,1,101
7671,2026-06-11T15:39:21.650Z,0,65,21.66667,34.7,58.2,25.25519,0,1,0,1,101
7672,2026-06-11T15:41:21.645Z,0,65,21.66667,34.7,58.2,25.25519,0,1,0,1,101
7673,2026-06-11T15:43:21.640Z,0,65,21.66667,34.7,58.2,25.25519,0,1,0,1,101
7674,2026-06-11T15:45:21.635Z,0,65,21.66667,34.7,58.2,25.25519,0,1,0,1,101
7675,2026-06-11T15:47:21.630Z,0,65,21.66667,34.7,58.2,25.25519,0,1,0,1,101
7676,2026-06-11T15:49:21.625Z,0,65,21.66667,34.7,58.2,25.25519,0,1,0,1,101
7677,2026-06-11T15:51:21.620Z,0,65,21.66667,34.7,58.2,25.25519,0,1,0,1,101
7678,2026-06-11T15:53:21.615Z,0,65,20.46667,34.7,59.1,25.51392,0,1,0,1,101
7679,2026-06-11T15:55:21.610Z,0,65,20.46667,34.7,59.1,25.51392,0,1,0,1,101
7680,2026-06-11T15:57:21.605Z,0,65,20.46667,34.7,59.1,25.51392,0,1,0,1,101
7681,2026-06-11T15:59:21.600Z,0,65,20.46667,34.7,59.1,25.51392,0,1,0,1,101
7682,2026-06-11T16:01:21.595Z,0,65,20.46667,34.7,59.1,25.51392,0,1,0,1,101
7683,2026-06-11T16:03:21.590Z,0,65,20.46667,34.7,59.1,25.51392,0,1,0,1,101
7684,2026-06-11T16:05:21.585Z,0,65,20.46667,34.7,59.1,25.51392,0,1,0,1,101
7685,2026-06-11T16:07:21.580Z,0,65,20.46667,34.7,59.1,25.51392,0,1,0,1,101
7686,2026-06-11T16:09:21.575Z,0,65,20.46667,34.7,59.1,25.51392,0,1,0,1,101
7687,2026-06-11T16:11:21.570Z,0,65,20.46667,34.7,59.1,25.51392,0,1,0,1,101
7688,2026-06-11T16:13:21.565Z,0,65,20.46667,34.7,59.1,25.51392,0,1,0,1,101
7689,2026-06-11T16:15:21.560Z,0,65,20.46667,34.7,59.1,25.51392,0,1,0,1,101
7690,2026-06-11T16:17:21.555Z,0,65,20.46667,34.7,59.1,25.51392,0,1,0,1,101
7691,2026-06-11T16:19:21.550Z,0,65,20.46667,34.7,59.1,25.51392,0,1,0,1,101
7692,2026-06-11T16:21:21.545Z,0,65,20.46667,34.7,59.1,25.51392,0,1,0,1,101
7693,2026-06-11T16:23:21.540Z,0,65,20.46667,34.7,59.1,25.51392,0,1,0,1,101
7694,2026-06-11T16:25:21.535Z,0,65,20.46667,34.7,59.1,25.51392,0,1,0,1,101
7695,2026-06-11T16:27:21.530Z,0,65,20.46667,34.7,59.1,25.51392,0,1,0,1,101
7696,2026-06-11T16:29:21.525Z,0,65,20.46667,34.7,59.1,25.51392,0,1,0,1,101
7697,2026-06-11T16:31:21.520Z,0,65,20.46667,34.7,59.1,25.51392,0,1,0,1,101
7698,2026-06-11T16:33:21.515Z,0,65,20.46667,34.7,59.1,25.51392,0,1,0,1,101
7699,2026-06-11T16:35:21.510Z,0,65,20.46667,34.7,59.1,25.51392,0,1,0,1,101
7700,2026-06-11T16:37:21.505Z,0,65,20.46667,34.7,59.1,25.51392,0,1,0,1,101
7701,2026-06-11T16:39:21.500Z,0,65,20.46667,34.7,59.1,25.51392,0,1,0,1,101
7702,2026-06-11T16:41:21.495Z,0,65,20.46667,34.7,59.1,25.51392,0,1,0,1,101
7703,2026-06-11T16:43:21.490Z,0,65,20.46667,34.7,59.1,25.51392,0,1,0,1,101
7704,2026-06-11T16:45:21.485Z,0,65,20.46667,34.7,59.1,25.51392,0,1,0,1,101
7705,2026-06-11T16:47:21.480Z,0,65,20.46667,34.7,59.1,25.51392,0,1,0,1,101
7706,2026-06-11T16:49:21.475Z,0,65.8,20.46667,34.8,60.1,25.89098,0,1,0,1,101
7707,2026-06-11T16:51:21.470Z,0,65.8,20.46667,34.8,60.1,25.89098,0,1,0,1,101
7708,2026-06-11T16:53:21.465Z,0,65.8,20.46667,34.8,60.1,25.89098,0,1,0,1,101
7709,2026-06-11T16:55:21.460Z,0,65.8,20.46667,34.8,60.1,25.89098,0,1,0,1,101
7710,2026-06-11T16:57:21.455Z,0,65.8,20.46667,34.8,60.1,25.89098,0,1,0,1,101
7711,2026-06-11T16:59:21.450Z,0,65.8,20.46667,34.8,60.1,25.89098,0,1,0,1,101
7712,2026-06-11T17:01:21.445Z,0,65.8,20.46667,34.8,60.1,25.89098,0,1,0,1,101
7713,2026-06-11T17:03:21.440Z,0,65.8,20.46667,34.8,60.1,25.89098,0,1,0,1,101
7714,2026-06-11T17:05:21.435Z,0,65.8,20.46667,34.8,60.1,25.89098,0,1,0,1,101
7715,2026-06-11T17:07:21.430Z,0,65.8,20.46667,34.8,60.1,25.89098,0,1,0,1,101
7716,2026-06-11T17:09:21.425Z,0,65.8,20.46667,34.8,60.1,25.89098,0,1,0,1,101
7717,2026-06-11T17:11:21.420Z,0,65.8,20.46667,34.8,60.1,25.89098,0,1,0,1,101
7718,2026-06-11T17:13:21.415Z,0,65.8,20.46667,34.8,60.1,25.89098,0,1,0,1,101
7719,2026-06-11T17:15:21.410Z,0,65.8,20.46667,34.8,60.1,25.89098,0,1,0,1,101
7720,2026-06-11T17:17:21.405Z,0,65.8,20.46667,34.8,60.1,25.89098,0,1,0,1,101
7721,2026-06-11T17:19:21.400Z,0,65.8,20.46667,34.8,60.1,25.89098,0,1,0,1,101
7722,2026-06-11T17:21:21.395Z,0,65.8,20.46667,34.8,60.1,25.89098,0,1,0,1,101
7723,2026-06-11T17:23:21.390Z,0,65.8,20.46667,34.8,60.1,25.89098,0,1,0,1,101
7724,2026-06-11T17:25:21.385Z,0,65.8,20.46667,34.8,60.1,25.89098,0,1,0,1,101
7725,2026-06-11T17:27:21.380Z,0,65.8,20.46667,34.8,60.1,25.89098,0,1,0,1,101
7726,2026-06-11T17:29:21.375Z,0,65.8,20.46667,34.8,60.1,25.89098,0,1,0,1,101
7727,2026-06-11T17:31:21.370Z,0,65.8,20.46667,34.8,60.1,25.89098,0,1,0,1,101
7728,2026-06-11T17:33:21.365Z,0,65.8,20.46667,34.8,60.1,25.89098,0,1,0,1,101
7729,2026-06-11T17:35:21.360Z,0,65.8,20.46667,34.8,60.1,25.89098,0,1,0,1,101
7730,2026-06-11T17:37:21.355Z,0,65.8,20.46667,34.8,60.1,25.89098,0,1,0,1,101
7731,2026-06-11T17:39:21.350Z,0,65.8,20.46667,34.8,60.1,25.89098,0,1,0,1,101
7732,2026-06-11T17:41:21.345Z,0,65.8,20.46667,34.8,60.1,25.89098,0,1,0,1,101
7733,2026-06-11T17:43:21.340Z,0,65.8,20.46667,34.8,60.1,25.89098,0,1,0,1,101
7734,2026-06-11T17:45:21.335Z,0,65.8,20.46667,34.8,60.1,25.89098,0,1,0,1,101
7735,2026-06-11T17:47:21.330Z,0,67,19.93333,34.7,59.4,25.59941,0,1,0,1,101
7736,2026-06-11T17:49:21.325Z,0,67,19.93333,34.7,59.4,25.59941,0,1,0,1,101
7737,2026-06-11T17:51:21.320Z,0,67,19.93333,34.7,59.4,25.59941,0,1,0,1,101
7738,2026-06-11T17:53:21.315Z,0,67,19.93333,34.7,59.4,25.59941,0,1,0,1,101
7739,2026-06-11T17:55:21.310Z,0,67,19.93333,34.7,59.4,25.59941,0,1,0,1,101
7740,2026-06-11T17:57:21.305Z,0,67,19.93333,34.7,59.4,25.59941,0,1,0,1,101
7741,2026-06-11T17:59:21.300Z,0,67,19.93333,34.7,59.4,25.59941,0,1,0,1,101
7742,2026-06-11T18:01:21.295Z,0,67,19.93333,34.7,59.4,25.59941,0,1,0,1,101
7743,2026-06-11T18:03:21.290Z,0,67,19.93333,34.7,59.4,25.59941,0,1,0,1,101
7744,2026-06-11T18:05:21.285Z,0,67,19.93333,34.7,59.4,25.59941,0,1,0,1,101
7745,2026-06-11T18:07:21.280Z,0,67,19.93333,34.7,59.4,25.59941,0,1,0,1,101
7746,2026-06-11T18:09:21.275Z,0,67,19.93333,34.7,59.4,25.59941,0,1,0,1,101
7747,2026-06-11T18:11:21.270Z,0,67,19.93333,34.7,59.4,25.59941,0,1,0,1,101
7748,2026-06-11T18:13:21.265Z,0,67,19.93333,34.7,59.4,25.59941,0,1,0,1,101
7749,2026-06-11T18:15:21.260Z,0,67,19.93333,34.7,59.4,25.59941,0,1,0,1,101
7750,2026-06-11T18:17:21.255Z,0,67,19.93333,34.7,59.4,25.59941,0,1,0,1,101
7751,2026-06-11T18:19:21.250Z,0,67,19.93333,34.7,59.4,25.59941,0,1,0,1,101
7752,2026-06-11T18:21:21.245Z,0,67,19.93333,34.7,59.4,25.59941,0,1,0,1,101
7753,2026-06-11T18:23:21.240Z,0,67,19.93333,34.7,59.4,25.59941,0,1,0,1,101
7754,2026-06-11T18:25:21.235Z,0,67,19.93333,34.7,59.4,25.59941,0,1,0,1,101
7755,2026-06-11T18:27:21.230Z,0,67,19.93333,34.7,59.4,25.59941,0,1,0,1,101
7756,2026-06-11T18:29:21.225Z,0,67,19.93333,34.7,59.4,25.59941,0,1,0,1,101
7757,2026-06-11T18:31:21.220Z,0,67,19.93333,34.7,59.4,25.59941,0,1,0,1,101
7758,2026-06-11T18:33:21.215Z,0,67,19.93333,34.7,59.4,25.59941,0,1,0,1,101
7759,2026-06-11T18:35:21.210Z,0,67,19.93333,34.7,59.4,25.59941,0,1,0,1,101
7760,2026-06-11T18:37:21.205Z,0,67,19.93333,34.7,59.4,25.59941,0,1,0,1,101
7761,2026-06-11T18:39:21.200Z,0,67,19.93333,34.7,59.4,25.59941,0,1,0,1,101
7762,2026-06-11T18:41:21.195Z,0,67,19.93333,34.7,59.4,25.59941,0,1,0,1,101
7763,2026-06-11T18:43:21.190Z,0,67,19.93333,34.7,59.4,25.59941,0,1,0,1,101
7764,2026-06-11T18:45:21.185Z,0,64.06667,19.33333,34.7,58.4,25.31299,0,1,0,1,101
7765,2026-06-11T18:47:21.180Z,0,64.06667,19.33333,34.7,58.4,25.31299,0,1,0,1,101
7766,2026-06-11T18:49:21.175Z,0,64.06667,19.33333,34.7,58.4,25.31299,0,1,0,1,101
7767,2026-06-11T18:51:21.170Z,0,64.06667,19.33333,34.7,58.4,25.31299,0,1,0,1,101
7768,2026-06-11T18:53:21.165Z,0,64.06667,19.33333,34.7,58.4,25.31299,0,1,0,1,101
7769,2026-06-11T18:55:21.160Z,0,64.06667,19.33333,34.7,58.4,25.31299,0,1,0,1,101
7770,2026-06-11T18:57:21.155Z,0,64.06667,19.33333,34.7,58.4,25.31299,0,1,0,1,101
7771,2026-06-11T18:59:21.150Z,0,64.06667,19.33333,34.7,58.4,25.31299,0,1,0,1,101
7772,2026-06-11T19:01:21.145Z,0,64.06667,19.33333,34.7,58.4,25.31299,0,1,0,1,101
7773,2026-06-11T19:03:21.140Z,0,64.06667,19.33333,34.7,58.4,25.31299,0,1,0,1,101
7774,2026-06-11T19:05:21.135Z,0,64.06667,19.33333,34.7,58.4,25.31299,0,1,0,1,101
7775,2026-06-11T19:07:21.130Z,0,64.06667,19.33333,34.7,58.4,25.31299,0,1,0,1,101
7776,2026-06-11T19:09:21.125Z,0,64.06667,19.33333,34.7,58.4,25.31299,0,1,0,1,101
7777,2026-06-11T19:11:21.120Z,0,64.06667,19.33333,34.7,58.4,25.31299,0,1,0,1,101
7778,2026-06-11T19:13:21.115Z,0,64.06667,19.33333,34.7,58.4,25.31299,0,1,0,1,101
7779,2026-06-11T19:15:21.110Z,0,64.06667,19.33333,34.7,58.4,25.31299,0,1,0,1,101
7780,2026-06-11T19:17:21.105Z,0,64.06667,19.33333,34.7,58.4,25.31299,0,1,0,1,101
7781,2026-06-11T19:19:21.100Z,0,64.06667,19.33333,34.7,58.4,25.31299,0,1,0,1,101
7782,2026-06-11T19:21:21.095Z,0,64.06667,19.33333,34.7,58.4,25.31299,0,1,0,1,101
7783,2026-06-11T19:23:21.090Z,0,64.06667,19.33333,34.7,58.4,25.31299,0,1,0,1,101
7784,2026-06-11T19:25:21.085Z,0,64.06667,19.33333,34.7,58.4,25.31299,0,1,0,1,101
7785,2026-06-11T19:27:21.080Z,0,64.06667,19.33333,34.7,58.4,25.31299,0,1,0,1,101
7786,2026-06-11T19:29:21.075Z,0,64.06667,19.33333,34.7,58.4,25.31299,0,1,0,1,101
7787,2026-06-11T19:31:21.070Z,0,64.06667,19.33333,34.7,58.4,25.31299,0,1,0,1,101
7788,2026-06-11T19:33:21.065Z,0,64.06667,19.33333,34.7,58.4,25.31299,0,1,0,1,101
7789,2026-06-11T19:35:21.060Z,0,64.06667,19.33333,34.7,58.4,25.31299,0,1,0,1,101
7790,2026-06-11T19:37:21.055Z,0,64.06667,19.33333,34.7,58.4,25.31299,0,1,0,1,101
7791,2026-06-11T19:39:21.050Z,0,64.06667,19.33333,34.7,58.4,25.31299,0,1,0,1,101
7792,2026-06-11T19:41:21.045Z,0,63.93333,20.13333,34.7,58.5,25.34182,0,1,0,1,101
7793,2026-06-11T19:43:21.040Z,0,63.93333,20.13333,34.7,58.5,25.34182,0,1,0,1,101
7794,2026-06-11T19:45:21.035Z,0,63.93333,20.13333,34.7,58.5,25.34182,0,1,0,1,101
7795,2026-06-11T19:47:21.030Z,0,63.93333,20.13333,34.7,58.5,25.34182,0,1,0,1,101
7796,2026-06-11T19:49:21.025Z,0,63.93333,20.13333,34.7,58.5,25.34182,0,1,0,1,101
7797,2026-06-11T19:51:21.020Z,0,63.93333,20.13333,34.7,58.5,25.34182,0,1,0,1,101
7798,2026-06-11T19:53:21.015Z,0,63.93333,20.13333,34.7,58.5,25.34182,0,1,0,1,101
7799,2026-06-11T19:55:21.010Z,0,63.93333,20.13333,34.7,58.5,25.34182,0,1,0,1,101
7800,2026-06-11T19:57:21.005Z,0,63.93333,20.13333,34.7,58.5,25.34182,0,1,0,1,101
7801,2026-06-11T19:59:21.000Z,0,63.93333,20.13333,34.7,58.5,25.34182,0,1,0,1,101
7802,2026-06-11T20:01:20.995Z,0,63.93333,20.13333,34.7,58.5,25.34182,0,1,0,1,101
7803,2026-06-11T20:03:20.990Z,0,63.93333,20.13333,34.7,58.5,25.34182,0,1,0,1,101
7804,2026-06-11T20:05:20.985Z,0,63.93333,20.13333,34.7,58.5,25.34182,0,1,0,1,101
7805,2026-06-11T20:07:20.980Z,0,63.93333,20.13333,34.7,58.5,25.34182,0,1,0,1,101
7806,2026-06-11T20:09:20.975Z,0,63.93333,20.13333,34.7,58.5,25.34182,0,1,0,1,101
7807,2026-06-11T20:11:20.970Z,0,63.93333,20.13333,34.7,58.5,25.34182,0,1,0,1,101
7808,2026-06-11T20:13:20.965Z,0,63.93333,20.13333,34.7,58.5,25.34182,0,1,0,1,101
7809,2026-06-11T20:15:20.960Z,0,63.93333,20.13333,34.7,58.5,25.34182,0,1,0,1,101
7810,2026-06-11T20:17:20.955Z,0,63.93333,20.13333,34.7,58.5,25.34182,0,1,0,1,101
7811,2026-06-11T20:19:20.950Z,0,63.93333,20.13333,34.7,58.5,25.34182,0,1,0,1,101
7812,2026-06-11T20:21:20.945Z,0,63.93333,20.13333,34.7,58.5,25.34182,0,1,0,1,101
7813,2026-06-11T20:23:20.940Z,0,63.93333,20.13333,34.7,58.5,25.34182,0,1,0,1,101
7814,2026-06-11T20:25:20.935Z,0,63.93333,20.13333,34.7,58.5,25.34182,0,1,0,1,101
7815,2026-06-11T20:27:20.930Z,0,63.93333,20.13333,34.7,58.5,25.34182,0,1,0,1,101
7816,2026-06-11T20:29:20.925Z,0,63.93333,20.13333,34.7,58.5,25.34182,0,1,0,1,101
7817,2026-06-11T20:31:20.920Z,0,63.93333,20.13333,34.7,58.5,25.34182,0,1,0,1,101
7818,2026-06-11T20:33:20.915Z,0,63.93333,20.13333,34.7,58.5,25.34182,0,1,0,1,101
7819,2026-06-11T20:35:20.910Z,0,63.93333,20.13333,34.7,58.5,25.34182,0,1,0,1,101
7820,2026-06-11T20:37:20.905Z,0,63.93333,20.13333,34.7,58.5,25.34182,0,1,0,1,101
7821,2026-06-11T20:39:20.900Z,0,64.73333,18.86667,34.7,57.8,25.13908,0,1,0,1,101
7822,2026-06-11T20:41:20.895Z,0,64.73333,18.86667,34.7,57.8,25.13908,0,1,0,1,101
7823,2026-06-11T20:43:20.890Z,0,64.73333,18.86667,34.7,57.8,25.13908,0,1,0,1,101
7824,2026-06-11T20:45:20.885Z,0,64.73333,18.86667,34.7,57.8,25.13908,0,1,0,1,101
7825,2026-06-11T20:47:20.880Z,0,64.73333,18.86667,34.7,57.8,25.13908,0,1,0,1,101
7826,2026-06-11T20:49:20.875Z,0,64.73333,18.86667,34.7,57.8,25.13908,0,1,0,1,101
7827,2026-06-11T20:51:20.870Z,0,64.73333,18.86667,34.7,57.8,25.13908,0,1,0,1,101
7828,2026-06-11T20:53:20.865Z,0,64.73333,18.86667,34.7,57.8,25.13908,0,1,0,1,101
7829,2026-06-11T20:55:20.860Z,0,64.73333,18.86667,34.7,57.8,25.13908,0,1,0,1,101
7830,2026-06-11T20:57:20.855Z,0,64.73333,18.86667,34.7,57.8,25.13908,0,1,0,1,101
7831,2026-06-11T20:59:20.850Z,0,64.73333,18.86667,34.7,57.8,25.13908,0,1,0,1,101
7832,2026-06-11T21:01:20.845Z,0,64.73333,18.86667,34.7,57.8,25.13908,0,1,0,1,101
7833,2026-06-11T21:03:20.840Z,0,64.73333,18.86667,34.7,57.8,25.13908,0,1,0,1,101
7834,2026-06-11T21:05:20.835Z,0,64.73333,18.86667,34.7,57.8,25.13908,0,1,0,1,101
7835,2026-06-11T21:07:20.830Z,0,64.73333,18.86667,34.7,57.8,25.13908,0,1,0,1,101
7836,2026-06-11T21:09:20.825Z,0,64.73333,18.86667,34.7,57.8,25.13908,0,1,0,1,101
7837,2026-06-11T21:11:20.820Z,0,64.73333,18.86667,34.7,57.8,25.13908,0,1,0,1,101
7838,2026-06-11T21:13:20.815Z,0,64.73333,18.86667,34.7,57.8,25.13908,0,1,0,1,101
7839,2026-06-11T21:15:20.810Z,0,64.73333,18.86667,34.7,57.8,25.13908,0,1,0,1,101
7840,2026-06-11T21:17:20.805Z,0,64.73333,18.86667,34.7,57.8,25.13908,0,1,0,1,101
7841,2026-06-11T21:19:20.800Z,0,64.73333,18.86667,34.7,57.8,25.13908,0,1,0,1,101
7842,2026-06-11T21:21:20.795Z,0,64.73333,18.86667,34.7,57.8,25.13908,0,1,0,1,101
7843,2026-06-11T21:23:20.790Z,0,64.73333,18.86667,34.7,57.8,25.13908,0,1,0,1,101
7844,2026-06-11T21:25:20.785Z,0,64.73333,18.86667,34.7,57.8,25.13908,0,1,0,1,101
7845,2026-06-11T21:27:20.780Z,0,64.73333,18.86667,34.7,57.8,25.13908,0,1,0,1,101
7846,2026-06-11T21:29:20.775Z,0,64.73333,18.86667,34.7,57.8,25.13908,0,1,0,1,101
7847,2026-06-11T21:31:20.770Z,0,64.73333,18.86667,34.7,57.8,25.13908,0,1,0,1,101
7848,2026-06-11T21:33:20.765Z,0,64.73333,18.86667,34.7,57.8,25.13908,0,1,0,1,101
7849,2026-06-11T21:35:20.760Z,0,64.73333,18.86667,34.7,57.8,25.13908,0,1,0,1,101
7850,2026-06-11T21:37:20.755Z,0,63.93333,19.2,34.7,56.9,24.87524,0,1,0,1,101
7851,2026-06-11T21:39:20.750Z,0,63.93333,19.2,34.7,56.9,24.87524,0,1,0,1,101
7852,2026-06-11T21:41:20.745Z,0,63.93333,19.2,34.7,56.9,24.87524,0,1,0,1,101
7853,2026-06-11T21:43:20.740Z,0,63.93333,19.2,34.7,56.9,24.87524,0,1,0,1,101
7854,2026-06-11T21:45:20.735Z,0,63.93333,19.2,34.7,56.9,24.87524,0,1,0,1,101
7855,2026-06-11T21:47:20.730Z,0,63.93333,19.2,34.7,56.9,24.87524,0,1,0,1,101
7856,2026-06-11T21:49:20.725Z,0,63.93333,19.2,34.7,56.9,24.87524,0,1,0,1,101
7857,2026-06-11T21:51:20.720Z,0,63.93333,19.2,34.7,56.9,24.87524,0,1,0,1,101
7858,2026-06-11T21:53:20.715Z,0,63.93333,19.2,34.7,56.9,24.87524,0,1,0,1,101
7859,2026-06-11T21:55:20.710Z,0,63.93333,19.2,34.7,56.9,24.87524,0,1,0,1,101
7860,2026-06-11T21:57:20.705Z,0,63.93333,19.2,34.7,56.9,24.87524,0,1,0,1,101
7861,2026-06-11T21:59:20.700Z,0,63.93333,19.2,34.7,56.9,24.87524,0,1,0,1,101
7862,2026-06-11T22:01:20.695Z,0,63.93333,19.2,34.7,56.9,24.87524,0,1,0,1,101
7863,2026-06-11T22:03:20.690Z,0,63.93333,19.2,34.7,56.9,24.87524,0,1,0,1,101
7864,2026-06-11T22:05:20.685Z,0,63.93333,19.2,34.7,56.9,24.87524,0,1,0,1,101
7865,2026-06-11T22:07:20.680Z,0,63.93333,19.2,34.7,56.9,24.87524,0,1,0,1,101
7866,2026-06-11T22:09:20.675Z,0,63.93333,19.2,34.7,56.9,24.87524,0,1,0,1,101
7867,2026-06-11T22:11:20.670Z,0,63.93333,19.2,34.7,56.9,24.87524,0,1,0,1,101
7868,2026-06-11T22:13:20.665Z,0,63.93333,19.2,34.7,56.9,24.87524,0,1,0,1,101
7869,2026-06-11T22:15:20.660Z,0,63.93333,19.2,34.7,56.9,24.87524,0,1,0,1,101
7870,2026-06-11T22:17:20.655Z,0,63.93333,19.2,34.7,56.9,24.87524,0,1,0,1,101
7871,2026-06-11T22:19:20.650Z,0,63.93333,19.2,34.7,56.9,24.87524,0,1,0,1,101
7872,2026-06-11T22:21:20.645Z,0,63.93333,19.2,34.7,56.9,24.87524,0,1,0,1,101
7873,2026-06-11T22:23:20.640Z,0,63.93333,19.2,34.7,56.9,24.87524,0,1,0,1,101
7874,2026-06-11T22:25:20.635Z,0,63.93333,19.2,34.7,56.9,24.87524,0,1,0,1,101
7875,2026-06-11T22:27:20.630Z,0,63.93333,19.2,34.7,56.9,24.87524,0,1,0,1,101
7876,2026-06-11T22:29:20.625Z,0,63.93333,19.2,34.7,56.9,24.87524,0,1,0,1,101
7877,2026-06-11T22:31:20.620Z,0,63.93333,19.2,34.7,56.9,24.87524,0,1,0,1,101
7878,2026-06-11T22:33:20.615Z,0,65.33334,18.2,34.7,57.6,25.08076,0,1,0,1,101
7879,2026-06-11T22:35:20.610Z,0,65.33334,18.2,34.7,57.6,25.08076,0,1,0,1,101
7880,2026-06-11T22:37:20.605Z,0,65.33334,18.2,34.7,57.6,25.08076,0,1,0,1,101
7881,2026-06-11T22:39:20.600Z,0,65.33334,18.2,34.7,57.6,25.08076,0,1,0,1,101
7882,2026-06-11T22:41:20.595Z,0,65.33334,18.2,34.7,57.6,25.08076,0,1,0,1,101
7883,2026-06-11T22:43:20.590Z,0,65.33334,18.2,34.7,57.6,25.08076,0,1,0,1,101
7884,2026-06-11T22:45:20.585Z,0,65.33334,18.2,34.7,57.6,25.08076,0,1,0,1,101
7885,2026-06-11T22:47:20.580Z,0,65.33334,18.2,34.7,57.6,25.08076,0,1,0,1,101
7886,2026-06-11T22:49:20.575Z,0,65.33334,18.2,34.7,57.6,25.08076,0,1,0,1,101
7887,2026-06-11T22:51:20.570Z,0,65.33334,18.2,34.7,57.6,25.08076,0,1,0,1,101
7888,2026-06-11T22:53:20.565Z,0,65.33334,18.2,34.7,57.6,25.08076,0,1,0,1,101
7889,2026-06-11T22:55:20.560Z,0,65.33334,18.2,34.7,57.6,25.08076,0,1,0,1,101
7890,2026-06-11T22:57:20.555Z,0,65.33334,18.2,34.7,57.6,25.08076,0,1,0,1,101
7891,2026-06-11T22:59:20.550Z,0,65.33334,18.2,34.7,57.6,25.08076,0,1,0,1,101
7892,2026-06-11T23:01:20.545Z,0,65.33334,18.2,34.7,57.6,25.08076,0,1,0,1,101
7893,2026-06-11T23:03:20.540Z,0,65.33334,18.2,34.7,57.6,25.08076,0,1,0,1,101
7894,2026-06-11T23:05:20.535Z,0,65.33334,18.2,34.7,57.6,25.08076,0,1,0,1,101
7895,2026-06-11T23:07:20.530Z,0,65.33334,18.2,34.7,57.6,25.08076,0,1,0,1,101
7896,2026-06-11T23:09:20.525Z,0,65.33334,18.2,34.7,57.6,25.08076,0,1,0,1,101
7897,2026-06-11T23:11:20.520Z,0,65.33334,18.2,34.7,57.6,25.08076,0,1,0,1,101
7898,2026-06-11T23:13:20.515Z,0,65.33334,18.2,34.7,57.6,25.08076,0,1,0,1,101
7899,2026-06-11T23:15:20.510Z,0,65.33334,18.2,34.7,57.6,25.08076,0,1,0,1,101
7900,2026-06-11T23:17:20.505Z,0,65.33334,18.2,34.7,57.6,25.08076,0,1,0,1,101
7901,2026-06-11T23:19:20.500Z,0,65.33334,18.2,34.7,57.6,25.08076,0,1,0,1,101
7902,2026-06-11T23:21:20.495Z,0,65.33334,18.2,34.7,57.6,25.08076,0,1,0,1,101
7903,2026-06-11T23:23:20.490Z,0,65.33334,18.2,34.7,57.6,25.08076,0,1,0,1,101
7904,2026-06-11T23:25:20.485Z,0,65.33334,18.2,34.7,57.6,25.08076,0,1,0,1,101
7905,2026-06-11T23:27:20.480Z,0,65.33334,18.2,34.7,57.6,25.08076,0,1,0,1,101
7906,2026-06-11T23:29:20.475Z,0,65.33334,18.2,34.7,57.6,25.08076,0,1,0,1,101
7907,2026-06-11T23:31:20.470Z,0,64.8,18.46667,34.7,57.6,25.08076,0,1,0,1,101
7908,2026-06-11T23:33:20.465Z,0,64.8,18.46667,34.7,57.6,25.08076,0,1,0,1,101
7909,2026-06-11T23:35:20.460Z,0,64.8,18.46667,34.7,57.6,25.08076,0,1,0,1,101
7910,2026-06-11T23:37:20.455Z,0,64.8,18.46667,34.7,57.6,25.08076,0,1,0,1,101
7911,2026-06-11T23:39:20.450Z,0,64.8,18.46667,34.7,57.6,25.08076,0,1,0,1,101
7912,2026-06-11T23:41:20.445Z,0,64.8,18.46667,34.7,57.6,25.08076,0,1,0,1,101
7913,2026-06-11T23:43:20.440Z,0,64.8,18.46667,34.7,57.6,25.08076,0,1,0,1,101
7914,2026-06-11T23:45:20.435Z,0,64.8,18.46667,34.7,57.6,25.08076,0,1,0,1,101
7915,2026-06-11T23:47:20.430Z,0,64.8,18.46667,34.7,57.6,25.08076,0,1,0,1,101
7916,2026-06-11T23:49:20.425Z,0,64.8,18.46667,34.7,57.6,25.08076,0,1,0,1,101
7917,2026-06-11T23:51:20.420Z,0,64.8,18.46667,34.7,57.6,25.08076,0,1,0,1,101
7918,2026-06-11T23:53:20.415Z,0,64.8,18.46667,34.7,57.6,25.08076,0,1,0,1,101
7919,2026-06-11T23:55:20.410Z,0,64.8,18.46667,34.7,57.6,25.08076,0,1,0,1,101
7920,2026-06-11T23:57:20.405Z,0,64.8,18.46667,34.7,57.6,25.08076,0,1,0,1,101
7921,2026-06-11T23:59:20.400Z,0,64.8,18.46667,34.7,57.6,25.08076,0,1,0,1,101
7922,2026-06-12T00:01:20.395Z,0,64.8,18.46667,34.7,57.6,25.08076,0,1,0,1,101
7923,2026-06-12T00:03:20.390Z,0,64.8,18.46667,34.7,57.6,25.08076,0,1,0,1,101
7924,2026-06-12T00:05:20.385Z,0,64.8,18.46667,34.7,57.6,25.08076,0,1,0,1,101
7925,2026-06-12T00:07:20.380Z,0,64.8,18.46667,34.7,57.6,25.08076,0,1,0,1,101
7926,2026-06-12T00:09:20.375Z,0,64.8,18.46667,34.7,57.6,25.08076,0,1,0,1,101
7927,2026-06-12T00:11:20.370Z,0,64.8,18.46667,34.7,57.6,25.08076,0,1,0,1,101
7928,2026-06-12T00:13:20.365Z,0,64.8,18.46667,34.7,57.6,25.08076,0,1,0,1,101
7929,2026-06-12T00:15:20.360Z,0,64.8,18.46667,34.7,57.6,25.08076,0,1,0,1,101
7930,2026-06-12T00:17:20.355Z,0,64.8,18.46667,34.7,57.6,25.08076,0,1,0,1,101
7931,2026-06-12T00:19:20.350Z,0,64.8,18.46667,34.7,57.6,25.08076,0,1,0,1,101
7932,2026-06-12T00:21:20.345Z,0,64.8,18.46667,34.7,57.6,25.08076,0,1,0,1,101
7933,2026-06-12T00:23:20.340Z,0,64.8,18.46667,34.7,57.6,25.08076,0,1,0,1,101
7934,2026-06-12T00:25:20.335Z,0,64.8,18.46667,34.7,57.6,25.08076,0,1,0,1,101
7935,2026-06-12T00:27:20.330Z,0,64.8,18.46667,34.7,57.6,25.08076,0,1,0,1,101
7936,2026-06-12T00:29:20.325Z,0,65.2,18.46667,34.6,58.9,25.3634,0,1,0,1,101
7937,2026-06-12T00:31:20.320Z,0,65.2,18.46667,34.6,58.9,25.3634,0,1,0,1,101
7938,2026-06-12T00:33:20.315Z,0,65.2,18.46667,34.6,58.9,25.3634,0,1,0,1,101
7939,2026-06-12T00:35:20.310Z,0,65.2,18.46667,34.6,58.9,25.3634,0,1,0,1,101
7940,2026-06-12T00:37:20.305Z,0,65.2,18.46667,34.6,58.9,25.3634,0,1,0,1,101
7941,2026-06-12T00:39:20.300Z,0,65.2,18.46667,34.6,58.9,25.3634,0,1,0,1,101
7942,2026-06-12T00:41:20.295Z,0,65.2,18.46667,34.6,58.9,25.3634,0,1,0,1,101
7943,2026-06-12T00:43:20.290Z,0,65.2,18.46667,34.6,58.9,25.3634,0,1,0,1,101
7944,2026-06-12T00:45:20.285Z,0,65.2,18.46667,34.6,58.9,25.3634,0,1,0,1,101
7945,2026-06-12T00:47:20.280Z,0,65.2,18.46667,34.6,58.9,25.3634,0,1,0,1,101
7946,2026-06-12T00:49:20.275Z,0,65.2,18.46667,34.6,58.9,25.3634,0,1,0,1,101
7947,2026-06-12T00:51:20.270Z,0,65.2,18.46667,34.6,58.9,25.3634,0,1,0,1,101
7948,2026-06-12T00:53:20.265Z,0,65.2,18.46667,34.6,58.9,25.3634,0,1,0,1,101
7949,2026-06-12T00:55:20.260Z,0,65.2,18.46667,34.6,58.9,25.3634,0,1,0,1,101
7950,2026-06-12T00:57:20.255Z,0,65.2,18.46667,34.6,58.9,25.3634,0,1,0,1,101
7951,2026-06-12T00:59:20.250Z,0,65.2,18.46667,34.6,58.9,25.3634,0,1,0,1,101
7952,2026-06-12T01:01:20.245Z,0,65.2,18.46667,34.6,58.9,25.3634,0,1,0,1,101
7953,2026-06-12T01:03:20.240Z,0,65.2,18.46667,34.6,58.9,25.3634,0,1,0,1,101
7954,2026-06-12T01:05:20.235Z,0,65.2,18.46667,34.6,58.9,25.3634,0,1,0,1,101
7955,2026-06-12T01:07:20.230Z,0,65.2,18.46667,34.6,58.9,25.3634,0,1,0,1,101
7956,2026-06-12T01:09:20.225Z,0,65.2,18.46667,34.6,58.9,25.3634,0,1,0,1,101
7957,2026-06-12T01:11:20.220Z,0,65.2,18.46667,34.6,58.9,25.3634,0,1,0,1,101
7958,2026-06-12T01:13:20.215Z,0,65.2,18.46667,34.6,58.9,25.3634,0,1,0,1,101
7959,2026-06-12T01:15:20.210Z,0,65.2,18.46667,34.6,58.9,25.3634,0,1,0,1,101
7960,2026-06-12T01:17:20.205Z,0,65.2,18.46667,34.6,58.9,25.3634,0,1,0,1,101
7961,2026-06-12T01:19:20.200Z,0,65.2,18.46667,34.6,58.9,25.3634,0,1,0,1,101
7962,2026-06-12T01:21:20.195Z,0,65.2,18.46667,34.6,58.9,25.3634,0,1,0,1,101
7963,2026-06-12T01:23:20.190Z,0,65.2,18.46667,34.6,58.9,25.3634,0,1,0,1,101
7964,2026-06-12T01:25:20.185Z,0,65,19.13333,34.6,60.5,25.816,0,1,0,1,101
7965,2026-06-12T01:27:20.180Z,0,65,19.13333,34.6,60.5,25.816,0,1,0,1,101
7966,2026-06-12T01:29:20.175Z,0,65,19.13333,34.6,60.5,25.816,0,1,0,1,101
7967,2026-06-12T01:31:20.170Z,0,65,19.13333,34.6,60.5,25.816,0,1,0,1,101
7968,2026-06-12T01:33:20.165Z,0,65,19.13333,34.6,60.5,25.816,0,1,0,1,101
7969,2026-06-12T01:35:20.160Z,0,65,19.13333,34.6,60.5,25.816,0,1,0,1,101
7970,2026-06-12T01:37:20.155Z,0,65,19.13333,34.6,60.5,25.816,0,1,0,1,101
7971,2026-06-12T01:39:20.150Z,0,65,19.13333,34.6,60.5,25.816,0,1,0,1,101
7972,2026-06-12T01:41:20.145Z,0,65,19.13333,34.6,60.5,25.816,0,1,0,1,101
7973,2026-06-12T01:43:20.140Z,0,65,19.13333,34.6,60.5,25.816,0,1,0,1,101
7974,2026-06-12T01:45:20.135Z,0,65,19.13333,34.6,60.5,25.816,0,1,0,1,101
7975,2026-06-12T01:47:20.130Z,0,65,19.13333,34.6,60.5,25.816,0,1,0,1,101
7976,2026-06-12T01:49:20.125Z,0,65,19.13333,34.6,60.5,25.816,0,1,0,1,101
7977,2026-06-12T01:51:20.120Z,0,65,19.13333,34.6,60.5,25.816,0,1,0,1,101
7978,2026-06-12T01:53:20.115Z,0,65,19.13333,34.6,60.5,25.816,0,1,0,1,101
7979,2026-06-12T01:55:20.110Z,0,65,19.13333,34.6,60.5,25.816,0,1,0,1,101
7980,2026-06-12T01:57:20.105Z,0,65,19.13333,34.6,60.5,25.816,0,1,0,1,101
7981,2026-06-12T01:59:20.100Z,0,65,19.13333,34.6,60.5,25.816,0,1,0,1,101
7982,2026-06-12T02:01:20.095Z,0,65,19.13333,34.6,60.5,25.816,0,1,0,1,101
7983,2026-06-12T02:03:20.090Z,0,65,19.13333,34.6,60.5,25.816,0,1,0,1,101
7984,2026-06-12T02:05:20.085Z,0,65,19.13333,34.6,60.5,25.816,0,1,0,1,101
7985,2026-06-12T02:07:20.080Z,0,65,19.13333,34.6,60.5,25.816,0,1,0,1,101
7986,2026-06-12T02:09:20.075Z,0,65,19.13333,34.6,60.5,25.816,0,1,0,1,101
7987,2026-06-12T02:11:20.070Z,0,65,19.13333,34.6,60.5,25.816,0,1,0,1,101
7988,2026-06-12T02:13:20.065Z,0,65,19.13333,34.6,60.5,25.816,0,1,0,1,101
7989,2026-06-12T02:15:20.060Z,0,65,19.13333,34.6,60.5,25.816,0,1,0,1,101
7990,2026-06-12T02:17:20.055Z,0,65,19.13333,34.6,60.5,25.816,0,1,0,1,101
7991,2026-06-12T02:19:20.050Z,0,65,19.13333,34.6,60.5,25.816,0,1,0,1,101
7992,2026-06-12T02:21:20.045Z,0,65,19.13333,34.6,60.5,25.816,0,1,0,1,101
7993,2026-06-12T02:23:20.040Z,0,65,17.66667,34.6,59.9,25.64751,0,1,0,1,101
7994,2026-06-12T02:25:20.035Z,0,65,17.66667,34.6,59.9,25.64751,0,1,0,1,101
7995,2026-06-12T02:27:20.030Z,0,65,17.66667,34.6,59.9,25.64751,0,1,0,1,101
7996,2026-06-12T02:29:20.025Z,0,65,17.66667,34.6,59.9,25.64751,0,1,0,1,101
7997,2026-06-12T02:31:20.020Z,0,65,17.66667,34.6,59.9,25.64751,0,1,0,1,101
7998,2026-06-12T02:33:20.015Z,0,65,17.66667,34.6,59.9,25.64751,0,1,0,1,101
7999,2026-06-12T02:35:20.010Z,0,65,17.66667,34.6,59.9,25.64751,0,1,0,1,101
8000,2026-06-12T02:37:20.005Z,0,65,17.66667,34.6,59.9,25.64751,0,1,0,1,101
8001,2026-06-12T02:39:20.000Z,0,65,17.66667,34.6,59.9,25.64751,0,1,0,1,101
8002,2026-06-12T02:41:19.995Z,0,65,17.66667,34.6,59.9,25.64751,0,1,0,1,101
8003,2026-06-12T02:43:19.990Z,0,65,17.66667,34.6,59.9,25.64751,0,1,0,1,101
8004,2026-06-12T02:45:19.985Z,0,65,17.66667,34.6,59.9,25.64751,0,1,0,1,101
8005,2026-06-12T02:47:19.980Z,0,65,17.66667,34.6,59.9,25.64751,0,1,0,1,101
8006,2026-06-12T02:49:19.975Z,0,65,17.66667,34.6,59.9,25.64751,0,1,0,1,101
8007,2026-06-12T02:51:19.970Z,0,65,17.66667,34.6,59.9,25.64751,0,1,0,1,101
8008,2026-06-12T02:53:19.965Z,0,65,17.66667,34.6,59.9,25.64751,0,1,0,1,101
8009,2026-06-12T02:55:19.960Z,0,65,17.66667,34.6,59.9,25.64751,0,1,0,1,101
8010,2026-06-12T02:57:19.955Z,0,65,17.66667,34.6,59.9,25.64751,0,1,0,1,101
8011,2026-06-12T02:59:19.950Z,0,65,17.66667,34.6,59.9,25.64751,0,1,0,1,101
8012,2026-06-12T03:01:19.945Z,0,65,17.66667,34.6,59.9,25.64751,0,1,0,1,101
8013,2026-06-12T03:03:19.940Z,0,65,17.66667,34.6,59.9,25.64751,0,1,0,1,101
8014,2026-06-12T03:05:19.935Z,0,65,17.66667,34.6,59.9,25.64751,0,1,0,1,101
8015,2026-06-12T03:07:19.930Z,0,65,17.66667,34.6,59.9,25.64751,0,1,0,1,101
8016,2026-06-12T03:09:19.925Z,0,65,17.66667,34.6,59.9,25.64751,0,1,0,1,101
8017,2026-06-12T03:11:19.920Z,0,65,17.66667,34.6,59.9,25.64751,0,1,0,1,101
8018,2026-06-12T03:13:19.915Z,0,65,17.66667,34.6,59.9,25.64751,0,1,0,1,101
8019,2026-06-12T03:15:19.910Z,0,65,17.66667,34.6,59.9,25.64751,0,1,0,1,101
8020,2026-06-12T03:17:19.905Z,0,65,17.66667,34.6,59.9,25.64751,0,1,0,1,101
8021,2026-06-12T03:19:19.900Z,0,65,17.66667,34.6,59.9,25.64751,0,1,0,1,101
8022,2026-06-12T03:21:19.895Z,0,64.86667,17.8,34.5,60.6,25.75026,0,1,0,1,101
8023,2026-06-12T03:23:19.890Z,0,64.86667,17.8,34.5,60.6,25.75026,0,1,0,1,101
8024,2026-06-12T03:25:19.885Z,0,64.86667,17.8,34.5,60.6,25.75026,0,1,0,1,101
8025,2026-06-12T03:27:19.880Z,0,64.86667,17.8,34.5,60.6,25.75026,0,1,0,1,101
8026,2026-06-12T03:29:19.875Z,0,64.86667,17.8,34.5,60.6,25.75026,0,1,0,1,101
8027,2026-06-12T03:31:19.870Z,0,64.86667,17.8,34.5,60.6,25.75026,0,1,0,1,101
8028,2026-06-12T03:33:19.865Z,0,64.86667,17.8,34.5,60.6,25.75026,0,1,0,1,101
8029,2026-06-12T03:35:19.860Z,0,64.86667,17.8,34.5,60.6,25.75026,0,1,0,1,101
8030,2026-06-12T03:37:19.855Z,0,64.86667,17.8,34.5,60.6,25.75026,0,1,0,1,101
8031,2026-06-12T03:39:19.850Z,0,64.86667,17.8,34.5,60.6,25.75026,0,1,0,1,101
8032,2026-06-12T03:41:19.845Z,0,64.86667,17.8,34.5,60.6,25.75026,0,1,0,1,101
8033,2026-06-12T03:43:19.840Z,0,64.86667,17.8,34.5,60.6,25.75026,0,1,0,1,101
8034,2026-06-12T03:45:19.835Z,0,64.86667,17.8,34.5,60.6,25.75026,0,1,0,1,101
8035,2026-06-12T03:47:19.830Z,0,64.86667,17.8,34.5,60.6,25.75026,0,1,0,1,101
8036,2026-06-12T03:49:19.825Z,0,64.86667,17.8,34.5,60.6,25.75026,0,1,0,1,101
8037,2026-06-12T03:51:19.820Z,0,64.86667,17.8,34.5,60.6,25.75026,0,1,0,1,101
8038,2026-06-12T03:53:19.815Z,0,64.86667,17.8,34.5,60.6,25.75026,0,1,0,1,101
8039,2026-06-12T03:55:19.810Z,0,64.86667,17.8,34.5,60.6,25.75026,0,1,0,1,101
8040,2026-06-12T03:57:19.805Z,0,64.86667,17.8,34.5,60.6,25.75026,0,1,0,1,101
8041,2026-06-12T03:59:19.800Z,0,64.86667,17.8,34.5,60.6,25.75026,0,1,0,1,101
8042,2026-06-12T04:01:19.795Z,0,64.86667,17.8,34.5,60.6,25.75026,0,1,0,1,101
8043,2026-06-12T04:03:19.790Z,0,64.86667,17.8,34.5,60.6,25.75026,0,1,0,1,101
8044,2026-06-12T04:05:19.785Z,0,64.86667,17.8,34.5,60.6,25.75026,0,1,0,1,101
8045,2026-06-12T04:07:19.780Z,0,64.86667,17.8,34.5,60.6,25.75026,0,1,0,1,101
8046,2026-06-12T04:09:19.775Z,0,64.86667,17.8,34.5,60.6,25.75026,0,1,0,1,101
8047,2026-06-12T04:11:19.770Z,0,64.86667,17.8,34.5,60.6,25.75026,0,1,0,1,101
8048,2026-06-12T04:13:19.765Z,0,64.86667,17.8,34.5,60.6,25.75026,0,1,0,1,101
8049,2026-06-12T04:15:19.760Z,0,64.86667,17.8,34.5,60.6,25.75026,0,1,0,1,101
8050,2026-06-12T04:17:19.755Z,0,66.26667,16.73333,34.5,61.3,25.94458,0,1,0,1,101
8051,2026-06-12T04:19:19.750Z,0,66.26667,16.73333,34.5,61.3,25.94458,0,1,0,1,101
8052,2026-06-12T04:21:19.745Z,0,66.26667,16.73333,34.5,61.3,25.94458,0,1,0,1,101
8053,2026-06-12T04:23:19.740Z,0,66.26667,16.73333,34.5,61.3,25.94458,0,1,0,1,101
8054,2026-06-12T04:25:19.735Z,0,66.26667,16.73333,34.5,61.3,25.94458,0,1,0,1,101
8055,2026-06-12T04:27:19.730Z,0,66.26667,16.73333,34.5,61.3,25.94458,0,1,0,1,101
8056,2026-06-12T04:29:19.725Z,0,66.26667,16.73333,34.5,61.3,25.94458,0,1,0,1,101
8057,2026-06-12T04:31:19.720Z,0,66.26667,16.73333,34.5,61.3,25.94458,0,1,0,1,101
8058,2026-06-12T04:33:19.715Z,0,66.26667,16.73333,34.5,61.3,25.94458,0,1,0,1,101
8059,2026-06-12T04:35:19.710Z,0,66.26667,16.73333,34.5,61.3,25.94458,0,1,0,1,101
8060,2026-06-12T04:37:19.705Z,0,66.26667,16.73333,34.5,61.3,25.94458,0,1,0,1,101
8061,2026-06-12T04:39:19.700Z,0,66.26667,16.73333,34.5,61.3,25.94458,0,1,0,1,101
8062,2026-06-12T04:41:19.695Z,0,66.26667,16.73333,34.5,61.3,25.94458,0,1,0,1,101
8063,2026-06-12T04:43:19.690Z,0,66.26667,16.73333,34.5,61.3,25.94458,0,1,0,1,101
8064,2026-06-12T04:45:19.685Z,0,66.26667,16.73333,34.5,61.3,25.94458,0,1,0,1,101
8065,2026-06-12T04:47:19.680Z,0,66.26667,16.73333,34.5,61.3,25.94458,0,1,0,1,101
8066,2026-06-12T04:49:19.675Z,0,66.26667,16.73333,34.5,61.3,25.94458,0,1,0,1,101
8067,2026-06-12T04:51:19.670Z,0,66.26667,16.73333,34.5,61.3,25.94458,0,1,0,1,101
8068,2026-06-12T04:53:19.665Z,0,66.26667,16.73333,34.5,61.3,25.94458,0,1,0,1,101
8069,2026-06-12T04:55:19.660Z,0,66.26667,16.73333,34.5,61.3,25.94458,0,1,0,1,101
8070,2026-06-12T04:57:19.655Z,0,66.26667,16.73333,34.5,61.3,25.94458,0,1,0,1,101
8071,2026-06-12T04:59:19.650Z,0,66.26667,16.73333,34.5,61.3,25.94458,0,1,0,1,101
8072,2026-06-12T05:01:19.645Z,0,66.26667,16.73333,34.5,61.3,25.94458,0,1,0,1,101
8073,2026-06-12T05:03:19.640Z,0,66.26667,16.73333,34.5,61.3,25.94458,0,1,0,1,101
8074,2026-06-12T05:05:19.635Z,0,66.26667,16.73333,34.5,61.3,25.94458,0,1,0,1,101
8075,2026-06-12T05:07:19.630Z,0,66.26667,16.73333,34.5,61.3,25.94458,0,1,0,1,101
8076,2026-06-12T05:09:19.625Z,0,66.26667,16.73333,34.5,61.3,25.94458,0,1,0,1,101
8077,2026-06-12T05:11:19.620Z,0,66.26667,16.73333,34.5,61.3,25.94458,0,1,0,1,101
8078,2026-06-12T05:13:19.615Z,0,66.26667,16.73333,34.5,61.3,25.94458,0,1,0,1,101
8079,2026-06-12T05:15:19.610Z,0,65.4,17.2,34.5,60.3,25.66638,0,1,0,1,101
8080,2026-06-12T05:17:19.605Z,0,65.4,17.2,34.5,60.3,25.66638,0,1,0,1,101
8081,2026-06-12T05:19:19.600Z,0,65.4,17.2,34.5,60.3,25.66638,0,1,0,1,101
8082,2026-06-12T05:21:19.595Z,0,65.4,17.2,34.5,60.3,25.66638,0,1,0,1,101
8083,2026-06-12T05:23:19.590Z,0,65.4,17.2,34.5,60.3,25.66638,0,1,0,1,101
8084,2026-06-12T05:25:19.585Z,0,65.4,17.2,34.5,60.3,25.66638,0,1,0,1,101
8085,2026-06-12T05:27:19.580Z,0,65.4,17.2,34.5,60.3,25.66638,0,1,0,1,101
8086,2026-06-12T05:29:19.575Z,0,65.4,17.2,34.5,60.3,25.66638,0,1,0,1,101
8087,2026-06-12T05:31:19.570Z,0,65.4,17.2,34.5,60.3,25.66638,0,1,0,1,101
8088,2026-06-12T05:33:19.565Z,0,65.4,17.2,34.5,60.3,25.66638,0,1,0,1,101
8089,2026-06-12T05:35:19.560Z,0,65.4,17.2,34.5,60.3,25.66638,0,1,0,1,101
8090,2026-06-12T05:37:19.555Z,0,65.4,17.2,34.5,60.3,25.66638,0,1,0,1,101
8091,2026-06-12T05:39:19.550Z,0,65.4,17.2,34.5,60.3,25.66638,0,1,0,1,101
8092,2026-06-12T05:41:19.545Z,0,65.4,17.2,34.5,60.3,25.66638,0,1,0,1,101
8093,2026-06-12T05:43:19.540Z,0,65.4,17.2,34.5,60.3,25.66638,0,1,0,1,101
8094,2026-06-12T05:45:19.535Z,0,65.4,17.2,34.5,60.3,25.66638,0,1,0,1,101
8095,2026-06-12T05:47:19.530Z,0,65.4,17.2,34.5,60.3,25.66638,0,1,0,1,101
8096,2026-06-12T05:49:19.525Z,0,65.4,17.2,34.5,60.3,25.66638,0,1,0,1,101
8097,2026-06-12T05:51:19.520Z,0,65.4,17.2,34.5,60.3,25.66638,0,1,0,1,101
8098,2026-06-12T05:53:19.515Z,0,65.4,17.2,34.5,60.3,25.66638,0,1,0,1,101
8099,2026-06-12T05:55:19.510Z,0,65.4,17.2,34.5,60.3,25.66638,0,1,0,1,101
8100,2026-06-12T05:57:19.505Z,0,65.4,17.2,34.5,60.3,25.66638,0,1,0,1,101
8101,2026-06-12T05:59:19.500Z,0,65.4,17.2,34.5,60.3,25.66638,0,1,0,1,101
8102,2026-06-12T06:01:19.495Z,0,65.4,17.2,34.5,60.3,25.66638,0,1,0,1,101
8103,2026-06-12T06:03:19.490Z,0,65.4,17.2,34.5,60.3,25.66638,0,1,0,1,101
8104,2026-06-12T06:05:19.485Z,0,65.4,17.2,34.5,60.3,25.66638,0,1,0,1,101
8105,2026-06-12T06:07:19.480Z,0,65.4,17.2,34.5,60.3,25.66638,0,1,0,1,101
8106,2026-06-12T06:09:19.475Z,0,65.4,17.2,34.5,60.3,25.66638,0,1,0,1,101
8107,2026-06-12T06:11:19.470Z,0,65.4,17.2,34.5,60.3,25.66638,0,1,0,1,101
8108,2026-06-12T06:13:19.465Z,0,64.86667,15.73333,34.4,60.7,25.68445,0,1,0,1,101
8109,2026-06-12T06:15:19.460Z,0,64.86667,15.73333,34.4,60.7,25.68445,0,1,0,1,101
8110,2026-06-12T06:17:19.455Z,0,64.86667,15.73333,34.4,60.7,25.68445,0,1,0,1,101
8111,2026-06-12T06:19:19.450Z,0,64.86667,15.73333,34.4,60.7,25.68445,0,1,0,1,101
8112,2026-06-12T06:21:19.445Z,0,64.86667,15.73333,34.4,60.7,25.68445,0,1,0,1,101
8113,2026-06-12T06:23:19.440Z,0,64.86667,15.73333,34.4,60.7,25.68445,0,1,0,1,101
8114,2026-06-12T06:25:19.435Z,0,64.86667,15.73333,34.4,60.7,25.68445,0,1,0,1,101
8115,2026-06-12T06:27:19.430Z,0,64.86667,15.73333,34.4,60.7,25.68445,0,1,0,1,101
8116,2026-06-12T06:29:19.425Z,0,64.86667,15.73333,34.4,60.7,25.68445,0,1,0,1,101
8117,2026-06-12T06:31:19.420Z,0,64.86667,15.73333,34.4,60.7,25.68445,0,1,0,1,101
8118,2026-06-12T06:33:19.415Z,0,64.86667,15.73333,34.4,60.7,25.68445,0,1,0,1,101
8119,2026-06-12T06:35:19.410Z,0,64.86667,15.73333,34.4,60.7,25.68445,0,1,0,1,101
8120,2026-06-12T06:37:19.405Z,0,64.86667,15.73333,34.4,60.7,25.68445,0,1,0,1,101
8121,2026-06-12T06:39:19.400Z,0,64.86667,15.73333,34.4,60.7,25.68445,0,1,0,1,101
8122,2026-06-12T06:41:19.395Z,0,64.86667,15.73333,34.4,60.7,25.68445,0,1,0,1,101
8123,2026-06-12T06:43:19.390Z,0,64.86667,15.73333,34.4,60.7,25.68445,0,1,0,1,101
8124,2026-06-12T06:45:19.385Z,0,64.86667,15.73333,34.4,60.7,25.68445,0,1,0,1,101
8125,2026-06-12T06:47:19.380Z,0,64.86667,15.73333,34.4,60.7,25.68445,0,1,0,1,101
8126,2026-06-12T06:49:19.375Z,0,64.86667,15.73333,34.4,60.7,25.68445,0,1,0,1,101
8127,2026-06-12T06:51:19.370Z,0,64.86667,15.73333,34.4,60.7,25.68445,0,1,0,1,101
8128,2026-06-12T06:53:19.365Z,0,64.86667,15.73333,34.4,60.7,25.68445,0,1,0,1,101
8129,2026-06-12T06:55:19.360Z,0,64.86667,15.73333,34.4,60.7,25.68445,0,1,0,1,101
8130,2026-06-12T06:57:19.355Z,0,64.86667,15.73333,34.4,60.7,25.68445,0,1,0,1,101
8131,2026-06-12T06:59:19.350Z,0,64.86667,15.73333,34.4,60.7,25.68445,0,1,0,1,101
8132,2026-06-12T07:01:19.345Z,0,64.86667,15.73333,34.4,60.7,25.68445,0,1,0,1,101
8133,2026-06-12T07:03:19.340Z,0,64.86667,15.73333,34.4,60.7,25.68445,0,1,0,1,101
8134,2026-06-12T07:05:19.335Z,0,64.86667,15.73333,34.4,60.7,25.68445,0,1,0,1,101
8135,2026-06-12T07:07:19.330Z,0,64.86667,15.73333,34.4,60.7,25.68445,0,1,0,1,101
8136,2026-06-12T07:09:19.325Z,0,67.13333,15.46667,34.4,61.3,25.85077,0,1,0,1,101
8137,2026-06-12T07:11:19.320Z,0,67.13333,15.46667,34.4,61.3,25.85077,0,1,0,1,101
8138,2026-06-12T07:13:19.315Z,0,67.13333,15.46667,34.4,61.3,25.85077,0,1,0,1,101
8139,2026-06-12T07:15:19.310Z,0,67.13333,15.46667,34.4,61.3,25.85077,0,1,0,1,101
8140,2026-06-12T07:17:19.305Z,0,67.13333,15.46667,34.4,61.3,25.85077,0,1,0,1,101
8141,2026-06-12T07:19:19.300Z,0,67.13333,15.46667,34.4,61.3,25.85077,0,1,0,1,101
8142,2026-06-12T07:21:19.295Z,0,67.13333,15.46667,34.4,61.3,25.85077,0,1,0,1,101
8143,2026-06-12T07:23:19.290Z,0,67.13333,15.46667,34.4,61.3,25.85077,0,1,0,1,101
8144,2026-06-12T07:25:19.285Z,0,67.13333,15.46667,34.4,61.3,25.85077,0,1,0,1,101
8145,2026-06-12T07:27:19.280Z,0,67.13333,15.46667,34.4,61.3,25.85077,0,1,0,1,101
8146,2026-06-12T07:29:19.275Z,0,67.13333,15.46667,34.4,61.3,25.85077,0,1,0,1,101
8147,2026-06-12T07:31:19.270Z,0,67.13333,15.46667,34.4,61.3,25.85077,0,1,0,1,101
8148,2026-06-12T07:33:19.265Z,0,67.13333,15.46667,34.4,61.3,25.85077,0,1,0,1,101
8149,2026-06-12T07:35:19.260Z,0,67.13333,15.46667,34.4,61.3,25.85077,0,1,0,1,101
8150,2026-06-12T07:37:19.255Z,0,67.13333,15.46667,34.4,61.3,25.85077,0,1,0,1,101
8151,2026-06-12T07:39:19.250Z,0,67.13333,15.46667,34.4,61.3,25.85077,0,1,0,1,101
8152,2026-06-12T07:41:19.245Z,0,67.13333,15.46667,34.4,61.3,25.85077,0,1,0,1,101
8153,2026-06-12T07:43:19.240Z,0,67.13333,15.46667,34.4,61.3,25.85077,0,1,0,1,101
8154,2026-06-12T07:45:19.235Z,0,67.13333,15.46667,34.4,61.3,25.85077,0,1,0,1,101
8155,2026-06-12T07:47:19.230Z,0,67.13333,15.46667,34.4,61.3,25.85077,0,1,0,1,101
8156,2026-06-12T07:49:19.225Z,0,67.13333,15.46667,34.4,61.3,25.85077,0,1,0,1,101
8157,2026-06-12T07:51:19.220Z,0,67.13333,15.46667,34.4,61.3,25.85077,0,1,0,1,101
8158,2026-06-12T07:53:19.215Z,0,67.13333,15.46667,34.4,61.3,25.85077,0,1,0,1,101
8159,2026-06-12T07:55:19.210Z,0,67.13333,15.46667,34.4,61.3,25.85077,0,1,0,1,101
8160,2026-06-12T07:57:19.205Z,0,67.13333,15.46667,34.4,61.3,25.85077,0,1,0,1,101
8161,2026-06-12T07:59:19.200Z,0,67.13333,15.46667,34.4,61.3,25.85077,0,1,0,1,101
8162,2026-06-12T08:01:19.195Z,0,67.13333,15.46667,34.4,61.3,25.85077,0,1,0,1,101
8163,2026-06-12T08:03:19.190Z,0,67.13333,15.46667,34.4,61.3,25.85077,0,1,0,1,101
8164,2026-06-12T08:05:19.185Z,0,67.13333,15.46667,34.4,61.3,25.85077,0,1,0,1,101
8165,2026-06-12T08:07:19.180Z,0,65.26667,15.86667,34.4,61.9,26.01569,0,1,0,1,101
8166,2026-06-12T08:09:19.175Z,0,65.26667,15.86667,34.4,61.9,26.01569,0,1,0,1,101
8167,2026-06-12T08:11:19.170Z,0,65.26667,15.86667,34.4,61.9,26.01569,0,1,0,1,101
8168,2026-06-12T08:13:19.165Z,0,65.26667,15.86667,34.4,61.9,26.01569,0,1,0,1,101
8169,2026-06-12T08:15:19.160Z,0,65.26667,15.86667,34.4,61.9,26.01569,0,1,0,1,101
8170,2026-06-12T08:17:19.155Z,0,65.26667,15.86667,34.4,61.9,26.01569,0,1,0,1,101
8171,2026-06-12T08:19:19.150Z,0,65.26667,15.86667,34.4,61.9,26.01569,0,1,0,1,101
8172,2026-06-12T08:21:19.145Z,0,65.26667,15.86667,34.4,61.9,26.01569,0,1,0,1,101
8173,2026-06-12T08:23:19.140Z,0,65.26667,15.86667,34.4,61.9,26.01569,0,1,0,1,101
8174,2026-06-12T08:25:19.135Z,0,65.26667,15.86667,34.4,61.9,26.01569,0,1,0,1,101
8175,2026-06-12T08:27:19.130Z,0,65.26667,15.86667,34.4,61.9,26.01569,0,1,0,1,101
8176,2026-06-12T08:29:19.125Z,0,65.26667,15.86667,34.4,61.9,26.01569,0,1,0,1,101
8177,2026-06-12T08:31:19.120Z,0,65.26667,15.86667,34.4,61.9,26.01569,0,1,0,1,101
8178,2026-06-12T08:33:19.115Z,0,65.26667,15.86667,34.4,61.9,26.01569,0,1,0,1,101
8179,2026-06-12T08:35:19.110Z,0,65.26667,15.86667,34.4,61.9,26.01569,0,1,0,1,101
8180,2026-06-12T08:37:19.105Z,0,65.26667,15.86667,34.4,61.9,26.01569,0,1,0,1,101
8181,2026-06-12T08:39:19.100Z,0,65.26667,15.86667,34.4,61.9,26.01569,0,1,0,1,101
8182,2026-06-12T08:41:19.095Z,0,65.26667,15.86667,34.4,61.9,26.01569,0,1,0,1,101
8183,2026-06-12T08:43:19.090Z,0,65.26667,15.86667,34.4,61.9,26.01569,0,1,0,1,101
8184,2026-06-12T08:45:19.085Z,0,65.26667,15.86667,34.4,61.9,26.01569,0,1,0,1,101
8185,2026-06-12T08:47:19.080Z,0,65.26667,15.86667,34.4,61.9,26.01569,0,1,0,1,101
8186,2026-06-12T08:49:19.075Z,0,65.26667,15.86667,34.4,61.9,26.01569,0,1,0,1,101
8187,2026-06-12T08:51:19.070Z,0,65.26667,15.86667,34.4,61.9,26.01569,0,1,0,1,101
8188,2026-06-12T08:53:19.065Z,0,65.26667,15.86667,34.4,61.9,26.01569,0,1,0,1,101
8189,2026-06-12T08:55:19.060Z,0,65.26667,15.86667,34.4,61.9,26.01569,0,1,0,1,101
8190,2026-06-12T08:57:19.055Z,0,65.26667,15.86667,34.4,61.9,26.01569,0,1,0,1,101
8191,2026-06-12T08:59:19.050Z,0,65.26667,15.86667,34.4,61.9,26.01569,0,1,0,1,101
8192,2026-06-12T09:01:19.045Z,0,65.26667,15.86667,34.4,61.9,26.01569,0,1,0,1,101
8193,2026-06-12T09:03:19.040Z,0,65.26667,15.86667,34.4,61.9,26.01569,0,1,0,1,101
8194,2026-06-12T09:05:19.035Z,0,64.33334,14.66667,34.5,62.7,26.3275,0,1,0,1,101
8195,2026-06-12T09:07:19.030Z,0,64.33334,14.66667,34.5,62.7,26.3275,0,1,0,1,101
8196,2026-06-12T09:09:19.025Z,0,64.33334,14.66667,34.5,62.7,26.3275,0,1,0,1,101
8197,2026-06-12T09:11:19.020Z,0,64.33334,14.66667,34.5,62.7,26.3275,0,1,0,1,101
8198,2026-06-12T09:13:19.015Z,0,64.33334,14.66667,34.5,62.7,26.3275,0,1,0,1,101
8199,2026-06-12T09:15:19.010Z,0,64.33334,14.66667,34.5,62.7,26.3275,0,1,0,1,101
8200,2026-06-12T09:17:19.005Z,0,64.33334,14.66667,34.5,62.7,26.3275,0,1,0,1,101
8201,2026-06-12T09:19:19.000Z,0,64.33334,14.66667,34.5,62.7,26.3275,0,1,0,1,101
8202,2026-06-12T09:21:18.995Z,0,64.33334,14.66667,34.5,62.7,26.3275,0,1,0,1,101
8203,2026-06-12T09:23:18.990Z,0,64.33334,14.66667,34.5,62.7,26.3275,0,1,0,1,101
8204,2026-06-12T09:25:18.985Z,0,64.33334,14.66667,34.5,62.7,26.3275,0,1,0,1,101
8205,2026-06-12T09:27:18.980Z,0,64.33334,14.66667,34.5,62.7,26.3275,0,1,0,1,101
8206,2026-06-12T09:29:18.975Z,0,64.33334,14.66667,34.5,62.7,26.3275,0,1,0,1,101
8207,2026-06-12T09:31:18.970Z,0,64.33334,14.66667,34.5,62.7,26.3275,0,1,0,1,101
8208,2026-06-12T09:33:18.965Z,0,64.33334,14.66667,34.5,62.7,26.3275,0,1,0,1,101
8209,2026-06-12T09:35:18.960Z,0,64.33334,14.66667,34.5,62.7,26.3275,0,1,0,1,101
8210,2026-06-12T09:37:18.955Z,0,64.33334,14.66667,34.5,62.7,26.3275,0,1,0,1,101
8211,2026-06-12T09:39:18.950Z,0,64.33334,14.66667,34.5,62.7,26.3275,0,1,0,1,101
8212,2026-06-12T09:41:18.945Z,0,64.33334,14.66667,34.5,62.7,26.3275,0,1,0,1,101
8213,2026-06-12T09:43:18.940Z,0,64.33334,14.66667,34.5,62.7,26.3275,0,1,0,1,101
8214,2026-06-12T09:45:18.935Z,0,64.33334,14.66667,34.5,62.7,26.3275,0,1,0,1,101
8215,2026-06-12T09:47:18.930Z,0,64.33334,14.66667,34.5,62.7,26.3275,0,1,0,1,101
8216,2026-06-12T09:49:18.925Z,0,64.33334,14.66667,34.5,62.7,26.3275,0,1,0,1,101
8217,2026-06-12T09:51:18.920Z,0,64.33334,14.66667,34.5,62.7,26.3275,0,1,0,1,101
8218,2026-06-12T09:53:18.915Z,0,64.33334,14.66667,34.5,62.7,26.3275,0,1,0,1,101
8219,2026-06-12T09:55:18.910Z,0,64.33334,14.66667,34.5,62.7,26.3275,0,1,0,1,101
8220,2026-06-12T09:57:18.905Z,0,64.33334,14.66667,34.5,62.7,26.3275,0,1,0,1,101
8221,2026-06-12T09:59:18.900Z,0,64.33334,14.66667,34.5,62.7,26.3275,0,1,0,1,101
8222,2026-06-12T10:01:18.895Z,0,64.6,15.8,34.5,62.7,26.3275,0,1,0,1,101
8223,2026-06-12T10:03:18.890Z,0,64.6,15.8,34.5,62.7,26.3275,0,1,0,1,101
8224,2026-06-12T10:05:18.885Z,0,64.6,15.8,34.5,62.7,26.3275,0,1,0,1,101
8225,2026-06-12T10:07:18.880Z,0,64.6,15.8,34.5,62.7,26.3275,0,1,0,1,101
8226,2026-06-12T10:09:18.875Z,0,64.6,15.8,34.5,62.7,26.3275,0,1,0,1,101
8227,2026-06-12T10:11:18.870Z,0,64.6,15.8,34.5,62.7,26.3275,0,1,0,1,101
8228,2026-06-12T10:13:18.865Z,0,64.6,15.8,34.5,62.7,26.3275,0,1,0,1,101
8229,2026-06-12T10:15:18.860Z,0,64.6,15.8,34.5,62.7,26.3275,0,1,0,1,101
8230,2026-06-12T10:17:18.855Z,0,64.6,15.8,34.5,62.7,26.3275,0,1,0,1,101
8231,2026-06-12T10:19:18.850Z,0,64.6,15.8,34.5,62.7,26.3275,0,1,0,1,101
8232,2026-06-12T10:21:18.845Z,0,64.6,15.8,34.5,62.7,26.3275,0,1,0,1,101
8233,2026-06-12T10:23:18.840Z,0,64.6,15.8,34.5,62.7,26.3275,0,1,0,1,101
8234,2026-06-12T10:25:18.835Z,0,64.6,15.8,34.5,62.7,26.3275,0,1,0,1,101
8235,2026-06-12T10:27:18.830Z,0,64.6,15.8,34.5,62.7,26.3275,0,1,0,1,101
8236,2026-06-12T10:29:18.825Z,0,64.6,15.8,34.5,62.7,26.3275,0,1,0,1,101
8237,2026-06-12T10:31:18.820Z,0,64.6,15.8,34.5,62.7,26.3275,0,1,0,1,101
8238,2026-06-12T10:33:18.815Z,0,64.6,15.8,34.5,62.7,26.3275,0,1,0,1,101
8239,2026-06-12T10:35:18.810Z,0,64.6,15.8,34.5,62.7,26.3275,0,1,0,1,101
8240,2026-06-12T10:37:18.805Z,0,64.6,15.8,34.5,62.7,26.3275,0,1,0,1,101
8241,2026-06-12T10:39:18.800Z,0,64.6,15.8,34.5,62.7,26.3275,0,1,0,1,101
8242,2026-06-12T10:41:18.795Z,0,64.6,15.8,34.5,62.7,26.3275,0,1,0,1,101
8243,2026-06-12T10:43:18.790Z,0,64.6,15.8,34.5,62.7,26.3275,0,1,0,1,101
8244,2026-06-12T10:45:18.785Z,0,64.6,15.8,34.5,62.7,26.3275,0,1,0,1,101
8245,2026-06-12T10:47:18.780Z,0,64.6,15.8,34.5,62.7,26.3275,0,1,0,1,101
8246,2026-06-12T10:49:18.775Z,0,64.6,15.8,34.5,62.7,26.3275,0,1,0,1,101
8247,2026-06-12T10:51:18.770Z,0,64.6,15.8,34.5,62.7,26.3275,0,1,0,1,101
8248,2026-06-12T10:53:18.765Z,0,64.6,15.8,34.5,62.7,26.3275,0,1,0,1,101
8249,2026-06-12T10:55:18.760Z,0,64.6,15.8,34.5,62.7,26.3275,0,1,0,1,101
8250,2026-06-12T10:57:18.755Z,0,64.6,15.8,34.5,62.7,26.3275,0,1,0,1,101
8251,2026-06-12T10:59:18.750Z,0,65.46667,15,34.5,62.6,26.3004,0,1,0,1,101
8252,2026-06-12T11:01:18.745Z,0,65.46667,15,34.5,62.6,26.3004,0,1,0,1,101
8253,2026-06-12T11:03:18.740Z,0,65.46667,15,34.5,62.6,26.3004,0,1,0,1,101
8254,2026-06-12T11:05:18.735Z,0,65.46667,15,34.5,62.6,26.3004,0,1,0,1,101
8255,2026-06-12T11:07:18.730Z,0,65.46667,15,34.5,62.6,26.3004,0,1,0,1,101
8256,2026-06-12T11:09:18.725Z,0,65.46667,15,34.5,62.6,26.3004,0,1,0,1,101
8257,2026-06-12T11:11:18.720Z,0,65.46667,15,34.5,62.6,26.3004,0,1,0,1,101
8258,2026-06-12T11:13:18.715Z,0,65.46667,15,34.5,62.6,26.3004,0,1,0,1,101
8259,2026-06-12T11:15:18.710Z,0,65.46667,15,34.5,62.6,26.3004,0,1,0,1,101
8260,2026-06-12T11:17:18.705Z,0,65.46667,15,34.5,62.6,26.3004,0,1,0,1,101
8261,2026-06-12T11:19:18.700Z,0,65.46667,15,34.5,62.6,26.3004,0,1,0,1,101
8262,2026-06-12T11:21:18.695Z,0,65.46667,15,34.5,62.6,26.3004,0,1,0,1,101
8263,2026-06-12T11:23:18.690Z,0,65.46667,15,34.5,62.6,26.3004,0,1,0,1,101
8264,2026-06-12T11:25:18.685Z,0,65.46667,15,34.5,62.6,26.3004,0,1,0,1,101
8265,2026-06-12T11:27:18.680Z,0,65.46667,15,34.5,62.6,26.3004,0,1,0,1,101
8266,2026-06-12T11:29:18.675Z,0,65.46667,15,34.5,62.6,26.3004,0,1,0,1,101
8267,2026-06-12T11:31:18.670Z,0,65.46667,15,34.5,62.6,26.3004,0,1,0,1,101
8268,2026-06-12T11:33:18.665Z,0,65.46667,15,34.5,62.6,26.3004,0,1,0,1,101
8269,2026-06-12T11:35:18.660Z,0,65.46667,15,34.5,62.6,26.3004,0,1,0,1,101
8270,2026-06-12T11:37:18.655Z,0,65.46667,15,34.5,62.6,26.3004,0,1,0,1,101
8271,2026-06-12T11:39:18.650Z,0,65.46667,15,34.5,62.6,26.3004,0,1,0,1,101
8272,2026-06-12T11:41:18.645Z,0,65.46667,15,34.5,62.6,26.3004,0,1,0,1,101
8273,2026-06-12T11:43:18.640Z,0,65.46667,15,34.5,62.6,26.3004,0,1,0,1,101
8274,2026-06-12T11:45:18.635Z,0,65.46667,15,34.5,62.6,26.3004,0,1,0,1,101
8275,2026-06-12T11:47:18.630Z,0,65.46667,15,34.5,62.6,26.3004,0,1,0,1,101
8276,2026-06-12T11:49:18.625Z,0,65.46667,15,34.5,62.6,26.3004,0,1,0,1,101
8277,2026-06-12T11:51:18.620Z,0,65.46667,15,34.5,62.6,26.3004,0,1,0,1,101
8278,2026-06-12T11:53:18.615Z,0,65.46667,15,34.5,62.6,26.3004,0,1,0,1,101
8279,2026-06-12T11:55:18.610Z,0,65.46667,15,34.5,62.6,26.3004,0,1,0,1,101
8280,2026-06-12T11:57:18.605Z,0,64.8,14.13333,34.4,62.2,26.09762,0,1,0,1,101
8281,2026-06-12T11:59:18.600Z,0,64.8,14.13333,34.4,62.2,26.09762,0,1,0,1,101
8282,2026-06-12T12:01:18.595Z,0,64.8,14.13333,34.4,62.2,26.09762,0,1,0,1,101
8283,2026-06-12T12:03:18.590Z,0,64.8,14.13333,34.4,62.2,26.09762,0,1,0,1,101
8284,2026-06-12T12:05:18.585Z,0,64.8,14.13333,34.4,62.2,26.09762,0,1,0,1,101
8285,2026-06-12T12:07:18.580Z,0,64.8,14.13333,34.4,62.2,26.09762,0,1,0,1,101
8286,2026-06-12T12:09:18.575Z,0,64.8,14.13333,34.4,62.2,26.09762,0,1,0,1,101
8287,2026-06-12T12:11:18.570Z,0,64.8,14.13333,34.4,62.2,26.09762,0,1,0,1,101
8288,2026-06-12T12:13:18.565Z,0,64.8,14.13333,34.4,62.2,26.09762,0,1,0,1,101
8289,2026-06-12T12:15:18.560Z,0,64.8,14.13333,34.4,62.2,26.09762,0,1,0,1,101
8290,2026-06-12T12:17:18.555Z,0,64.8,14.13333,34.4,62.2,26.09762,0,1,0,1,101
8291,2026-06-12T12:19:18.550Z,0,64.8,14.13333,34.4,62.2,26.09762,0,1,0,1,101
8292,2026-06-12T12:21:18.545Z,0,64.8,14.13333,34.4,62.2,26.09762,0,1,0,1,101
8293,2026-06-12T12:23:18.540Z,0,64.8,14.13333,34.4,62.2,26.09762,0,1,0,1,101
8294,2026-06-12T12:25:18.535Z,0,64.8,14.13333,34.4,62.2,26.09762,0,1,0,1,101
8295,2026-06-12T12:27:18.530Z,0,64.8,14.13333,34.4,62.2,26.09762,0,1,0,1,101
8296,2026-06-12T12:29:18.525Z,0,64.8,14.13333,34.4,62.2,26.09762,0,1,0,1,101
8297,2026-06-12T12:31:18.520Z,0,64.8,14.13333,34.4,62.2,26.09762,0,1,0,1,101
8298,2026-06-12T12:33:18.515Z,0,64.8,14.13333,34.4,62.2,26.09762,0,1,0,1,101
8299,2026-06-12T12:35:18.510Z,0,64.8,14.13333,34.4,62.2,26.09762,0,1,0,1,101
8300,2026-06-12T12:37:18.505Z,0,64.8,14.13333,34.4,62.2,26.09762,0,1,0,1,101
8301,2026-06-12T12:39:18.500Z,0,64.8,14.13333,34.4,62.2,26.09762,0,1,0,1,101
8302,2026-06-12T12:41:18.495Z,0,64.8,14.13333,34.4,62.2,26.09762,0,1,0,1,101
8303,2026-06-12T12:43:18.490Z,0,64.8,14.13333,34.4,62.2,26.09762,0,1,0,1,101
8304,2026-06-12T12:45:18.485Z,0,64.8,14.13333,34.4,62.2,26.09762,0,1,0,1,101
8305,2026-06-12T12:47:18.480Z,0,64.8,14.13333,34.4,62.2,26.09762,0,1,0,1,101
8306,2026-06-12T12:49:18.475Z,0,64.8,14.13333,34.4,62.2,26.09762,0,1,0,1,101
8307,2026-06-12T12:51:18.470Z,0,64.8,14.13333,34.4,62.2,26.09762,0,1,0,1,101
8308,2026-06-12T12:53:18.465Z,0,65.06667,14.46667,34.4,62,26.04304,0,1,0,1,101
8309,2026-06-12T12:55:18.460Z,0,65.06667,14.46667,34.4,62,26.04304,0,1,0,1,101
8310,2026-06-12T12:57:18.455Z,0,65.06667,14.46667,34.4,62,26.04304,0,1,0,1,101
8311,2026-06-12T12:59:18.450Z,0,65.06667,14.46667,34.4,62,26.04304,0,1,0,1,101
8312,2026-06-12T13:01:18.445Z,0,65.06667,14.46667,34.4,62,26.04304,0,1,0,1,101
8313,2026-06-12T13:03:18.440Z,0,65.06667,14.46667,34.4,62,26.04304,0,1,0,1,101
8314,2026-06-12T13:05:18.435Z,0,65.06667,14.46667,34.4,62,26.04304,0,1,0,1,101
8315,2026-06-12T13:07:18.430Z,0,65.06667,14.46667,34.4,62,26.04304,0,1,0,1,101
8316,2026-06-12T13:09:18.425Z,0,65.06667,14.46667,34.4,62,26.04304,0,1,0,1,101
8317,2026-06-12T13:11:18.420Z,0,65.06667,14.46667,34.4,62,26.04304,0,1,0,1,101
8318,2026-06-12T13:13:18.415Z,0,65.06667,14.46667,34.4,62,26.04304,0,1,0,1,101
8319,2026-06-12T13:15:18.410Z,0,65.06667,14.46667,34.4,62,26.04304,0,1,0,1,101
8320,2026-06-12T13:17:18.405Z,0,65.06667,14.46667,34.4,62,26.04304,0,1,0,1,101
8321,2026-06-12T13:19:18.400Z,0,65.06667,14.46667,34.4,62,26.04304,0,1,0,1,101
8322,2026-06-12T13:21:18.395Z,0,65.06667,14.46667,34.4,62,26.04304,0,1,0,1,101
8323,2026-06-12T13:23:18.390Z,0,65.06667,14.46667,34.4,62,26.04304,0,1,0,1,101
8324,2026-06-12T13:25:18.385Z,0,65.06667,14.46667,34.4,62,26.04304,0,1,0,1,101
8325,2026-06-12T13:27:18.380Z,0,65.06667,14.46667,34.4,62,26.04304,0,1,0,1,101
8326,2026-06-12T13:29:18.375Z,0,65.06667,14.46667,34.4,62,26.04304,0,1,0,1,101
8327,2026-06-12T13:31:18.370Z,0,65.06667,14.46667,34.4,62,26.04304,0,1,0,1,101
8328,2026-06-12T13:33:18.365Z,0,65.06667,14.46667,34.4,62,26.04304,0,1,0,1,101
8329,2026-06-12T13:35:18.360Z,0,65.06667,14.46667,34.4,62,26.04304,0,1,0,1,101
8330,2026-06-12T13:37:18.355Z,0,65.06667,14.46667,34.4,62,26.04304,0,1,0,1,101
8331,2026-06-12T13:39:18.350Z,0,65.06667,14.46667,34.4,62,26.04304,0,1,0,1,101
8332,2026-06-12T13:41:18.345Z,0,65.06667,14.46667,34.4,62,26.04304,0,1,0,1,101
8333,2026-06-12T13:43:18.340Z,0,65.06667,14.46667,34.4,62,26.04304,0,1,0,1,101
8334,2026-06-12T13:45:18.335Z,0,65.06667,14.46667,34.4,62,26.04304,0,1,0,1,101
8335,2026-06-12T13:47:18.330Z,0,65.06667,14.46667,34.4,62,26.04304,0,1,0,1,101
8336,2026-06-12T13:49:18.325Z,0,65.06667,14.46667,34.4,62,26.04304,0,1,0,1,101
8337,2026-06-12T13:51:18.320Z,0,66,13.46667,34.4,62.5,26.17921,0,1,0,1,101
8338,2026-06-12T13:53:18.315Z,0,66,13.46667,34.4,62.5,26.17921,0,1,0,1,101
8339,2026-06-12T13:55:18.310Z,0,66,13.46667,34.4,62.5,26.17921,0,1,0,1,101
8340,2026-06-12T13:57:18.305Z,0,66,13.46667,34.4,62.5,26.17921,0,1,0,1,101
8341,2026-06-12T13:59:18.300Z,0,66,13.46667,34.4,62.5,26.17921,0,1,0,1,101
8342,2026-06-12T14:01:18.295Z,0,66,13.46667,34.4,62.5,26.17921,0,1,0,1,101
8343,2026-06-12T14:03:18.290Z,0,66,13.46667,34.4,62.5,26.17921,0,1,0,1,101
8344,2026-06-12T14:05:18.285Z,0,66,13.46667,34.4,62.5,26.17921,0,1,0,1,101
8345,2026-06-12T14:07:18.280Z,0,66,13.46667,34.4,62.5,26.17921,0,1,0,1,101
8346,2026-06-12T14:09:18.275Z,0,66,13.46667,34.4,62.5,26.17921,0,1,0,1,101
8347,2026-06-12T14:11:18.270Z,0,66,13.46667,34.4,62.5,26.17921,0,1,0,1,101
8348,2026-06-12T14:13:18.265Z,0,66,13.46667,34.4,62.5,26.17921,0,1,0,1,101
8349,2026-06-12T14:15:18.260Z,0,66,13.46667,34.4,62.5,26.17921,0,1,0,1,101
8350,2026-06-12T14:17:18.255Z,0,66,13.46667,34.4,62.5,26.17921,0,1,0,1,101
8351,2026-06-12T14:19:18.250Z,0,66,13.46667,34.4,62.5,26.17921,0,1,0,1,101
8352,2026-06-12T14:21:18.245Z,0,66,13.46667,34.4,62.5,26.17921,0,1,0,1,101
8353,2026-06-12T14:23:18.240Z,0,66,13.46667,34.4,62.5,26.17921,0,1,0,1,101
8354,2026-06-12T14:25:18.235Z,0,66,13.46667,34.4,62.5,26.17921,0,1,0,1,101
8355,2026-06-12T14:27:18.230Z,0,66,13.46667,34.4,62.5,26.17921,0,1,0,1,101
8356,2026-06-12T14:29:18.225Z,0,66,13.46667,34.4,62.5,26.17921,0,1,0,1,101
8357,2026-06-12T14:31:18.220Z,0,66,13.46667,34.4,62.5,26.17921,0,1,0,1,101
8358,2026-06-12T14:33:18.215Z,0,66,13.46667,34.4,62.5,26.17921,0,1,0,1,101
8359,2026-06-12T14:35:18.210Z,0,66,13.46667,34.4,62.5,26.17921,0,1,0,1,101
8360,2026-06-12T14:37:18.205Z,0,66,13.46667,34.4,62.5,26.17921,0,1,0,1,101
8361,2026-06-12T14:39:18.200Z,0,66,13.46667,34.4,62.5,26.17921,0,1,0,1,101
8362,2026-06-12T14:41:18.195Z,0,66,13.46667,34.4,62.5,26.17921,0,1,0,1,101
8363,2026-06-12T14:43:18.190Z,0,66,13.46667,34.4,62.5,26.17921,0,1,0,1,101
8364,2026-06-12T14:45:18.185Z,0,66,13.46667,34.4,62.5,26.17921,0,1,0,1,101
8365,2026-06-12T14:47:18.180Z,0,66,13.46667,34.4,62.5,26.17921,0,1,0,1,101
8366,2026-06-12T14:49:18.175Z,0,65.73333,13,34.3,62.9,26.19334,0,1,0,1,101
8367,2026-06-12T14:51:18.170Z,0,65.73333,13,34.3,62.9,26.19334,0,1,0,1,101
8368,2026-06-12T14:53:18.165Z,0,65.73333,13,34.3,62.9,26.19334,0,1,0,1,101
8369,2026-06-12T14:55:18.160Z,0,65.73333,13,34.3,62.9,26.19334,0,1,0,1,101
8370,2026-06-12T14:57:18.155Z,0,65.73333,13,34.3,62.9,26.19334,0,1,0,1,101
8371,2026-06-12T14:59:18.150Z,0,65.73333,13,34.3,62.9,26.19334,0,1,0,1,101
8372,2026-06-12T15:01:18.145Z,0,65.73333,13,34.3,62.9,26.19334,0,1,0,1,101
8373,2026-06-12T15:03:18.140Z,0,65.73333,13,34.3,62.9,26.19334,0,1,0,1,101
8374,2026-06-12T15:05:18.135Z,0,65.73333,13,34.3,62.9,26.19334,0,1,0,1,101
8375,2026-06-12T15:07:18.130Z,0,65.73333,13,34.3,62.9,26.19334,0,1,0,1,101
8376,2026-06-12T15:09:18.125Z,0,65.73333,13,34.3,62.9,26.19334,0,1,0,1,101
8377,2026-06-12T15:11:18.120Z,0,65.73333,13,34.3,62.9,26.19334,0,1,0,1,101
8378,2026-06-12T15:13:18.115Z,0,65.73333,13,34.3,62.9,26.19334,0,1,0,1,101
8379,2026-06-12T15:15:18.110Z,0,65.73333,13,34.3,62.9,26.19334,0,1,0,1,101
8380,2026-06-12T15:17:18.105Z,0,65.73333,13,34.3,62.9,26.19334,0,1,0,1,101
8381,2026-06-12T15:19:18.100Z,0,65.73333,13,34.3,62.9,26.19334,0,1,0,1,101
8382,2026-06-12T15:21:18.095Z,0,65.73333,13,34.3,62.9,26.19334,0,1,0,1,101
8383,2026-06-12T15:23:18.090Z,0,65.73333,13,34.3,62.9,26.19334,0,1,0,1,101
8384,2026-06-12T15:25:18.085Z,0,65.73333,13,34.3,62.9,26.19334,0,1,0,1,101
8385,2026-06-12T15:27:18.080Z,0,65.73333,13,34.3,62.9,26.19334,0,1,0,1,101
8386,2026-06-12T15:29:18.075Z,0,65.73333,13,34.3,62.9,26.19334,0,1,0,1,101
8387,2026-06-12T15:31:18.070Z,0,65.73333,13,34.3,62.9,26.19334,0,1,0,1,101
8388,2026-06-12T15:33:18.065Z,0,65.73333,13,34.3,62.9,26.19334,0,1,0,1,101
8389,2026-06-12T15:35:18.060Z,0,65.73333,13,34.3,62.9,26.19334,0,1,0,1,101
8390,2026-06-12T15:37:18.055Z,0,65.73333,13,34.3,62.9,26.19334,0,1,0,1,101
8391,2026-06-12T15:39:18.050Z,0,65.73333,13,34.3,62.9,26.19334,0,1,0,1,101
8392,2026-06-12T15:41:18.045Z,0,65.73333,13,34.3,62.9,26.19334,0,1,0,1,101
8393,2026-06-12T15:43:18.040Z,0,65.73333,13,34.3,62.9,26.19334,0,1,0,1,101
8394,2026-06-12T15:45:18.035Z,0,65.06667,13.46667,34.3,62.8,26.16635,0,1,0,1,101
8395,2026-06-12T15:47:18.030Z,0,65.06667,13.46667,34.3,62.8,26.16635,0,1,0,1,101
8396,2026-06-12T15:49:18.025Z,0,65.06667,13.46667,34.3,62.8,26.16635,0,1,0,1,101
8397,2026-06-12T15:51:18.020Z,0,65.06667,13.46667,34.3,62.8,26.16635,0,1,0,1,101
8398,2026-06-12T15:53:18.015Z,0,65.06667,13.46667,34.3,62.8,26.16635,0,1,0,1,101
8399,2026-06-12T15:55:18.010Z,0,65.06667,13.46667,34.3,62.8,26.16635,0,1,0,1,101
8400,2026-06-12T15:57:18.005Z,0,65.06667,13.46667,34.3,62.8,26.16635,0,1,0,1,101
8401,2026-06-12T15:59:18.000Z,0,65.06667,13.46667,34.3,62.8,26.16635,0,1,0,1,101
8402,2026-06-12T16:01:17.995Z,0,65.06667,13.46667,34.3,62.8,26.16635,0,1,0,1,101
8403,2026-06-12T16:03:17.990Z,0,65.06667,13.46667,34.3,62.8,26.16635,0,1,0,1,101
8404,2026-06-12T16:05:17.985Z,0,65.06667,13.46667,34.3,62.8,26.16635,0,1,0,1,101
8405,2026-06-12T16:07:17.980Z,0,65.06667,13.46667,34.3,62.8,26.16635,0,1,0,1,101
8406,2026-06-12T16:09:17.975Z,0,65.06667,13.46667,34.3,62.8,26.16635,0,1,0,1,101
8407,2026-06-12T16:11:17.970Z,0,65.06667,13.46667,34.3,62.8,26.16635,0,1,0,1,101
8408,2026-06-12T16:13:17.965Z,0,65.06667,13.46667,34.3,62.8,26.16635,0,1,0,1,101
8409,2026-06-12T16:15:17.960Z,0,65.06667,13.46667,34.3,62.8,26.16635,0,1,0,1,101
8410,2026-06-12T16:17:17.955Z,0,65.06667,13.46667,34.3,62.8,26.16635,0,1,0,1,101
8411,2026-06-12T16:19:17.950Z,0,65.06667,13.46667,34.3,62.8,26.16635,0,1,0,1,101
8412,2026-06-12T16:21:17.945Z,0,65.06667,13.46667,34.3,62.8,26.16635,0,1,0,1,101
8413,2026-06-12T16:23:17.940Z,0,65.06667,13.46667,34.3,62.8,26.16635,0,1,0,1,101
8414,2026-06-12T16:25:17.935Z,0,65.06667,13.46667,34.3,62.8,26.16635,0,1,0,1,101
8415,2026-06-12T16:27:17.930Z,0,65.06667,13.46667,34.3,62.8,26.16635,0,1,0,1,101
8416,2026-06-12T16:29:17.925Z,0,65.06667,13.46667,34.3,62.8,26.16635,0,1,0,1,101
8417,2026-06-12T16:31:17.920Z,0,65.06667,13.46667,34.3,62.8,26.16635,0,1,0,1,101
8418,2026-06-12T16:33:17.915Z,0,65.06667,13.46667,34.3,62.8,26.16635,0,1,0,1,101
8419,2026-06-12T16:35:17.910Z,0,65.06667,13.46667,34.3,62.8,26.16635,0,1,0,1,101
8420,2026-06-12T16:37:17.905Z,0,65.06667,13.46667,34.3,62.8,26.16635,0,1,0,1,101
8421,2026-06-12T16:39:17.900Z,0,65.06667,13.46667,34.3,62.8,26.16635,0,1,0,1,101
8422,2026-06-12T16:41:17.895Z,0,65.06667,13.46667,34.3,62.8,26.16635,0,1,0,1,101
8423,2026-06-12T16:43:17.890Z,0,64.66666,12.66667,34.2,61.3,25.66315,0,1,0,1,101
8424,2026-06-12T16:45:17.885Z,0,64.66666,12.66667,34.2,61.3,25.66315,0,1,0,1,101
8425,2026-06-12T16:47:17.880Z,0,64.66666,12.66667,34.2,61.3,25.66315,0,1,0,1,101
8426,2026-06-12T16:49:17.875Z,0,64.66666,12.66667,34.2,61.3,25.66315,0,1,0,1,101
8427,2026-06-12T16:51:17.870Z,0,64.66666,12.66667,34.2,61.3,25.66315,0,1,0,1,101
8428,2026-06-12T16:53:17.865Z,0,64.66666,12.66667,34.2,61.3,25.66315,0,1,0,1,101
8429,2026-06-12T16:55:17.860Z,0,64.66666,12.66667,34.2,61.3,25.66315,0,1,0,1,101
8430,2026-06-12T16:57:17.855Z,0,64.66666,12.66667,34.2,61.3,25.66315,0,1,0,1,101
8431,2026-06-12T16:59:17.850Z,0,64.66666,12.66667,34.2,61.3,25.66315,0,1,0,1,101
8432,2026-06-12T17:01:17.845Z,0,64.66666,12.66667,34.2,61.3,25.66315,0,1,0,1,101
8433,2026-06-12T17:03:17.840Z,0,64.66666,12.66667,34.2,61.3,25.66315,0,1,0,1,101
8434,2026-06-12T17:05:17.835Z,0,64.66666,12.66667,34.2,61.3,25.66315,0,1,0,1,101
8435,2026-06-12T17:07:17.830Z,0,64.66666,12.66667,34.2,61.3,25.66315,0,1,0,1,101
8436,2026-06-12T17:09:17.825Z,0,64.66666,12.66667,34.2,61.3,25.66315,0,1,0,1,101
8437,2026-06-12T17:11:17.820Z,0,64.66666,12.66667,34.2,61.3,25.66315,0,1,0,1,101
8438,2026-06-12T17:13:17.815Z,0,64.66666,12.66667,34.2,61.3,25.66315,0,1,0,1,101
8439,2026-06-12T17:15:17.810Z,0,64.66666,12.66667,34.2,61.3,25.66315,0,1,0,1,101
8440,2026-06-12T17:17:17.805Z,0,64.66666,12.66667,34.2,61.3,25.66315,0,1,0,1,101
8441,2026-06-12T17:19:17.800Z,0,64.66666,12.66667,34.2,61.3,25.66315,0,1,0,1,101
8442,2026-06-12T17:21:17.795Z,0,64.66666,12.66667,34.2,61.3,25.66315,0,1,0,1,101
8443,2026-06-12T17:23:17.790Z,0,64.66666,12.66667,34.2,61.3,25.66315,0,1,0,1,101
8444,2026-06-12T17:25:17.785Z,0,64.66666,12.66667,34.2,61.3,25.66315,0,1,0,1,101
8445,2026-06-12T17:27:17.780Z,0,64.66666,12.66667,34.2,61.3,25.66315,0,1,0,1,101
8446,2026-06-12T17:29:17.775Z,0,64.66666,12.66667,34.2,61.3,25.66315,0,1,0,1,101
8447,2026-06-12T17:31:17.770Z,0,64.66666,12.66667,34.2,61.3,25.66315,0,1,0,1,101
8448,2026-06-12T17:33:17.765Z,0,64.66666,12.66667,34.2,61.3,25.66315,0,1,0,1,101
8449,2026-06-12T17:35:17.760Z,0,64.66666,12.66667,34.2,61.3,25.66315,0,1,0,1,101
8450,2026-06-12T17:37:17.755Z,0,64.66666,12.66667,34.2,61.3,25.66315,0,1,0,1,101
8451,2026-06-12T17:39:17.750Z,0,64.66666,12.66667,34.2,61.3,25.66315,0,1,0,1,101
8452,2026-06-12T17:41:17.745Z,0,65.4,12,34.2,59.7,25.21704,0,1,0,1,101
8453,2026-06-12T17:43:17.740Z,0,65.4,12,34.2,59.7,25.21704,0,1,0,1,101
8454,2026-06-12T17:45:17.735Z,0,65.4,12,34.2,59.7,25.21704,0,1,0,1,101
8455,2026-06-12T17:47:17.730Z,0,65.4,12,34.2,59.7,25.21704,0,1,0,1,101
8456,2026-06-12T17:49:17.725Z,0,65.4,12,34.2,59.7,25.21704,0,1,0,1,101
8457,2026-06-12T17:51:17.720Z,0,65.4,12,34.2,59.7,25.21704,0,1,0,1,101
8458,2026-06-12T17:53:17.715Z,0,65.4,12,34.2,59.7,25.21704,0,1,0,1,101
8459,2026-06-12T17:55:17.710Z,0,65.4,12,34.2,59.7,25.21704,0,1,0,1,101
8460,2026-06-12T17:57:17.705Z,0,65.4,12,34.2,59.7,25.21704,0,1,0,1,101
8461,2026-06-12T17:59:17.700Z,0,65.4,12,34.2,59.7,25.21704,0,1,0,1,101
8462,2026-06-12T18:01:17.695Z,0,65.4,12,34.2,59.7,25.21704,0,1,0,1,101
8463,2026-06-12T18:03:17.690Z,0,65.4,12,34.2,59.7,25.21704,0,1,0,1,101
8464,2026-06-12T18:05:17.685Z,0,65.4,12,34.2,59.7,25.21704,0,1,0,1,101
8465,2026-06-12T18:07:17.680Z,0,65.4,12,34.2,59.7,25.21704,0,1,0,1,101
8466,2026-06-12T18:09:17.675Z,0,65.4,12,34.2,59.7,25.21704,0,1,0,1,101
8467,2026-06-12T18:11:17.670Z,0,65.4,12,34.2,59.7,25.21704,0,1,0,1,101
8468,2026-06-12T18:13:17.665Z,0,65.4,12,34.2,59.7,25.21704,0,1,0,1,101
8469,2026-06-12T18:15:17.660Z,0,65.4,12,34.2,59.7,25.21704,0,1,0,1,101
8470,2026-06-12T18:17:17.655Z,0,65.4,12,34.2,59.7,25.21704,0,1,0,1,101
8471,2026-06-12T18:19:17.650Z,0,65.4,12,34.2,59.7,25.21704,0,1,0,1,101
8472,2026-06-12T18:21:17.645Z,0,65.4,12,34.2,59.7,25.21704,0,1,0,1,101
8473,2026-06-12T18:23:17.640Z,0,65.4,12,34.2,59.7,25.21704,0,1,0,1,101
8474,2026-06-12T18:25:17.635Z,0,65.4,12,34.2,59.7,25.21704,0,1,0,1,101
8475,2026-06-12T18:27:17.630Z,0,65.4,12,34.2,59.7,25.21704,0,1,0,1,101
8476,2026-06-12T18:29:17.625Z,0,65.4,12,34.2,59.7,25.21704,0,1,0,1,101
8477,2026-06-12T18:31:17.620Z,0,65.4,12,34.2,59.7,25.21704,0,1,0,1,101
8478,2026-06-12T18:33:17.615Z,0,65.4,12,34.2,59.7,25.21704,0,1,0,1,101
8479,2026-06-12T18:35:17.610Z,0,65.4,12,34.2,59.7,25.21704,0,1,0,1,101
8480,2026-06-12T18:37:17.605Z,0,64.53333,12.2,34.2,59,25.01858,0,1,0,1,101
8481,2026-06-12T18:39:17.600Z,0,64.53333,12.2,34.2,59,25.01858,0,1,0,1,101
8482,2026-06-12T18:41:17.595Z,0,64.53333,12.2,34.2,59,25.01858,0,1,0,1,101
8483,2026-06-12T18:43:17.590Z,0,64.53333,12.2,34.2,59,25.01858,0,1,0,1,101
8484,2026-06-12T18:45:17.585Z,0,64.53333,12.2,34.2,59,25.01858,0,1,0,1,101
8485,2026-06-12T18:47:17.580Z,0,64.53333,12.2,34.2,59,25.01858,0,1,0,1,101
8486,2026-06-12T18:49:17.575Z,0,64.53333,12.2,34.2,59,25.01858,0,1,0,1,101
8487,2026-06-12T18:51:17.570Z,0,64.53333,12.2,34.2,59,25.01858,0,1,0,1,101
8488,2026-06-12T18:53:17.565Z,0,64.53333,12.2,34.2,59,25.01858,0,1,0,1,101
8489,2026-06-12T18:55:17.560Z,0,64.53333,12.2,34.2,59,25.01858,0,1,0,1,101
8490,2026-06-12T18:57:17.555Z,0,64.53333,12.2,34.2,59,25.01858,0,1,0,1,101
8491,2026-06-12T18:59:17.550Z,0,64.53333,12.2,34.2,59,25.01858,0,1,0,1,101
8492,2026-06-12T19:01:17.545Z,0,64.53333,12.2,34.2,59,25.01858,0,1,0,1,101
8493,2026-06-12T19:03:17.540Z,0,64.53333,12.2,34.2,59,25.01858,0,1,0,1,101
8494,2026-06-12T19:05:17.535Z,0,64.53333,12.2,34.2,59,25.01858,0,1,0,1,101
8495,2026-06-12T19:07:17.530Z,0,64.53333,12.2,34.2,59,25.01858,0,1,0,1,101
8496,2026-06-12T19:09:17.525Z,0,64.53333,12.2,34.2,59,25.01858,0,1,0,1,101
8497,2026-06-12T19:11:17.520Z,0,64.53333,12.2,34.2,59,25.01858,0,1,0,1,101
8498,2026-06-12T19:13:17.515Z,0,64.53333,12.2,34.2,59,25.01858,0,1,0,1,101
8499,2026-06-12T19:15:17.510Z,0,64.53333,12.2,34.2,59,25.01858,0,1,0,1,101
8500,2026-06-12T19:17:17.505Z,0,64.53333,12.2,34.2,59,25.01858,0,1,0,1,101
8501,2026-06-12T19:19:17.500Z,0,64.53333,12.2,34.2,59,25.01858,0,1,0,1,101
8502,2026-06-12T19:21:17.495Z,0,64.53333,12.2,34.2,59,25.01858,0,1,0,1,101
8503,2026-06-12T19:23:17.490Z,0,64.53333,12.2,34.2,59,25.01858,0,1,0,1,101
8504,2026-06-12T19:25:17.485Z,0,64.53333,12.2,34.2,59,25.01858,0,1,0,1,101
8505,2026-06-12T19:27:17.480Z,0,64.53333,12.2,34.2,59,25.01858,0,1,0,1,101
8506,2026-06-12T19:29:17.475Z,0,64.53333,12.2,34.2,59,25.01858,0,1,0,1,101
8507,2026-06-12T19:31:17.470Z,0,64.53333,12.2,34.2,59,25.01858,0,1,0,1,101
8508,2026-06-12T19:33:17.465Z,0,64.53333,12.2,34.2,59,25.01858,0,1,0,1,101
8509,2026-06-12T19:35:17.460Z,0,65.93333,11.2,34.1,59.1,24.95366,0,1,0,1,101
8510,2026-06-12T19:37:17.455Z,0,65.93333,11.2,34.1,59.1,24.95366,0,1,0,1,101
8511,2026-06-12T19:39:17.450Z,0,65.93333,11.2,34.1,59.1,24.95366,0,1,0,1,101
8512,2026-06-12T19:41:17.445Z,0,65.93333,11.2,34.1,59.1,24.95366,0,1,0,1,101
8513,2026-06-12T19:43:17.440Z,0,65.93333,11.2,34.1,59.1,24.95366,0,1,0,1,101
8514,2026-06-12T19:45:17.435Z,0,65.93333,11.2,34.1,59.1,24.95366,0,1,0,1,101
8515,2026-06-12T19:47:17.430Z,0,65.93333,11.2,34.1,59.1,24.95366,0,1,0,1,101
8516,2026-06-12T19:49:17.425Z,0,65.93333,11.2,34.1,59.1,24.95366,0,1,0,1,101
8517,2026-06-12T19:51:17.420Z,0,65.93333,11.2,34.1,59.1,24.95366,0,1,0,1,101
8518,2026-06-12T19:53:17.415Z,0,65.93333,11.2,34.1,59.1,24.95366,0,1,0,1,101
8519,2026-06-12T19:55:17.410Z,0,65.93333,11.2,34.1,59.1,24.95366,0,1,0,1,101
8520,2026-06-12T19:57:17.405Z,0,65.93333,11.2,34.1,59.1,24.95366,0,1,0,1,101
8521,2026-06-12T19:59:17.400Z,0,65.93333,11.2,34.1,59.1,24.95366,0,1,0,1,101
8522,2026-06-12T20:01:17.395Z,0,65.93333,11.2,34.1,59.1,24.95366,0,1,0,1,101
8523,2026-06-12T20:03:17.390Z,0,65.93333,11.2,34.1,59.1,24.95366,0,1,0,1,101
8524,2026-06-12T20:05:17.385Z,0,65.93333,11.2,34.1,59.1,24.95366,0,1,0,1,101
8525,2026-06-12T20:07:17.380Z,0,65.93333,11.2,34.1,59.1,24.95366,0,1,0,1,101
8526,2026-06-12T20:09:17.375Z,0,65.93333,11.2,34.1,59.1,24.95366,0,1,0,1,101
8527,2026-06-12T20:11:17.370Z,0,65.93333,11.2,34.1,59.1,24.95366,0,1,0,1,101
8528,2026-06-12T20:13:17.365Z,0,65.93333,11.2,34.1,59.1,24.95366,0,1,0,1,101
8529,2026-06-12T20:15:17.360Z,0,65.93333,11.2,34.1,59.1,24.95366,0,1,0,1,101
8530,2026-06-12T20:17:17.355Z,0,65.93333,11.2,34.1,59.1,24.95366,0,1,0,1,101
8531,2026-06-12T20:19:17.350Z,0,65.93333,11.2,34.1,59.1,24.95366,0,1,0,1,101
8532,2026-06-12T20:21:17.345Z,0,65.93333,11.2,34.1,59.1,24.95366,0,1,0,1,101
8533,2026-06-12T20:23:17.340Z,0,65.93333,11.2,34.1,59.1,24.95366,0,1,0,1,101
8534,2026-06-12T20:25:17.335Z,0,65.93333,11.2,34.1,59.1,24.95366,0,1,0,1,101
8535,2026-06-12T20:27:17.330Z,0,65.93333,11.2,34.1,59.1,24.95366,0,1,0,1,101
8536,2026-06-12T20:29:17.325Z,0,65.93333,11.2,34.1,59.1,24.95366,0,1,0,1,101
8537,2026-06-12T20:31:17.320Z,0,65.93333,11.2,34.1,59.1,24.95366,0,1,0,1,101
8538,2026-06-12T20:33:17.315Z,0,64.93333,10.86667,34.1,59.8,25.15169,0,1,0,1,101
8539,2026-06-12T20:35:17.310Z,0,64.93333,10.86667,34.1,59.8,25.15169,0,1,0,1,101
8540,2026-06-12T20:37:17.305Z,0,64.93333,10.86667,34.1,59.8,25.15169,0,1,0,1,101
8541,2026-06-12T20:39:17.300Z,0,64.93333,10.86667,34.1,59.8,25.15169,0,1,0,1,101
8542,2026-06-12T20:41:17.295Z,0,64.93333,10.86667,34.1,59.8,25.15169,0,1,0,1,101
8543,2026-06-12T20:43:17.290Z,0,64.93333,10.86667,34.1,59.8,25.15169,0,1,0,1,101
8544,2026-06-12T20:45:17.285Z,0,64.93333,10.86667,34.1,59.8,25.15169,0,1,0,1,101
8545,2026-06-12T20:47:17.280Z,0,64.93333,10.86667,34.1,59.8,25.15169,0,1,0,1,101
8546,2026-06-12T20:49:17.275Z,0,64.93333,10.86667,34.1,59.8,25.15169,0,1,0,1,101
8547,2026-06-12T20:51:17.270Z,0,64.93333,10.86667,34.1,59.8,25.15169,0,1,0,1,101
8548,2026-06-12T20:53:17.265Z,0,64.93333,10.86667,34.1,59.8,25.15169,0,1,0,1,101
8549,2026-06-12T20:55:17.260Z,0,64.93333,10.86667,34.1,59.8,25.15169,0,1,0,1,101
8550,2026-06-12T20:57:17.255Z,0,64.93333,10.86667,34.1,59.8,25.15169,0,1,0,1,101
8551,2026-06-12T20:59:17.250Z,0,64.93333,10.86667,34.1,59.8,25.15169,0,1,0,1,101
8552,2026-06-12T21:01:17.245Z,0,64.93333,10.86667,34.1,59.8,25.15169,0,1,0,1,101
8553,2026-06-12T21:03:17.240Z,0,64.93333,10.86667,34.1,59.8,25.15169,0,1,0,1,101
8554,2026-06-12T21:05:17.235Z,0,64.93333,10.86667,34.1,59.8,25.15169,0,1,0,1,101
8555,2026-06-12T21:07:17.230Z,0,64.93333,10.86667,34.1,59.8,25.15169,0,1,0,1,101
8556,2026-06-12T21:09:17.225Z,0,64.93333,10.86667,34.1,59.8,25.15169,0,1,0,1,101
8557,2026-06-12T21:11:17.220Z,0,64.93333,10.86667,34.1,59.8,25.15169,0,1,0,1,101
8558,2026-06-12T21:13:17.215Z,0,64.93333,10.86667,34.1,59.8,25.15169,0,1,0,1,101
8559,2026-06-12T21:15:17.210Z,0,64.93333,10.86667,34.1,59.8,25.15169,0,1,0,1,101
8560,2026-06-12T21:17:17.205Z,0,64.93333,10.86667,34.1,59.8,25.15169,0,1,0,1,101
8561,2026-06-12T21:19:17.200Z,0,64.93333,10.86667,34.1,59.8,25.15169,0,1,0,1,101
8562,2026-06-12T21:21:17.195Z,0,64.93333,10.86667,34.1,59.8,25.15169,0,1,0,1,101
8563,2026-06-12T21:23:17.190Z,0,64.93333,10.86667,34.1,59.8,25.15169,0,1,0,1,101
8564,2026-06-12T21:25:17.185Z,0,64.93333,10.86667,34.1,59.8,25.15169,0,1,0,1,101
8565,2026-06-12T21:27:17.180Z,0,64.93333,10.86667,34.1,59.8,25.15169,0,1,0,1,101
8566,2026-06-12T21:29:17.175Z,0,67.2,10.6,34.1,59.6,25.09532,0,1,0,1,101
8567,2026-06-12T21:31:17.170Z,0,67.2,10.6,34.1,59.6,25.09532,0,1,0,1,101
8568,2026-06-12T21:33:17.165Z,0,67.2,10.6,34.1,59.6,25.09532,0,1,0,1,101
8569,2026-06-12T21:35:17.160Z,0,67.2,10.6,34.1,59.6,25.09532,0,1,0,1,101
8570,2026-06-12T21:37:17.155Z,0,67.2,10.6,34.1,59.6,25.09532,0,1,0,1,101
8571,2026-06-12T21:39:17.150Z,0,67.2,10.6,34.1,59.6,25.09532,0,1,0,1,101
8572,2026-06-12T21:41:17.145Z,0,67.2,10.6,34.1,59.6,25.09532,0,1,0,1,101
8573,2026-06-12T21:43:17.140Z,0,67.2,10.6,34.1,59.6,25.09532,0,1,0,1,101
8574,2026-06-12T21:45:17.135Z,0,67.2,10.6,34.1,59.6,25.09532,0,1,0,1,101
8575,2026-06-12T21:47:17.130Z,0,67.2,10.6,34.1,59.6,25.09532,0,1,0,1,101
8576,2026-06-12T21:49:17.125Z,0,67.2,10.6,34.1,59.6,25.09532,0,1,0,1,101
8577,2026-06-12T21:51:17.120Z,0,67.2,10.6,34.1,59.6,25.09532,0,1,0,1,101
8578,2026-06-12T21:53:17.115Z,0,67.2,10.6,34.1,59.6,25.09532,0,1,0,1,101
8579,2026-06-12T21:55:17.110Z,0,67.2,10.6,34.1,59.6,25.09532,0,1,0,1,101
8580,2026-06-12T21:57:17.105Z,0,67.2,10.6,34.1,59.6,25.09532,0,1,0,1,101
8581,2026-06-12T21:59:17.100Z,0,67.2,10.6,34.1,59.6,25.09532,0,1,0,1,101
8582,2026-06-12T22:01:17.095Z,0,67.2,10.6,34.1,59.6,25.09532,0,1,0,1,101
8583,2026-06-12T22:03:17.090Z,0,67.2,10.6,34.1,59.6,25.09532,0,1,0,1,101
8584,2026-06-12T22:05:17.085Z,0,67.2,10.6,34.1,59.6,25.09532,0,1,0,1,101
8585,2026-06-12T22:07:17.080Z,0,67.2,10.6,34.1,59.6,25.09532,0,1,0,1,101
8586,2026-06-12T22:09:17.075Z,0,67.2,10.6,34.1,59.6,25.09532,0,1,0,1,101
8587,2026-06-12T22:11:17.070Z,0,67.2,10.6,34.1,59.6,25.09532,0,1,0,1,101
8588,2026-06-12T22:13:17.065Z,0,67.2,10.6,34.1,59.6,25.09532,0,1,0,1,101
8589,2026-06-12T22:15:17.060Z,0,67.2,10.6,34.1,59.6,25.09532,0,1,0,1,101
8590,2026-06-12T22:17:17.055Z,0,67.2,10.6,34.1,59.6,25.09532,0,1,0,1,101
8591,2026-06-12T22:19:17.050Z,0,67.2,10.6,34.1,59.6,25.09532,0,1,0,1,101
8592,2026-06-12T22:21:17.045Z,0,67.2,10.6,34.1,59.6,25.09532,0,1,0,1,101
8593,2026-06-12T22:23:17.040Z,0,67.2,10.6,34.1,59.6,25.09532,0,1,0,1,101
8594,2026-06-12T22:25:17.035Z,0,67.2,10.6,34.1,59.6,25.09532,0,1,0,1,101
8595,2026-06-12T22:27:17.030Z,0,65.66666,10.33333,34.1,60.1,25.23594,0,1,0,1,101
8596,2026-06-12T22:29:17.025Z,0,65.66666,10.33333,34.1,60.1,25.23594,0,1,0,1,101
8597,2026-06-12T22:31:17.020Z,0,65.66666,10.33333,34.1,60.1,25.23594,0,1,0,1,101
8598,2026-06-12T22:33:17.015Z,0,65.66666,10.33333,34.1,60.1,25.23594,0,1,0,1,101
8599,2026-06-12T22:35:17.010Z,0,65.66666,10.33333,34.1,60.1,25.23594,0,1,0,1,101
8600,2026-06-12T22:37:17.005Z,0,65.66666,10.33333,34.1,60.1,25.23594,0,1,0,1,101
8601,2026-06-12T22:39:17.000Z,0,65.66666,10.33333,34.1,60.1,25.23594,0,1,0,1,101
8602,2026-06-12T22:41:16.995Z,0,65.66666,10.33333,34.1,60.1,25.23594,0,1,0,1,101
8603,2026-06-12T22:43:16.990Z,0,65.66666,10.33333,34.1,60.1,25.23594,0,1,0,1,101
8604,2026-06-12T22:45:16.985Z,0,65.66666,10.33333,34.1,60.1,25.23594,0,1,0,1,101
8605,2026-06-12T22:47:16.980Z,0,65.66666,10.33333,34.1,60.1,25.23594,0,1,0,1,101
8606,2026-06-12T22:49:16.975Z,0,65.66666,10.33333,34.1,60.1,25.23594,0,1,0,1,101
8607,2026-06-12T22:51:16.970Z,0,65.66666,10.33333,34.1,60.1,25.23594,0,1,0,1,101
8608,2026-06-12T22:53:16.965Z,0,65.66666,10.33333,34.1,60.1,25.23594,0,1,0,1,101
8609,2026-06-12T22:55:16.960Z,0,65.66666,10.33333,34.1,60.1,25.23594,0,1,0,1,101
8610,2026-06-12T22:57:16.955Z,0,65.66666,10.33333,34.1,60.1,25.23594,0,1,0,1,101
8611,2026-06-12T22:59:16.950Z,0,65.66666,10.33333,34.1,60.1,25.23594,0,1,0,1,101
8612,2026-06-12T23:01:16.945Z,0,65.66666,10.33333,34.1,60.1,25.23594,0,1,0,1,101
8613,2026-06-12T23:03:16.940Z,0,65.66666,10.33333,34.1,60.1,25.23594,0,1,0,1,101
8614,2026-06-12T23:05:16.935Z,0,65.66666,10.33333,34.1,60.1,25.23594,0,1,0,1,101
8615,2026-06-12T23:07:16.930Z,0,65.66666,10.33333,34.1,60.1,25.23594,0,1,0,1,101
8616,2026-06-12T23:09:16.925Z,0,65.66666,10.33333,34.1,60.1,25.23594,0,1,0,1,101
8617,2026-06-12T23:11:16.920Z,0,65.66666,10.33333,34.1,60.1,25.23594,0,1,0,1,101
8618,2026-06-12T23:13:16.915Z,0,65.66666,10.33333,34.1,60.1,25.23594,0,1,0,1,101
8619,2026-06-12T23:15:16.910Z,0,65.66666,10.33333,34.1,60.1,25.23594,0,1,0,1,101
8620,2026-06-12T23:17:16.905Z,0,65.66666,10.33333,34.1,60.1,25.23594,0,1,0,1,101
8621,2026-06-12T23:19:16.900Z,0,65.66666,10.33333,34.1,60.1,25.23594,0,1,0,1,101
8622,2026-06-12T23:21:16.895Z,0,65.66666,10.33333,34.1,60.1,25.23594,0,1,0,1,101
8623,2026-06-12T23:23:16.890Z,0,65.66666,10.33333,34.1,60.1,25.23594,0,1,0,1,101
8624,2026-06-12T23:25:16.885Z,0,64.26667,10.13333,34.1,60.4,25.31983,0,1,0,1,101
8625,2026-06-12T23:27:16.880Z,0,64.26667,10.13333,34.1,60.4,25.31983,0,1,0,1,101
8626,2026-06-12T23:29:16.875Z,0,64.26667,10.13333,34.1,60.4,25.31983,0,1,0,1,101
8627,2026-06-12T23:31:16.870Z,0,64.26667,10.13333,34.1,60.4,25.31983,0,1,0,1,101
8628,2026-06-12T23:33:16.865Z,0,64.26667,10.13333,34.1,60.4,25.31983,0,1,0,1,101
8629,2026-06-12T23:35:16.860Z,0,64.26667,10.13333,34.1,60.4,25.31983,0,1,0,1,101
8630,2026-06-12T23:37:16.855Z,0,64.26667,10.13333,34.1,60.4,25.31983,0,1,0,1,101
8631,2026-06-12T23:39:16.850Z,0,64.26667,10.13333,34.1,60.4,25.31983,0,1,0,1,101
8632,2026-06-12T23:41:16.845Z,0,64.26667,10.13333,34.1,60.4,25.31983,0,1,0,1,101
8633,2026-06-12T23:43:16.840Z,0,64.26667,10.13333,34.1,60.4,25.31983,0,1,0,1,101
8634,2026-06-12T23:45:16.835Z,0,64.26667,10.13333,34.1,60.4,25.31983,0,1,0,1,101
8635,2026-06-12T23:47:16.830Z,0,64.26667,10.13333,34.1,60.4,25.31983,0,1,0,1,101
8636,2026-06-12T23:49:16.825Z,0,64.26667,10.13333,34.1,60.4,25.31983,0,1,0,1,101
8637,2026-06-12T23:51:16.820Z,0,64.26667,10.13333,34.1,60.4,25.31983,0,1,0,1,101
8638,2026-06-12T23:53:16.815Z,0,64.26667,10.13333,34.1,60.4,25.31983,0,1,0,1,101
8639,2026-06-12T23:55:16.810Z,0,64.26667,10.13333,34.1,60.4,25.31983,0,1,0,1,101
8640,2026-06-12T23:57:16.805Z,0,64.26667,10.13333,34.1,60.4,25.31983,0,1,0,1,101
8641,2026-06-12T23:59:16.800Z,0,64.26667,10.13333,34.1,60.4,25.31983,0,1,0,1,101
8642,2026-06-13T00:01:16.795Z,0,64.26667,10.13333,34.1,60.4,25.31983,0,1,0,1,101
8643,2026-06-13T00:03:16.790Z,0,64.26667,10.13333,34.1,60.4,25.31983,0,1,0,1,101
8644,2026-06-13T00:05:16.785Z,0,64.26667,10.13333,34.1,60.4,25.31983,0,1,0,1,101
8645,2026-06-13T00:07:16.780Z,0,64.26667,10.13333,34.1,60.4,25.31983,0,1,0,1,101
8646,2026-06-13T00:09:16.775Z,0,64.26667,10.13333,34.1,60.4,25.31983,0,1,0,1,101
8647,2026-06-13T00:11:16.770Z,0,64.26667,10.13333,34.1,60.4,25.31983,0,1,0,1,101
8648,2026-06-13T00:13:16.765Z,0,64.26667,10.13333,34.1,60.4,25.31983,0,1,0,1,101
8649,2026-06-13T00:15:16.760Z,0,64.26667,10.13333,34.1,60.4,25.31983,0,1,0,1,101
8650,2026-06-13T00:17:16.755Z,0,64.26667,10.13333,34.1,60.4,25.31983,0,1,0,1,101
8651,2026-06-13T00:19:16.750Z,0,64.26667,10.13333,34.1,60.4,25.31983,0,1,0,1,101
8652,2026-06-13T00:21:16.745Z,0,63.6,9.733334,34.2,59.9,25.27337,0,1,0,1,101
8653,2026-06-13T00:23:16.740Z,0,63.6,9.733334,34.2,59.9,25.27337,0,1,0,1,101
8654,2026-06-13T00:25:16.735Z,0,63.6,9.733334,34.2,59.9,25.27337,0,1,0,1,101
8655,2026-06-13T00:27:16.730Z,0,63.6,9.733334,34.2,59.9,25.27337,0,1,0,1,101
8656,2026-06-13T00:29:16.725Z,0,63.6,9.733334,34.2,59.9,25.27337,0,1,0,1,101
8657,2026-06-13T00:31:16.720Z,0,63.6,9.733334,34.2,59.9,25.27337,0,1,0,1,101
8658,2026-06-13T00:33:16.715Z,0,63.6,9.733334,34.2,59.9,25.27337,0,1,0,1,101
8659,2026-06-13T00:35:16.710Z,0,63.6,9.733334,34.2,59.9,25.27337,0,1,0,1,101
8660,2026-06-13T00:37:16.705Z,0,63.6,9.733334,34.2,59.9,25.27337,0,1,0,1,101
8661,2026-06-13T00:39:16.700Z,0,63.6,9.733334,34.2,59.9,25.27337,0,1,0,1,101
8662,2026-06-13T00:41:16.695Z,0,63.6,9.733334,34.2,59.9,25.27337,0,1,0,1,101
8663,2026-06-13T00:43:16.690Z,0,63.6,9.733334,34.2,59.9,25.27337,0,1,0,1,101
8664,2026-06-13T00:45:16.685Z,0,63.6,9.733334,34.2,59.9,25.27337,0,1,0,1,101
8665,2026-06-13T00:47:16.680Z,0,63.6,9.733334,34.2,59.9,25.27337,0,1,0,1,101
8666,2026-06-13T00:49:16.675Z,0,63.6,9.733334,34.2,59.9,25.27337,0,1,0,1,101
8667,2026-06-13T00:51:16.670Z,0,63.6,9.733334,34.2,59.9,25.27337,0,1,0,1,101
8668,2026-06-13T00:53:16.665Z,0,63.6,9.733334,34.2,59.9,25.27337,0,1,0,1,101
8669,2026-06-13T00:55:16.660Z,0,63.6,9.733334,34.2,59.9,25.27337,0,1,0,1,101
8670,2026-06-13T00:57:16.655Z,0,63.6,9.733334,34.2,59.9,25.27337,0,1,0,1,101
8671,2026-06-13T00:59:16.650Z,0,63.6,9.733334,34.2,59.9,25.27337,0,1,0,1,101
8672,2026-06-13T01:01:16.645Z,0,63.6,9.733334,34.2,59.9,25.27337,0,1,0,1,101
8673,2026-06-13T01:03:16.640Z,0,63.6,9.733334,34.2,59.9,25.27337,0,1,0,1,101
8674,2026-06-13T01:05:16.635Z,0,63.6,9.733334,34.2,59.9,25.27337,0,1,0,1,101
8675,2026-06-13T01:07:16.630Z,0,63.6,9.733334,34.2,59.9,25.27337,0,1,0,1,101
8676,2026-06-13T01:09:16.625Z,0,63.6,9.733334,34.2,59.9,25.27337,0,1,0,1,101
8677,2026-06-13T01:11:16.620Z,0,63.6,9.733334,34.2,59.9,25.27337,0,1,0,1,101
8678,2026-06-13T01:13:16.615Z,0,63.6,9.733334,34.2,59.9,25.27337,0,1,0,1,101
8679,2026-06-13T01:15:16.610Z,0,63.6,9.733334,34.2,59.9,25.27337,0,1,0,1,101
8680,2026-06-13T01:17:16.605Z,0,63.6,9.733334,34.2,59.9,25.27337,0,1,0,1,101
8681,2026-06-13T01:19:16.600Z,0,64.26667,10.2,34.3,61.8,25.89438,0,1,0,1,101
8682,2026-06-13T01:21:16.595Z,0,64.26667,10.2,34.3,61.8,25.89438,0,1,0,1,101
8683,2026-06-13T01:23:16.590Z,0,64.26667,10.2,34.3,61.8,25.89438,0,1,0,1,101
8684,2026-06-13T01:25:16.585Z,0,64.26667,10.2,34.3,61.8,25.89438,0,1,0,1,101
8685,2026-06-13T01:27:16.580Z,0,64.26667,10.2,34.3,61.8,25.89438,0,1,0,1,101
8686,2026-06-13T01:29:16.575Z,0,64.26667,10.2,34.3,61.8,25.89438,0,1,0,1,101
8687,2026-06-13T01:31:16.570Z,0,64.26667,10.2,34.3,61.8,25.89438,0,1,0,1,101
8688,2026-06-13T01:33:16.565Z,0,64.26667,10.2,34.3,61.8,25.89438,0,1,0,1,101
8689,2026-06-13T01:35:16.560Z,0,64.26667,10.2,34.3,61.8,25.89438,0,1,0,1,101
8690,2026-06-13T01:37:16.555Z,0,64.26667,10.2,34.3,61.8,25.89438,0,1,0,1,101
8691,2026-06-13T01:39:16.550Z,0,64.26667,10.2,34.3,61.8,25.89438,0,1,0,1,101
8692,2026-06-13T01:41:16.545Z,0,64.26667,10.2,34.3,61.8,25.89438,0,1,0,1,101
8693,2026-06-13T01:43:16.540Z,0,64.26667,10.2,34.3,61.8,25.89438,0,1,0,1,101
8694,2026-06-13T01:45:16.535Z,0,64.26667,10.2,34.3,61.8,25.89438,0,1,0,1,101
8695,2026-06-13T01:47:16.530Z,0,64.26667,10.2,34.3,61.8,25.89438,0,1,0,1,101
8696,2026-06-13T01:49:16.525Z,0,64.26667,10.2,34.3,61.8,25.89438,0,1,0,1,101
8697,2026-06-13T01:51:16.520Z,0,64.26667,10.2,34.3,61.8,25.89438,0,1,0,1,101
8698,2026-06-13T01:53:16.515Z,0,64.26667,10.2,34.3,61.8,25.89438,0,1,0,1,101
8699,2026-06-13T01:55:16.510Z,0,64.26667,10.2,34.3,61.8,25.89438,0,1,0,1,101
8700,2026-06-13T01:57:16.505Z,0,64.26667,10.2,34.3,61.8,25.89438,0,1,0,1,101
8701,2026-06-13T01:59:16.500Z,0,64.26667,10.2,34.3,61.8,25.89438,0,1,0,1,101
8702,2026-06-13T02:01:16.495Z,0,64.26667,10.2,34.3,61.8,25.89438,0,1,0,1,101
8703,2026-06-13T02:03:16.490Z,0,64.26667,10.2,34.3,61.8,25.89438,0,1,0,1,101
8704,2026-06-13T02:05:16.485Z,0,64.26667,10.2,34.3,61.8,25.89438,0,1,0,1,101
8705,2026-06-13T02:07:16.480Z,0,64.26667,10.2,34.3,61.8,25.89438,0,1,0,1,101
8706,2026-06-13T02:09:16.475Z,0,64.26667,10.2,34.3,61.8,25.89438,0,1,0,1,101
8707,2026-06-13T02:11:16.470Z,0,64.26667,10.2,34.3,61.8,25.89438,0,1,0,1,101
8708,2026-06-13T02:13:16.465Z,0,64.26667,10.2,34.3,61.8,25.89438,0,1,0,1,101
8709,2026-06-13T02:15:16.460Z,0,64.26667,10.2,34.3,61.8,25.89438,0,1,0,1,101
8710,2026-06-13T02:17:16.455Z,0,63.4,9.4,34.4,62.5,26.17921,0,1,0,1,101
8711,2026-06-13T02:19:16.450Z,0,63.4,9.4,34.4,62.5,26.17921,0,1,0,1,101
8712,2026-06-13T02:21:16.445Z,0,63.4,9.4,34.4,62.5,26.17921,0,1,0,1,101
8713,2026-06-13T02:23:16.440Z,0,63.4,9.4,34.4,62.5,26.17921,0,1,0,1,101
8714,2026-06-13T02:25:16.435Z,0,63.4,9.4,34.4,62.5,26.17921,0,1,0,1,101
8715,2026-06-13T02:27:16.430Z,0,63.4,9.4,34.4,62.5,26.17921,0,1,0,1,101
8716,2026-06-13T02:29:16.425Z,0,63.4,9.4,34.4,62.5,26.17921,0,1,0,1,101
8717,2026-06-13T02:31:16.420Z,0,63.4,9.4,34.4,62.5,26.17921,0,1,0,1,101
8718,2026-06-13T02:33:16.415Z,0,63.4,9.4,34.4,62.5,26.17921,0,1,0,1,101
8719,2026-06-13T02:35:16.410Z,0,63.4,9.4,34.4,62.5,26.17921,0,1,0,1,101
8720,2026-06-13T02:37:16.405Z,0,63.4,9.4,34.4,62.5,26.17921,0,1,0,1,101
8721,2026-06-13T02:39:16.400Z,0,63.4,9.4,34.4,62.5,26.17921,0,1,0,1,101
8722,2026-06-13T02:41:16.395Z,0,63.4,9.4,34.4,62.5,26.17921,0,1,0,1,101
8723,2026-06-13T02:43:16.390Z,0,63.4,9.4,34.4,62.5,26.17921,0,1,0,1,101
8724,2026-06-13T02:45:16.385Z,0,63.4,9.4,34.4,62.5,26.17921,0,1,0,1,101
8725,2026-06-13T02:47:16.380Z,0,63.4,9.4,34.4,62.5,26.17921,0,1,0,1,101
8726,2026-06-13T02:49:16.375Z,0,63.4,9.4,34.4,62.5,26.17921,0,1,0,1,101
8727,2026-06-13T02:51:16.370Z,0,63.4,9.4,34.4,62.5,26.17921,0,1,0,1,101
8728,2026-06-13T02:53:16.365Z,0,63.4,9.4,34.4,62.5,26.17921,0,1,0,1,101
8729,2026-06-13T02:55:16.360Z,0,63.4,9.4,34.4,62.5,26.17921,0,1,0,1,101
8730,2026-06-13T02:57:16.355Z,0,63.4,9.4,34.4,62.5,26.17921,0,1,0,1,101
8731,2026-06-13T02:59:16.350Z,0,63.4,9.4,34.4,62.5,26.17921,0,1,0,1,101
8732,2026-06-13T03:01:16.345Z,0,63.4,9.4,34.4,62.5,26.17921,0,1,0,1,101
8733,2026-06-13T03:03:16.340Z,0,63.4,9.4,34.4,62.5,26.17921,0,1,0,1,101
8734,2026-06-13T03:05:16.335Z,0,63.4,9.4,34.4,62.5,26.17921,0,1,0,1,101
8735,2026-06-13T03:07:16.330Z,0,63.4,9.4,34.4,62.5,26.17921,0,1,0,1,101
8736,2026-06-13T03:09:16.325Z,0,63.4,9.4,34.4,62.5,26.17921,0,1,0,1,101
8737,2026-06-13T03:11:16.320Z,0,63.4,9.4,34.4,62.5,26.17921,0,1,0,1,101
8738,2026-06-13T03:13:16.315Z,0,63.66667,9.733334,34.5,61.6,26.02727,0,1,0,1,101
8739,2026-06-13T03:15:16.310Z,0,63.66667,9.733334,34.5,61.6,26.02727,0,1,0,1,101
8740,2026-06-13T03:17:16.305Z,0,63.66667,9.733334,34.5,61.6,26.02727,0,1,0,1,101
8741,2026-06-13T03:19:16.300Z,0,63.66667,9.733334,34.5,61.6,26.02727,0,1,0,1,101
8742,2026-06-13T03:21:16.295Z,0,63.66667,9.733334,34.5,61.6,26.02727,0,1,0,1,101
8743,2026-06-13T03:23:16.290Z,0,63.66667,9.733334,34.5,61.6,26.02727,0,1,0,1,101
8744,2026-06-13T03:25:16.285Z,0,63.66667,9.733334,34.5,61.6,26.02727,0,1,0,1,101
8745,2026-06-13T03:27:16.280Z,0,63.66667,9.733334,34.5,61.6,26.02727,0,1,0,1,101
8746,2026-06-13T03:29:16.275Z,0,63.66667,9.733334,34.5,61.6,26.02727,0,1,0,1,101
8747,2026-06-13T03:31:16.270Z,0,63.66667,9.733334,34.5,61.6,26.02727,0,1,0,1,101
8748,2026-06-13T03:33:16.265Z,0,63.66667,9.733334,34.5,61.6,26.02727,0,1,0,1,101
8749,2026-06-13T03:35:16.260Z,0,63.66667,9.733334,34.5,61.6,26.02727,0,1,0,1,101
8750,2026-06-13T03:37:16.255Z,0,63.66667,9.733334,34.5,61.6,26.02727,0,1,0,1,101
8751,2026-06-13T03:39:16.250Z,0,63.66667,9.733334,34.5,61.6,26.02727,0,1,0,1,101
8752,2026-06-13T03:41:16.245Z,0,63.66667,9.733334,34.5,61.6,26.02727,0,1,0,1,101
8753,2026-06-13T03:43:16.240Z,0,63.66667,9.733334,34.5,61.6,26.02727,0,1,0,1,101
8754,2026-06-13T03:45:16.235Z,0,63.66667,9.733334,34.5,61.6,26.02727,0,1,0,1,101
8755,2026-06-13T03:47:16.230Z,0,63.66667,9.733334,34.5,61.6,26.02727,0,1,0,1,101
8756,2026-06-13T03:49:16.225Z,0,63.66667,9.733334,34.5,61.6,26.02727,0,1,0,1,101
8757,2026-06-13T03:51:16.220Z,0,63.66667,9.733334,34.5,61.6,26.02727,0,1,0,1,101
8758,2026-06-13T03:53:16.215Z,0,63.66667,9.733334,34.5,61.6,26.02727,0,1,0,1,101
8759,2026-06-13T03:55:16.210Z,0,63.66667,9.733334,34.5,61.6,26.02727,0,1,0,1,101
8760,2026-06-13T03:57:16.205Z,0,63.66667,9.733334,34.5,61.6,26.02727,0,1,0,1,101
8761,2026-06-13T03:59:16.200Z,0,63.66667,9.733334,34.5,61.6,26.02727,0,1,0,1,101
8762,2026-06-13T04:01:16.195Z,0,63.66667,9.733334,34.5,61.6,26.02727,0,1,0,1,101
8763,2026-06-13T04:03:16.190Z,0,63.66667,9.733334,34.5,61.6,26.02727,0,1,0,1,101
8764,2026-06-13T04:05:16.185Z,0,63.66667,9.733334,34.5,61.6,26.02727,0,1,0,1,101
8765,2026-06-13T04:07:16.180Z,0,63.66667,9.733334,34.5,61.6,26.02727,0,1,0,1,101
8766,2026-06-13T04:09:16.175Z,0,63.66667,9.733334,34.5,61.6,26.02727,0,1,0,1,101
8767,2026-06-13T04:11:16.170Z,0,64.8,10.06667,34.6,60.8,25.8997,0,1,0,1,101
8768,2026-06-13T04:13:16.165Z,0,64.8,10.06667,34.6,60.8,25.8997,0,1,0,1,101
8769,2026-06-13T04:15:16.160Z,0,64.8,10.06667,34.6,60.8,25.8997,0,1,0,1,101
8770,2026-06-13T04:17:16.155Z,0,64.8,10.06667,34.6,60.8,25.8997,0,1,0,1,101
8771,2026-06-13T04:19:16.150Z,0,64.8,10.06667,34.6,60.8,25.8997,0,1,0,1,101
8772,2026-06-13T04:21:16.145Z,0,64.8,10.06667,34.6,60.8,25.8997,0,1,0,1,101
8773,2026-06-13T04:23:16.140Z,0,64.8,10.06667,34.6,60.8,25.8997,0,1,0,1,101
8774,2026-06-13T04:25:16.135Z,0,64.8,10.06667,34.6,60.8,25.8997,0,1,0,1,101
8775,2026-06-13T04:27:16.130Z,0,64.8,10.06667,34.6,60.8,25.8997,0,1,0,1,101
8776,2026-06-13T04:29:16.125Z,0,64.8,10.06667,34.6,60.8,25.8997,0,1,0,1,101
8777,2026-06-13T04:31:16.120Z,0,64.8,10.06667,34.6,60.8,25.8997,0,1,0,1,101
8778,2026-06-13T04:33:16.115Z,0,64.8,10.06667,34.6,60.8,25.8997,0,1,0,1,101
8779,2026-06-13T04:35:16.110Z,0,64.8,10.06667,34.6,60.8,25.8997,0,1,0,1,101
8780,2026-06-13T04:37:16.105Z,0,64.8,10.06667,34.6,60.8,25.8997,0,1,0,1,101
8781,2026-06-13T04:39:16.100Z,0,64.8,10.06667,34.6,60.8,25.8997,0,1,0,1,101
8782,2026-06-13T04:41:16.095Z,0,64.8,10.06667,34.6,60.8,25.8997,0,1,0,1,101
8783,2026-06-13T04:43:16.090Z,0,64.8,10.06667,34.6,60.8,25.8997,0,1,0,1,101
8784,2026-06-13T04:45:16.085Z,0,64.8,10.06667,34.6,60.8,25.8997,0,1,0,1,101
8785,2026-06-13T04:47:16.080Z,0,64.8,10.06667,34.6,60.8,25.8997,0,1,0,1,101
8786,2026-06-13T04:49:16.075Z,0,64.8,10.06667,34.6,60.8,25.8997,0,1,0,1,101
8787,2026-06-13T04:51:16.070Z,0,64.8,10.06667,34.6,60.8,25.8997,0,1,0,1,101
8788,2026-06-13T04:53:16.065Z,0,64.8,10.06667,34.6,60.8,25.8997,0,1,0,1,101
8789,2026-06-13T04:55:16.060Z,0,64.8,10.06667,34.6,60.8,25.8997,0,1,0,1,101
8790,2026-06-13T04:57:16.055Z,0,64.8,10.06667,34.6,60.8,25.8997,0,1,0,1,101
8791,2026-06-13T04:59:16.050Z,0,64.8,10.06667,34.6,60.8,25.8997,0,1,0,1,101
8792,2026-06-13T05:01:16.045Z,0,64.8,10.06667,34.6,60.8,25.8997,0,1,0,1,101
8793,2026-06-13T05:03:16.040Z,0,64.8,10.06667,34.6,60.8,25.8997,0,1,0,1,101
8794,2026-06-13T05:05:16.035Z,0,64.8,10.06667,34.6,60.8,25.8997,0,1,0,1,101
8795,2026-06-13T05:07:16.030Z,0,64.8,10.06667,34.6,60.8,25.8997,0,1,0,1,101
8796,2026-06-13T05:09:16.025Z,0,64.2,8.666667,34.6,60.1,25.70383,0,1,0,1,101
8797,2026-06-13T05:11:16.020Z,0,64.2,8.666667,34.6,60.1,25.70383,0,1,0,1,101
8798,2026-06-13T05:13:16.015Z,0,64.2,8.666667,34.6,60.1,25.70383,0,1,0,1,101
8799,2026-06-13T05:15:16.010Z,0,64.2,8.666667,34.6,60.1,25.70383,0,1,0,1,101
8800,2026-06-13T05:17:16.005Z,0,64.2,8.666667,34.6,60.1,25.70383,0,1,0,1,101
8801,2026-06-13T05:19:16.000Z,0,64.2,8.666667,34.6,60.1,25.70383,0,1,0,1,101
8802,2026-06-13T05:21:15.995Z,0,64.2,8.666667,34.6,60.1,25.70383,0,1,0,1,101
8803,2026-06-13T05:23:15.990Z,0,64.2,8.666667,34.6,60.1,25.70383,0,1,0,1,101
8804,2026-06-13T05:25:15.985Z,0,64.2,8.666667,34.6,60.1,25.70383,0,1,0,1,101
8805,2026-06-13T05:27:15.980Z,0,64.2,8.666667,34.6,60.1,25.70383,0,1,0,1,101
8806,2026-06-13T05:29:15.975Z,0,64.2,8.666667,34.6,60.1,25.70383,0,1,0,1,101
8807,2026-06-13T05:31:15.970Z,0,64.2,8.666667,34.6,60.1,25.70383,0,1,0,1,101
8808,2026-06-13T05:33:15.965Z,0,64.2,8.666667,34.6,60.1,25.70383,0,1,0,1,101
8809,2026-06-13T05:35:15.960Z,0,64.2,8.666667,34.6,60.1,25.70383,0,1,0,1,101
8810,2026-06-13T05:37:15.955Z,0,64.2,8.666667,34.6,60.1,25.70383,0,1,0,1,101
8811,2026-06-13T05:39:15.950Z,0,64.2,8.666667,34.6,60.1,25.70383,0,1,0,1,101
8812,2026-06-13T05:41:15.945Z,0,64.2,8.666667,34.6,60.1,25.70383,0,1,0,1,101
8813,2026-06-13T05:43:15.940Z,0,64.2,8.666667,34.6,60.1,25.70383,0,1,0,1,101
8814,2026-06-13T05:45:15.935Z,0,64.2,8.666667,34.6,60.1,25.70383,0,1,0,1,101
8815,2026-06-13T05:47:15.930Z,0,64.2,8.666667,34.6,60.1,25.70383,0,1,0,1,101
8816,2026-06-13T05:49:15.925Z,0,64.2,8.666667,34.6,60.1,25.70383,0,1,0,1,101
8817,2026-06-13T05:51:15.920Z,0,64.2,8.666667,34.6,60.1,25.70383,0,1,0,1,101
8818,2026-06-13T05:53:15.915Z,0,64.2,8.666667,34.6,60.1,25.70383,0,1,0,1,101
8819,2026-06-13T05:55:15.910Z,0,64.2,8.666667,34.6,60.1,25.70383,0,1,0,1,101
8820,2026-06-13T05:57:15.905Z,0,64.2,8.666667,34.6,60.1,25.70383,0,1,0,1,101
8821,2026-06-13T05:59:15.900Z,0,64.2,8.666667,34.6,60.1,25.70383,0,1,0,1,101
8822,2026-06-13T06:01:15.895Z,0,64.2,8.666667,34.6,60.1,25.70383,0,1,0,1,101
8823,2026-06-13T06:03:15.890Z,0,64.2,8.666667,34.6,60.1,25.70383,0,1,0,1,101
8824,2026-06-13T06:05:15.885Z,0,67.13333,9.533334,34.7,59.5,25.62782,0,1,0,1,101
8825,2026-06-13T06:07:15.880Z,0,67.13333,9.533334,34.7,59.5,25.62782,0,1,0,1,101
8826,2026-06-13T06:09:15.875Z,0,67.13333,9.533334,34.7,59.5,25.62782,0,1,0,1,101
8827,2026-06-13T06:11:15.870Z,0,67.13333,9.533334,34.7,59.5,25.62782,0,1,0,1,101
8828,2026-06-13T06:13:15.865Z,0,67.13333,9.533334,34.7,59.5,25.62782,0,1,0,1,101
8829,2026-06-13T06:15:15.860Z,0,67.13333,9.533334,34.7,59.5,25.62782,0,1,0,1,101
8830,2026-06-13T06:17:15.855Z,0,67.13333,9.533334,34.7,59.5,25.62782,0,1,0,1,101
8831,2026-06-13T06:19:15.850Z,0,67.13333,9.533334,34.7,59.5,25.62782,0,1,0,1,101
8832,2026-06-13T06:21:15.845Z,0,67.13333,9.533334,34.7,59.5,25.62782,0,1,0,1,101
8833,2026-06-13T06:23:15.840Z,0,67.13333,9.533334,34.7,59.5,25.62782,0,1,0,1,101
8834,2026-06-13T06:25:15.835Z,0,67.13333,9.533334,34.7,59.5,25.62782,0,1,0,1,101
8835,2026-06-13T06:27:15.830Z,0,67.13333,9.533334,34.7,59.5,25.62782,0,1,0,1,101
8836,2026-06-13T06:29:15.825Z,0,67.13333,9.533334,34.7,59.5,25.62782,0,1,0,1,101
8837,2026-06-13T06:31:15.820Z,0,67.13333,9.533334,34.7,59.5,25.62782,0,1,0,1,101
8838,2026-06-13T06:33:15.815Z,0,67.13333,9.533334,34.7,59.5,25.62782,0,1,0,1,101
8839,2026-06-13T06:35:15.810Z,0,67.13333,9.533334,34.7,59.5,25.62782,0,1,0,1,101
8840,2026-06-13T06:37:15.805Z,0,67.13333,9.533334,34.7,59.5,25.62782,0,1,0,1,101
8841,2026-06-13T06:39:15.800Z,0,67.13333,9.533334,34.7,59.5,25.62782,0,1,0,1,101
8842,2026-06-13T06:41:15.795Z,0,67.13333,9.533334,34.7,59.5,25.62782,0,1,0,1,101
8843,2026-06-13T06:43:15.790Z,0,67.13333,9.533334,34.7,59.5,25.62782,0,1,0,1,101
8844,2026-06-13T06:45:15.785Z,0,67.13333,9.533334,34.7,59.5,25.62782,0,1,0,1,101
8845,2026-06-13T06:47:15.780Z,0,67.13333,9.533334,34.7,59.5,25.62782,0,1,0,1,101
8846,2026-06-13T06:49:15.775Z,0,67.13333,9.533334,34.7,59.5,25.62782,0,1,0,1,101
8847,2026-06-13T06:51:15.770Z,0,67.13333,9.533334,34.7,59.5,25.62782,0,1,0,1,101
8848,2026-06-13T06:53:15.765Z,0,67.13333,9.533334,34.7,59.5,25.62782,0,1,0,1,101
8849,2026-06-13T06:55:15.760Z,0,67.13333,9.533334,34.7,59.5,25.62782,0,1,0,1,101
8850,2026-06-13T06:57:15.755Z,0,67.13333,9.533334,34.7,59.5,25.62782,0,1,0,1,101
8851,2026-06-13T06:59:15.750Z,0,67.13333,9.533334,34.7,59.5,25.62782,0,1,0,1,101
8852,2026-06-13T07:01:15.745Z,0,67.13333,9.533334,34.7,59.5,25.62782,0,1,0,1,101
8853,2026-06-13T07:03:15.740Z,0,65.6,8.933333,34.7,58.8,25.42806,0,1,0,1,101
8854,2026-06-13T07:05:15.735Z,0,65.6,8.933333,34.7,58.8,25.42806,0,1,0,1,101
8855,2026-06-13T07:07:15.730Z,0,65.6,8.933333,34.7,58.8,25.42806,0,1,0,1,101
8856,2026-06-13T07:09:15.725Z,0,65.6,8.933333,34.7,58.8,25.42806,0,1,0,1,101
8857,2026-06-13T07:11:15.720Z,0,65.6,8.933333,34.7,58.8,25.42806,0,1,0,1,101
8858,2026-06-13T07:13:15.715Z,0,65.6,8.933333,34.7,58.8,25.42806,0,1,0,1,101
8859,2026-06-13T07:15:15.710Z,0,65.6,8.933333,34.7,58.8,25.42806,0,1,0,1,101
8860,2026-06-13T07:17:15.705Z,0,65.6,8.933333,34.7,58.8,25.42806,0,1,0,1,101
8861,2026-06-13T07:19:15.700Z,0,65.6,8.933333,34.7,58.8,25.42806,0,1,0,1,101
8862,2026-06-13T07:21:15.695Z,0,65.6,8.933333,34.7,58.8,25.42806,0,1,0,1,101
8863,2026-06-13T07:23:15.690Z,0,65.6,8.933333,34.7,58.8,25.42806,0,1,0,1,101
8864,2026-06-13T07:25:15.685Z,0,65.6,8.933333,34.7,58.8,25.42806,0,1,0,1,101
8865,2026-06-13T07:27:15.680Z,0,65.6,8.933333,34.7,58.8,25.42806,0,1,0,1,101
8866,2026-06-13T07:29:15.675Z,0,65.6,8.933333,34.7,58.8,25.42806,0,1,0,1,101
8867,2026-06-13T07:31:15.670Z,0,65.6,8.933333,34.7,58.8,25.42806,0,1,0,1,101
8868,2026-06-13T07:33:15.665Z,0,65.6,8.933333,34.7,58.8,25.42806,0,1,0,1,101
8869,2026-06-13T07:35:15.660Z,0,65.6,8.933333,34.7,58.8,25.42806,0,1,0,1,101
8870,2026-06-13T07:37:15.655Z,0,65.6,8.933333,34.7,58.8,25.42806,0,1,0,1,101
8871,2026-06-13T07:39:15.650Z,0,65.6,8.933333,34.7,58.8,25.42806,0,1,0,1,101
8872,2026-06-13T07:41:15.645Z,0,65.6,8.933333,34.7,58.8,25.42806,0,1,0,1,101
8873,2026-06-13T07:43:15.640Z,0,65.6,8.933333,34.7,58.8,25.42806,0,1,0,1,101
8874,2026-06-13T07:45:15.635Z,0,65.6,8.933333,34.7,58.8,25.42806,0,1,0,1,101
8875,2026-06-13T07:47:15.630Z,0,65.6,8.933333,34.7,58.8,25.42806,0,1,0,1,101
8876,2026-06-13T07:49:15.625Z,0,65.6,8.933333,34.7,58.8,25.42806,0,1,0,1,101
8877,2026-06-13T07:51:15.620Z,0,65.6,8.933333,34.7,58.8,25.42806,0,1,0,1,101
8878,2026-06-13T07:53:15.615Z,0,65.6,8.933333,34.7,58.8,25.42806,0,1,0,1,101
8879,2026-06-13T07:55:15.610Z,0,65.6,8.933333,34.7,58.8,25.42806,0,1,0,1,101
8880,2026-06-13T07:57:15.605Z,0,65.6,8.933333,34.7,58.8,25.42806,0,1,0,1,101
8881,2026-06-13T07:59:15.600Z,0,65.6,8.933333,34.7,58.8,25.42806,0,1,0,1,101
8882,2026-06-13T08:01:15.595Z,0,64.2,8.4,34.7,58.9,25.45673,0,1,0,1,101
8883,2026-06-13T08:03:15.590Z,0,64.2,8.4,34.7,58.9,25.45673,0,1,0,1,101
8884,2026-06-13T08:05:15.585Z,0,64.2,8.4,34.7,58.9,25.45673,0,1,0,1,101
8885,2026-06-13T08:07:15.580Z,0,64.2,8.4,34.7,58.9,25.45673,0,1,0,1,101
8886,2026-06-13T08:09:15.575Z,0,64.2,8.4,34.7,58.9,25.45673,0,1,0,1,101
8887,2026-06-13T08:11:15.570Z,0,64.2,8.4,34.7,58.9,25.45673,0,1,0,1,101
8888,2026-06-13T08:13:15.565Z,0,64.2,8.4,34.7,58.9,25.45673,0,1,0,1,101
8889,2026-06-13T08:15:15.560Z,0,64.2,8.4,34.7,58.9,25.45673,0,1,0,1,101
8890,2026-06-13T08:17:15.555Z,0,64.2,8.4,34.7,58.9,25.45673,0,1,0,1,101
8891,2026-06-13T08:19:15.550Z,0,64.2,8.4,34.7,58.9,25.45673,0,1,0,1,101
8892,2026-06-13T08:21:15.545Z,0,64.2,8.4,34.7,58.9,25.45673,0,1,0,1,101
8893,2026-06-13T08:23:15.540Z,0,64.2,8.4,34.7,58.9,25.45673,0,1,0,1,101
8894,2026-06-13T08:25:15.535Z,0,64.2,8.4,34.7,58.9,25.45673,0,1,0,1,101
8895,2026-06-13T08:27:15.530Z,0,64.2,8.4,34.7,58.9,25.45673,0,1,0,1,101
8896,2026-06-13T08:29:15.525Z,0,64.2,8.4,34.7,58.9,25.45673,0,1,0,1,101
8897,2026-06-13T08:31:15.520Z,0,64.2,8.4,34.7,58.9,25.45673,0,1,0,1,101
8898,2026-06-13T08:33:15.515Z,0,64.2,8.4,34.7,58.9,25.45673,0,1,0,1,101
8899,2026-06-13T08:35:15.510Z,0,64.2,8.4,34.7,58.9,25.45673,0,1,0,1,101
8900,2026-06-13T08:37:15.505Z,0,64.2,8.4,34.7,58.9,25.45673,0,1,0,1,101
8901,2026-06-13T08:39:15.500Z,0,64.2,8.4,34.7,58.9,25.45673,0,1,0,1,101
8902,2026-06-13T08:41:15.495Z,0,64.2,8.4,34.7,58.9,25.45673,0,1,0,1,101
8903,2026-06-13T08:43:15.490Z,0,64.2,8.4,34.7,58.9,25.45673,0,1,0,1,101
8904,2026-06-13T08:45:15.485Z,0,64.2,8.4,34.7,58.9,25.45673,0,1,0,1,101
8905,2026-06-13T08:47:15.480Z,0,64.2,8.4,34.7,58.9,25.45673,0,1,0,1,101
8906,2026-06-13T08:49:15.475Z,0,64.2,8.4,34.7,58.9,25.45673,0,1,0,1,101
8907,2026-06-13T08:51:15.470Z,0,64.2,8.4,34.7,58.9,25.45673,0,1,0,1,101
8908,2026-06-13T08:53:15.465Z,0,64.2,8.4,34.7,58.9,25.45673,0,1,0,1,101
8909,2026-06-13T08:55:15.460Z,0,64.2,8.4,34.7,58.9,25.45673,0,1,0,1,101
8910,2026-06-13T08:57:15.455Z,0,65.8,9.2,34.8,59.6,25.74966,0,1,0,1,101
8911,2026-06-13T08:59:15.450Z,0,65.8,9.2,34.8,59.6,25.74966,0,1,0,1,101
8912,2026-06-13T09:01:15.445Z,0,65.8,9.2,34.8,59.6,25.74966,0,1,0,1,101
8913,2026-06-13T09:03:15.440Z,0,65.8,9.2,34.8,59.6,25.74966,0,1,0,1,101
8914,2026-06-13T09:05:15.435Z,0,65.8,9.2,34.8,59.6,25.74966,0,1,0,1,101
8915,2026-06-13T09:07:15.430Z,0,65.8,9.2,34.8,59.6,25.74966,0,1,0,1,101
8916,2026-06-13T09:09:15.425Z,0,65.8,9.2,34.8,59.6,25.74966,0,1,0,1,101
8917,2026-06-13T09:11:15.420Z,0,65.8,9.2,34.8,59.6,25.74966,0,1,0,1,101
8918,2026-06-13T09:13:15.415Z,0,65.8,9.2,34.8,59.6,25.74966,0,1,0,1,101
8919,2026-06-13T09:15:15.410Z,0,65.8,9.2,34.8,59.6,25.74966,0,1,0,1,101
8920,2026-06-13T09:17:15.405Z,0,65.8,9.2,34.8,59.6,25.74966,0,1,0,1,101
8921,2026-06-13T09:19:15.400Z,0,65.8,9.2,34.8,59.6,25.74966,0,1,0,1,101
8922,2026-06-13T09:21:15.395Z,0,65.8,9.2,34.8,59.6,25.74966,0,1,0,1,101
8923,2026-06-13T09:23:15.390Z,0,65.8,9.2,34.8,59.6,25.74966,0,1,0,1,101
8924,2026-06-13T09:25:15.385Z,0,65.8,9.2,34.8,59.6,25.74966,0,1,0,1,101
8925,2026-06-13T09:27:15.380Z,0,65.8,9.2,34.8,59.6,25.74966,0,1,0,1,101
8926,2026-06-13T09:29:15.375Z,0,65.8,9.2,34.8,59.6,25.74966,0,1,0,1,101
8927,2026-06-13T09:31:15.370Z,0,65.8,9.2,34.8,59.6,25.74966,0,1,0,1,101
8928,2026-06-13T09:33:15.365Z,0,65.8,9.2,34.8,59.6,25.74966,0,1,0,1,101
8929,2026-06-13T09:35:15.360Z,0,65.8,9.2,34.8,59.6,25.74966,0,1,0,1,101
8930,2026-06-13T09:37:15.355Z,0,65.8,9.2,34.8,59.6,25.74966,0,1,0,1,101
8931,2026-06-13T09:39:15.350Z,0,65.8,9.2,34.8,59.6,25.74966,0,1,0,1,101
8932,2026-06-13T09:41:15.345Z,0,65.8,9.2,34.8,59.6,25.74966,0,1,0,1,101
8933,2026-06-13T09:43:15.340Z,0,65.8,9.2,34.8,59.6,25.74966,0,1,0,1,101
8934,2026-06-13T09:45:15.335Z,0,65.8,9.2,34.8,59.6,25.74966,0,1,0,1,101
8935,2026-06-13T09:47:15.330Z,0,65.8,9.2,34.8,59.6,25.74966,0,1,0,1,101
8936,2026-06-13T09:49:15.325Z,0,65.8,9.2,34.8,59.6,25.74966,0,1,0,1,101
8937,2026-06-13T09:51:15.320Z,0,65.8,9.2,34.8,59.6,25.74966,0,1,0,1,101
8938,2026-06-13T09:53:15.315Z,0,65.8,9.2,34.8,59.6,25.74966,0,1,0,1,101
8939,2026-06-13T09:55:15.310Z,0,65.4,9.066667,34.8,60.1,25.89098,0,1,0,1,101
8940,2026-06-13T09:57:15.305Z,0,65.4,9.066667,34.8,60.1,25.89098,0,1,0,1,101
8941,2026-06-13T09:59:15.300Z,0,65.4,9.066667,34.8,60.1,25.89098,0,1,0,1,101
8942,2026-06-13T10:01:15.295Z,0,65.4,9.066667,34.8,60.1,25.89098,0,1,0,1,101
8943,2026-06-13T10:03:15.290Z,0,65.4,9.066667,34.8,60.1,25.89098,0,1,0,1,101
8944,2026-06-13T10:05:15.285Z,0,65.4,9.066667,34.8,60.1,25.89098,0,1,0,1,101
8945,2026-06-13T10:07:15.280Z,0,65.4,9.066667,34.8,60.1,25.89098,0,1,0,1,101
8946,2026-06-13T10:09:15.275Z,0,65.4,9.066667,34.8,60.1,25.89098,0,1,0,1,101
8947,2026-06-13T10:11:15.270Z,0,65.4,9.066667,34.8,60.1,25.89098,0,1,0,1,101
8948,2026-06-13T10:13:15.265Z,0,65.4,9.066667,34.8,60.1,25.89098,0,1,0,1,101
8949,2026-06-13T10:15:15.260Z,0,65.4,9.066667,34.8,60.1,25.89098,0,1,0,1,101
8950,2026-06-13T10:17:15.255Z,0,65.4,9.066667,34.8,60.1,25.89098,0,1,0,1,101
8951,2026-06-13T10:19:15.250Z,0,65.4,9.066667,34.8,60.1,25.89098,0,1,0,1,101
8952,2026-06-13T10:21:15.245Z,0,65.4,9.066667,34.8,60.1,25.89098,0,1,0,1,101
8953,2026-06-13T10:23:15.240Z,0,65.4,9.066667,34.8,60.1,25.89098,0,1,0,1,101
8954,2026-06-13T10:25:15.235Z,0,65.4,9.066667,34.8,60.1,25.89098,0,1,0,1,101
8955,2026-06-13T10:27:15.230Z,0,65.4,9.066667,34.8,60.1,25.89098,0,1,0,1,101
8956,2026-06-13T10:29:15.225Z,0,65.4,9.066667,34.8,60.1,25.89098,0,1,0,1,101
8957,2026-06-13T10:31:15.220Z,0,65.4,9.066667,34.8,60.1,25.89098,0,1,0,1,101
8958,2026-06-13T10:33:15.215Z,0,65.4,9.066667,34.8,60.1,25.89098,0,1,0,1,101
8959,2026-06-13T10:35:15.210Z,0,65.4,9.066667,34.8,60.1,25.89098,0,1,0,1,101
8960,2026-06-13T10:37:15.205Z,0,65.4,9.066667,34.8,60.1,25.89098,0,1,0,1,101
8961,2026-06-13T10:39:15.200Z,0,65.4,9.066667,34.8,60.1,25.89098,0,1,0,1,101
8962,2026-06-13T10:41:15.195Z,0,65.4,9.066667,34.8,60.1,25.89098,0,1,0,1,101
8963,2026-06-13T10:43:15.190Z,0,65.4,9.066667,34.8,60.1,25.89098,0,1,0,1,101
8964,2026-06-13T10:45:15.185Z,0,65.4,9.066667,34.8,60.1,25.89098,0,1,0,1,101
8965,2026-06-13T10:47:15.180Z,0,65.4,9.066667,34.8,60.1,25.89098,0,1,0,1,101
8966,2026-06-13T10:49:15.175Z,0,65.4,9.066667,34.8,60.1,25.89098,0,1,0,1,101
8967,2026-06-13T10:51:15.170Z,0,65.4,9.066667,34.8,60.1,25.89098,0,1,0,1,101
8968,2026-06-13T10:53:15.165Z,0,66.26667,9.066667,34.9,60.6,26.12494,0,1,0,1,101
8969,2026-06-13T10:55:15.160Z,0,66.26667,9.066667,34.9,60.6,26.12494,0,1,0,1,101
8970,2026-06-13T10:57:15.155Z,0,66.26667,9.066667,34.9,60.6,26.12494,0,1,0,1,101
8971,2026-06-13T10:59:15.150Z,0,66.26667,9.066667,34.9,60.6,26.12494,0,1,0,1,101
8972,2026-06-13T11:01:15.145Z,0,66.26667,9.066667,34.9,60.6,26.12494,0,1,0,1,101
8973,2026-06-13T11:03:15.140Z,0,66.26667,9.066667,34.9,60.6,26.12494,0,1,0,1,101
8974,2026-06-13T11:05:15.135Z,0,66.26667,9.066667,34.9,60.6,26.12494,0,1,0,1,101
8975,2026-06-13T11:07:15.130Z,0,66.26667,9.066667,34.9,60.6,26.12494,0,1,0,1,101
8976,2026-06-13T11:09:15.125Z,0,66.26667,9.066667,34.9,60.6,26.12494,0,1,0,1,101
8977,2026-06-13T11:11:15.120Z,0,66.26667,9.066667,34.9,60.6,26.12494,0,1,0,1,101
8978,2026-06-13T11:13:15.115Z,0,66.26667,9.066667,34.9,60.6,26.12494,0,1,0,1,101
8979,2026-06-13T11:15:15.110Z,0,66.26667,9.066667,34.9,60.6,26.12494,0,1,0,1,101
8980,2026-06-13T11:17:15.105Z,0,66.26667,9.066667,34.9,60.6,26.12494,0,1,0,1,101
8981,2026-06-13T11:19:15.100Z,0,66.26667,9.066667,34.9,60.6,26.12494,0,1,0,1,101
8982,2026-06-13T11:21:15.095Z,0,66.26667,9.066667,34.9,60.6,26.12494,0,1,0,1,101
8983,2026-06-13T11:23:15.090Z,0,66.26667,9.066667,34.9,60.6,26.12494,0,1,0,1,101
8984,2026-06-13T11:25:15.085Z,0,66.26667,9.066667,34.9,60.6,26.12494,0,1,0,1,101
8985,2026-06-13T11:27:15.080Z,0,66.26667,9.066667,34.9,60.6,26.12494,0,1,0,1,101
8986,2026-06-13T11:29:15.075Z,0,66.26667,9.066667,34.9,60.6,26.12494,0,1,0,1,101
8987,2026-06-13T11:31:15.070Z,0,66.26667,9.066667,34.9,60.6,26.12494,0,1,0,1,101
8988,2026-06-13T11:33:15.065Z,0,66.26667,9.066667,34.9,60.6,26.12494,0,1,0,1,101
8989,2026-06-13T11:35:15.060Z,0,66.26667,9.066667,34.9,60.6,26.12494,0,1,0,1,101
8990,2026-06-13T11:37:15.055Z,0,66.26667,9.066667,34.9,60.6,26.12494,0,1,0,1,101
8991,2026-06-13T11:39:15.050Z,0,66.26667,9.066667,34.9,60.6,26.12494,0,1,0,1,101
8992,2026-06-13T11:41:15.045Z,0,66.26667,9.066667,34.9,60.6,26.12494,0,1,0,1,101
8993,2026-06-13T11:43:15.040Z,0,66.26667,9.066667,34.9,60.6,26.12494,0,1,0,1,101
8994,2026-06-13T11:45:15.035Z,0,66.26667,9.066667,34.9,60.6,26.12494,0,1,0,1,101
8995,2026-06-13T11:47:15.030Z,0,66.26667,9.066667,34.9,60.6,26.12494,0,1,0,1,101
8996,2026-06-13T11:49:15.025Z,0,64.86667,9.066667,35,60.2,26.10629,0,1,0,1,101
8997,2026-06-13T11:51:15.020Z,0,64.86667,9.066667,35,60.2,26.10629,0,1,0,1,101
8998,2026-06-13T11:53:15.015Z,0,64.86667,9.066667,35,60.2,26.10629,0,1,0,1,101
8999,2026-06-13T11:55:15.010Z,0,64.86667,9.066667,35,60.2,26.10629,0,1,0,1,101
9000,2026-06-13T11:57:15.005Z,0,64.86667,9.066667,35,60.2,26.10629,0,1,0,1,101
9001,2026-06-13T11:59:15.000Z,0,64.86667,9.066667,35,60.2,26.10629,0,1,0,1,101
9002,2026-06-13T12:01:14.995Z,0,64.86667,9.066667,35,60.2,26.10629,0,1,0,1,101
9003,2026-06-13T12:03:14.990Z,0,64.86667,9.066667,35,60.2,26.10629,0,1,0,1,101
9004,2026-06-13T12:05:14.985Z,0,64.86667,9.066667,35,60.2,26.10629,0,1,0,1,101
9005,2026-06-13T12:07:14.980Z,0,64.86667,9.066667,35,60.2,26.10629,0,1,0,1,101
9006,2026-06-13T12:09:14.975Z,0,64.86667,9.066667,35,60.2,26.10629,0,1,0,1,101
9007,2026-06-13T12:11:14.970Z,0,64.86667,9.066667,35,60.2,26.10629,0,1,0,1,101
9008,2026-06-13T12:13:14.965Z,0,64.86667,9.066667,35,60.2,26.10629,0,1,0,1,101
9009,2026-06-13T12:15:14.960Z,0,64.86667,9.066667,35,60.2,26.10629,0,1,0,1,101
9010,2026-06-13T12:17:14.955Z,0,64.86667,9.066667,35,60.2,26.10629,0,1,0,1,101
9011,2026-06-13T12:19:14.950Z,0,64.86667,9.066667,35,60.2,26.10629,0,1,0,1,101
9012,2026-06-13T12:21:14.945Z,0,64.86667,9.066667,35,60.2,26.10629,0,1,0,1,101
9013,2026-06-13T12:23:14.940Z,0,64.86667,9.066667,35,60.2,26.10629,0,1,0,1,101
9014,2026-06-13T12:25:14.935Z,0,64.86667,9.066667,35,60.2,26.10629,0,1,0,1,101
9015,2026-06-13T12:27:14.930Z,0,64.86667,9.066667,35,60.2,26.10629,0,1,0,1,101
9016,2026-06-13T12:29:14.925Z,0,64.86667,9.066667,35,60.2,26.10629,0,1,0,1,101
9017,2026-06-13T12:31:14.920Z,0,64.86667,9.066667,35,60.2,26.10629,0,1,0,1,101
9018,2026-06-13T12:33:14.915Z,0,64.86667,9.066667,35,60.2,26.10629,0,1,0,1,101
9019,2026-06-13T12:35:14.910Z,0,64.86667,9.066667,35,60.2,26.10629,0,1,0,1,101
9020,2026-06-13T12:37:14.905Z,0,64.86667,9.066667,35,60.2,26.10629,0,1,0,1,101
9021,2026-06-13T12:39:14.900Z,0,64.86667,9.066667,35,60.2,26.10629,0,1,0,1,101
9022,2026-06-13T12:41:14.895Z,0,64.86667,9.066667,35,60.2,26.10629,0,1,0,1,101
9023,2026-06-13T12:43:14.890Z,0,64.86667,9.066667,35,60.2,26.10629,0,1,0,1,101
9024,2026-06-13T12:45:14.885Z,0,64.86667,9.066667,35,60.2,26.10629,0,1,0,1,101
9025,2026-06-13T12:47:14.880Z,0,64.8,8.8,35,59.5,25.90815,0,1,0,1,101
9026,2026-06-13T12:49:14.875Z,0,64.8,8.8,35,59.5,25.90815,0,1,0,1,101
9027,2026-06-13T12:51:14.870Z,0,64.8,8.8,35,59.5,25.90815,0,1,0,1,101
9028,2026-06-13T12:53:14.865Z,0,64.8,8.8,35,59.5,25.90815,0,1,0,1,101
9029,2026-06-13T12:55:14.860Z,0,64.8,8.8,35,59.5,25.90815,0,1,0,1,101
9030,2026-06-13T12:57:14.855Z,0,64.8,8.8,35,59.5,25.90815,0,1,0,1,101
9031,2026-06-13T12:59:14.850Z,0,64.8,8.8,35,59.5,25.90815,0,1,0,1,101
9032,2026-06-13T13:01:14.845Z,0,64.8,8.8,35,59.5,25.90815,0,1,0,1,101
9033,2026-06-13T13:03:14.840Z,0,64.8,8.8,35,59.5,25.90815,0,1,0,1,101
9034,2026-06-13T13:05:14.835Z,0,64.8,8.8,35,59.5,25.90815,0,1,0,1,101
9035,2026-06-13T13:07:14.830Z,0,64.8,8.8,35,59.5,25.90815,0,1,0,1,101
9036,2026-06-13T13:09:14.825Z,0,64.8,8.8,35,59.5,25.90815,0,1,0,1,101
9037,2026-06-13T13:11:14.820Z,0,64.8,8.8,35,59.5,25.90815,0,1,0,1,101
9038,2026-06-13T13:13:14.815Z,0,64.8,8.8,35,59.5,25.90815,0,1,0,1,101
9039,2026-06-13T13:15:14.810Z,0,64.8,8.8,35,59.5,25.90815,0,1,0,1,101
9040,2026-06-13T13:17:14.805Z,0,64.8,8.8,35,59.5,25.90815,0,1,0,1,101
9041,2026-06-13T13:19:14.800Z,0,64.8,8.8,35,59.5,25.90815,0,1,0,1,101
9042,2026-06-13T13:21:14.795Z,0,64.8,8.8,35,59.5,25.90815,0,1,0,1,101
9043,2026-06-13T13:23:14.790Z,0,64.8,8.8,35,59.5,25.90815,0,1,0,1,101
9044,2026-06-13T13:25:14.785Z,0,64.8,8.8,35,59.5,25.90815,0,1,0,1,101
9045,2026-06-13T13:27:14.780Z,0,64.8,8.8,35,59.5,25.90815,0,1,0,1,101
9046,2026-06-13T13:29:14.775Z,0,64.8,8.8,35,59.5,25.90815,0,1,0,1,101
9047,2026-06-13T13:31:14.770Z,0,64.8,8.8,35,59.5,25.90815,0,1,0,1,101
9048,2026-06-13T13:33:14.765Z,0,64.8,8.8,35,59.5,25.90815,0,1,0,1,101
9049,2026-06-13T13:35:14.760Z,0,64.8,8.8,35,59.5,25.90815,0,1,0,1,101
9050,2026-06-13T13:37:14.755Z,0,64.8,8.8,35,59.5,25.90815,0,1,0,1,101
9051,2026-06-13T13:39:14.750Z,0,64.8,8.8,35,59.5,25.90815,0,1,0,1,101
9052,2026-06-13T13:41:14.745Z,0,64.8,8.8,35,59.5,25.90815,0,1,0,1,101
9053,2026-06-13T13:43:14.740Z,0,64.8,8.8,35,59.5,25.90815,0,1,0,1,101
9054,2026-06-13T13:45:14.735Z,0,65.8,8.266666,35.1,59.6,26.03005,0,1,0,1,101
9055,2026-06-13T13:47:14.730Z,0,65.8,8.266666,35.1,59.6,26.03005,0,1,0,1,101
9056,2026-06-13T13:49:14.725Z,0,65.8,8.266666,35.1,59.6,26.03005,0,1,0,1,101
9057,2026-06-13T13:51:14.720Z,0,65.8,8.266666,35.1,59.6,26.03005,0,1,0,1,101
9058,2026-06-13T13:53:14.715Z,0,65.8,8.266666,35.1,59.6,26.03005,0,1,0,1,101
9059,2026-06-13T13:55:14.710Z,0,65.8,8.266666,35.1,59.6,26.03005,0,1,0,1,101
9060,2026-06-13T13:57:14.705Z,0,65.8,8.266666,35.1,59.6,26.03005,0,1,0,1,101
9061,2026-06-13T13:59:14.700Z,0,65.8,8.266666,35.1,59.6,26.03005,0,1,0,1,101
9062,2026-06-13T14:01:14.695Z,0,65.8,8.266666,35.1,59.6,26.03005,0,1,0,1,101
9063,2026-06-13T14:03:14.690Z,0,65.8,8.266666,35.1,59.6,26.03005,0,1,0,1,101
9064,2026-06-13T14:05:14.685Z,0,65.8,8.266666,35.1,59.6,26.03005,0,1,0,1,101
9065,2026-06-13T14:07:14.680Z,0,65.8,8.266666,35.1,59.6,26.03005,0,1,0,1,101
9066,2026-06-13T14:09:14.675Z,0,65.8,8.266666,35.1,59.6,26.03005,0,1,0,1,101
9067,2026-06-13T14:11:14.670Z,0,65.8,8.266666,35.1,59.6,26.03005,0,1,0,1,101
9068,2026-06-13T14:13:14.665Z,0,65.8,8.266666,35.1,59.6,26.03005,0,1,0,1,101
9069,2026-06-13T14:15:14.660Z,0,65.8,8.266666,35.1,59.6,26.03005,0,1,0,1,101
9070,2026-06-13T14:17:14.655Z,0,65.8,8.266666,35.1,59.6,26.03005,0,1,0,1,101
9071,2026-06-13T14:19:14.650Z,0,65.8,8.266666,35.1,59.6,26.03005,0,1,0,1,101
9072,2026-06-13T14:21:14.645Z,0,65.8,8.266666,35.1,59.6,26.03005,0,1,0,1,101
9073,2026-06-13T14:23:14.640Z,0,65.8,8.266666,35.1,59.6,26.03005,0,1,0,1,101
9074,2026-06-13T14:25:14.635Z,0,65.8,8.266666,35.1,59.6,26.03005,0,1,0,1,101
9075,2026-06-13T14:27:14.630Z,0,65.8,8.266666,35.1,59.6,26.03005,0,1,0,1,101
9076,2026-06-13T14:29:14.625Z,0,65.8,8.266666,35.1,59.6,26.03005,0,1,0,1,101
9077,2026-06-13T14:31:14.620Z,0,65.8,8.266666,35.1,59.6,26.03005,0,1,0,1,101
9078,2026-06-13T14:33:14.615Z,0,65.8,8.266666,35.1,59.6,26.03005,0,1,0,1,101
9079,2026-06-13T14:35:14.610Z,0,65.8,8.266666,35.1,59.6,26.03005,0,1,0,1,101
9080,2026-06-13T14:37:14.605Z,0,65.8,8.266666,35.1,59.6,26.03005,0,1,0,1,101
9081,2026-06-13T14:39:14.600Z,0,65.8,8.266666,35.1,59.6,26.03005,0,1,0,1,101
9082,2026-06-13T14:41:14.595Z,0,65.6,9,35.2,58.7,25.86577,0,1,0,1,101
9083,2026-06-13T14:43:14.590Z,0,65.6,9,35.2,58.7,25.86577,0,1,0,1,101
9084,2026-06-13T14:45:14.585Z,0,65.6,9,35.2,58.7,25.86577,0,1,0,1,101
9085,2026-06-13T14:47:14.580Z,0,65.6,9,35.2,58.7,25.86577,0,1,0,1,101
9086,2026-06-13T14:49:14.575Z,0,65.6,9,35.2,58.7,25.86577,0,1,0,1,101
9087,2026-06-13T14:51:14.570Z,0,65.6,9,35.2,58.7,25.86577,0,1,0,1,101
9088,2026-06-13T14:53:14.565Z,0,65.6,9,35.2,58.7,25.86577,0,1,0,1,101
9089,2026-06-13T14:55:14.560Z,0,65.6,9,35.2,58.7,25.86577,0,1,0,1,101
9090,2026-06-13T14:57:14.555Z,0,65.6,9,35.2,58.7,25.86577,0,1,0,1,101
9091,2026-06-13T14:59:14.550Z,0,65.6,9,35.2,58.7,25.86577,0,1,0,1,101
9092,2026-06-13T15:01:14.545Z,0,65.6,9,35.2,58.7,25.86577,0,1,0,1,101
9093,2026-06-13T15:03:14.540Z,0,65.6,9,35.2,58.7,25.86577,0,1,0,1,101
9094,2026-06-13T15:05:14.535Z,0,65.6,9,35.2,58.7,25.86577,0,1,0,1,101
9095,2026-06-13T15:07:14.530Z,0,65.6,9,35.2,58.7,25.86577,0,1,0,1,101
9096,2026-06-13T15:09:14.525Z,0,65.6,9,35.2,58.7,25.86577,0,1,0,1,101
9097,2026-06-13T15:11:14.520Z,0,65.6,9,35.2,58.7,25.86577,0,1,0,1,101
9098,2026-06-13T15:13:14.515Z,0,65.6,9,35.2,58.7,25.86577,0,1,0,1,101
9099,2026-06-13T15:15:14.510Z,0,65.6,9,35.2,58.7,25.86577,0,1,0,1,101
9100,2026-06-13T15:17:14.505Z,0,65.6,9,35.2,58.7,25.86577,0,1,0,1,101
9101,2026-06-13T15:19:14.500Z,0,65.6,9,35.2,58.7,25.86577,0,1,0,1,101
9102,2026-06-13T15:21:14.495Z,0,65.6,9,35.2,58.7,25.86577,0,1,0,1,101
9103,2026-06-13T15:23:14.490Z,0,65.6,9,35.2,58.7,25.86577,0,1,0,1,101
9104,2026-06-13T15:25:14.485Z,0,65.6,9,35.2,58.7,25.86577,0,1,0,1,101
9105,2026-06-13T15:27:14.480Z,0,65.6,9,35.2,58.7,25.86577,0,1,0,1,101
9106,2026-06-13T15:29:14.475Z,0,65.6,9,35.2,58.7,25.86577,0,1,0,1,101
9107,2026-06-13T15:31:14.470Z,0,65.6,9,35.2,58.7,25.86577,0,1,0,1,101
9108,2026-06-13T15:33:14.465Z,0,65.6,9,35.2,58.7,25.86577,0,1,0,1,101
9109,2026-06-13T15:35:14.460Z,0,65.6,9,35.2,58.7,25.86577,0,1,0,1,101
9110,2026-06-13T15:37:14.455Z,0,65.6,9,35.2,58.7,25.86577,0,1,0,1,101
9111,2026-06-13T15:39:14.450Z,0,65.13333,8.466666,35.2,57.9,25.63376,0,1,0,1,101
9112,2026-06-13T15:41:14.445Z,0,65.13333,8.466666,35.2,57.9,25.63376,0,1,0,1,101
9113,2026-06-13T15:43:14.440Z,0,65.13333,8.466666,35.2,57.9,25.63376,0,1,0,1,101
9114,2026-06-13T15:45:14.435Z,0,65.13333,8.466666,35.2,57.9,25.63376,0,1,0,1,101
9115,2026-06-13T15:47:14.430Z,0,65.13333,8.466666,35.2,57.9,25.63376,0,1,0,1,101
9116,2026-06-13T15:49:14.425Z,0,65.13333,8.466666,35.2,57.9,25.63376,0,1,0,1,101
9117,2026-06-13T15:51:14.420Z,0,65.13333,8.466666,35.2,57.9,25.63376,0,1,0,1,101
9118,2026-06-13T15:53:14.415Z,0,65.13333,8.466666,35.2,57.9,25.63376,0,1,0,1,101
9119,2026-06-13T15:55:14.410Z,0,65.13333,8.466666,35.2,57.9,25.63376,0,1,0,1,101
9120,2026-06-13T15:57:14.405Z,0,65.13333,8.466666,35.2,57.9,25.63376,0,1,0,1,101
9121,2026-06-13T15:59:14.400Z,0,65.13333,8.466666,35.2,57.9,25.63376,0,1,0,1,101
9122,2026-06-13T16:01:14.395Z,0,65.13333,8.466666,35.2,57.9,25.63376,0,1,0,1,101
9123,2026-06-13T16:03:14.390Z,0,65.13333,8.466666,35.2,57.9,25.63376,0,1,0,1,101
9124,2026-06-13T16:05:14.385Z,0,65.13333,8.466666,35.2,57.9,25.63376,0,1,0,1,101
9125,2026-06-13T16:07:14.380Z,0,65.13333,8.466666,35.2,57.9,25.63376,0,1,0,1,101
9126,2026-06-13T16:09:14.375Z,0,65.13333,8.466666,35.2,57.9,25.63376,0,1,0,1,101
9127,2026-06-13T16:11:14.370Z,0,65.13333,8.466666,35.2,57.9,25.63376,0,1,0,1,101
9128,2026-06-13T16:13:14.365Z,0,65.13333,8.466666,35.2,57.9,25.63376,0,1,0,1,101
9129,2026-06-13T16:15:14.360Z,0,65.13333,8.466666,35.2,57.9,25.63376,0,1,0,1,101
9130,2026-06-13T16:17:14.355Z,0,65.13333,8.466666,35.2,57.9,25.63376,0,1,0,1,101
9131,2026-06-13T16:19:14.350Z,0,65.13333,8.466666,35.2,57.9,25.63376,0,1,0,1,101
9132,2026-06-13T16:21:14.345Z,0,65.13333,8.466666,35.2,57.9,25.63376,0,1,0,1,101
9133,2026-06-13T16:23:14.340Z,0,65.13333,8.466666,35.2,57.9,25.63376,0,1,0,1,101
9134,2026-06-13T16:25:14.335Z,0,65.13333,8.466666,35.2,57.9,25.63376,0,1,0,1,101
9135,2026-06-13T16:27:14.330Z,0,65.13333,8.466666,35.2,57.9,25.63376,0,1,0,1,101
9136,2026-06-13T16:29:14.325Z,0,65.13333,8.466666,35.2,57.9,25.63376,0,1,0,1,101
9137,2026-06-13T16:31:14.320Z,0,65.13333,8.466666,35.2,57.9,25.63376,0,1,0,1,101
9138,2026-06-13T16:33:14.315Z,0,65.13333,8.466666,35.2,57.9,25.63376,0,1,0,1,101
9139,2026-06-13T16:35:14.310Z,0,65.13333,8.466666,35.2,57.9,25.63376,0,1,0,1,101
9140,2026-06-13T16:37:14.305Z,0,64.93333,8,35.3,57.5,25.60973,0,1,0,1,101
9141,2026-06-13T16:39:14.300Z,0,64.93333,8,35.3,57.5,25.60973,0,1,0,1,101
9142,2026-06-13T16:41:14.295Z,0,64.93333,8,35.3,57.5,25.60973,0,1,0,1,101
9143,2026-06-13T16:43:14.290Z,0,64.93333,8,35.3,57.5,25.60973,0,1,0,1,101
9144,2026-06-13T16:45:14.285Z,0,64.93333,8,35.3,57.5,25.60973,0,1,0,1,101
9145,2026-06-13T16:47:14.280Z,0,64.93333,8,35.3,57.5,25.60973,0,1,0,1,101
9146,2026-06-13T16:49:14.275Z,0,64.93333,8,35.3,57.5,25.60973,0,1,0,1,101
9147,2026-06-13T16:51:14.270Z,0,64.93333,8,35.3,57.5,25.60973,0,1,0,1,101
9148,2026-06-13T16:53:14.265Z,0,64.93333,8,35.3,57.5,25.60973,0,1,0,1,101
9149,2026-06-13T16:55:14.260Z,0,64.93333,8,35.3,57.5,25.60973,0,1,0,1,101
9150,2026-06-13T16:57:14.255Z,0,64.93333,8,35.3,57.5,25.60973,0,1,0,1,101
9151,2026-06-13T16:59:14.250Z,0,64.93333,8,35.3,57.5,25.60973,0,1,0,1,101
9152,2026-06-13T17:01:14.245Z,0,64.93333,8,35.3,57.5,25.60973,0,1,0,1,101
9153,2026-06-13T17:03:14.240Z,0,64.93333,8,35.3,57.5,25.60973,0,1,0,1,101
9154,2026-06-13T17:05:14.235Z,0,64.93333,8,35.3,57.5,25.60973,0,1,0,1,101
9155,2026-06-13T17:07:14.230Z,0,64.93333,8,35.3,57.5,25.60973,0,1,0,1,101
9156,2026-06-13T17:09:14.225Z,0,64.93333,8,35.3,57.5,25.60973,0,1,0,1,101
9157,2026-06-13T17:11:14.220Z,0,64.93333,8,35.3,57.5,25.60973,0,1,0,1,101
9158,2026-06-13T17:13:14.215Z,0,64.93333,8,35.3,57.5,25.60973,0,1,0,1,101
9159,2026-06-13T17:15:14.210Z,0,64.93333,8,35.3,57.5,25.60973,0,1,0,1,101
9160,2026-06-13T17:17:14.205Z,0,64.93333,8,35.3,57.5,25.60973,0,1,0,1,101
9161,2026-06-13T17:19:14.200Z,0,64.93333,8,35.3,57.5,25.60973,0,1,0,1,101
9162,2026-06-13T17:21:14.195Z,0,64.93333,8,35.3,57.5,25.60973,0,1,0,1,101
9163,2026-06-13T17:23:14.190Z,0,64.93333,8,35.3,57.5,25.60973,0,1,0,1,101
9164,2026-06-13T17:25:14.185Z,0,64.93333,8,35.3,57.5,25.60973,0,1,0,1,101
9165,2026-06-13T17:27:14.180Z,0,64.93333,8,35.3,57.5,25.60973,0,1,0,1,101
9166,2026-06-13T17:29:14.175Z,0,64.93333,8,35.3,57.5,25.60973,0,1,0,1,101
9167,2026-06-13T17:31:14.170Z,0,64.93333,8,35.3,57.5,25.60973,0,1,0,1,101
9168,2026-06-13T17:33:14.165Z,0,66.2,7.533333,35.4,58.6,26.02343,0,1,0,1,101
9169,2026-06-13T17:35:14.160Z,0,66.2,7.533333,35.4,58.6,26.02343,0,1,0,1,101
9170,2026-06-13T17:37:14.155Z,0,66.2,7.533333,35.4,58.6,26.02343,0,1,0,1,101
9171,2026-06-13T17:39:14.150Z,0,66.2,7.533333,35.4,58.6,26.02343,0,1,0,1,101
9172,2026-06-13T17:41:14.145Z,0,66.2,7.533333,35.4,58.6,26.02343,0,1,0,1,101
9173,2026-06-13T17:43:14.140Z,0,66.2,7.533333,35.4,58.6,26.02343,0,1,0,1,101
9174,2026-06-13T17:45:14.135Z,0,66.2,7.533333,35.4,58.6,26.02343,0,1,0,1,101
9175,2026-06-13T17:47:14.130Z,0,66.2,7.533333,35.4,58.6,26.02343,0,1,0,1,101
9176,2026-06-13T17:49:14.125Z,0,66.2,7.533333,35.4,58.6,26.02343,0,1,0,1,101
9177,2026-06-13T17:51:14.120Z,0,66.2,7.533333,35.4,58.6,26.02343,0,1,0,1,101
9178,2026-06-13T17:53:14.115Z,0,66.2,7.533333,35.4,58.6,26.02343,0,1,0,1,101
9179,2026-06-13T17:55:14.110Z,0,66.2,7.533333,35.4,58.6,26.02343,0,1,0,1,101
9180,2026-06-13T17:57:14.105Z,0,66.2,7.533333,35.4,58.6,26.02343,0,1,0,1,101
9181,2026-06-13T17:59:14.100Z,0,66.2,7.533333,35.4,58.6,26.02343,0,1,0,1,101
9182,2026-06-13T18:01:14.095Z,0,66.2,7.533333,35.4,58.6,26.02343,0,1,0,1,101
9183,2026-06-13T18:03:14.090Z,0,66.2,7.533333,35.4,58.6,26.02343,0,1,0,1,101
9184,2026-06-13T18:05:14.085Z,0,66.2,7.533333,35.4,58.6,26.02343,0,1,0,1,101
9185,2026-06-13T18:07:14.080Z,0,66.2,7.533333,35.4,58.6,26.02343,0,1,0,1,101
9186,2026-06-13T18:09:14.075Z,0,66.2,7.533333,35.4,58.6,26.02343,0,1,0,1,101
9187,2026-06-13T18:11:14.070Z,0,66.2,7.533333,35.4,58.6,26.02343,0,1,0,1,101
9188,2026-06-13T18:13:14.065Z,0,66.2,7.533333,35.4,58.6,26.02343,0,1,0,1,101
9189,2026-06-13T18:15:14.060Z,0,66.2,7.533333,35.4,58.6,26.02343,0,1,0,1,101
9190,2026-06-13T18:17:14.055Z,0,66.2,7.533333,35.4,58.6,26.02343,0,1,0,1,101
9191,2026-06-13T18:19:14.050Z,0,66.2,7.533333,35.4,58.6,26.02343,0,1,0,1,101
9192,2026-06-13T18:21:14.045Z,0,66.2,7.533333,35.4,58.6,26.02343,0,1,0,1,101
9193,2026-06-13T18:23:14.040Z,0,66.2,7.533333,35.4,58.6,26.02343,0,1,0,1,101
9194,2026-06-13T18:25:14.035Z,0,66.2,7.533333,35.4,58.6,26.02343,0,1,0,1,101
9195,2026-06-13T18:27:14.030Z,0,66.2,7.533333,35.4,58.6,26.02343,0,1,0,1,101
9196,2026-06-13T18:29:14.025Z,0,66.2,7.533333,35.4,58.6,26.02343,0,1,0,1,101
9197,2026-06-13T18:31:14.020Z,0,65.73333,8.933333,35.5,59.3,26.31816,0,1,0,1,101
9198,2026-06-13T18:33:14.015Z,0,65.73333,8.933333,35.5,59.3,26.31816,0,1,0,1,101
9199,2026-06-13T18:35:14.010Z,0,65.73333,8.933333,35.5,59.3,26.31816,0,1,0,1,101
9200,2026-06-13T18:37:14.005Z,0,65.73333,8.933333,35.5,59.3,26.31816,0,1,0,1,101
9201,2026-06-13T18:39:14.000Z,0,65.73333,8.933333,35.5,59.3,26.31816,0,1,0,1,101
9202,2026-06-13T18:41:13.995Z,0,65.73333,8.933333,35.5,59.3,26.31816,0,1,0,1,101
9203,2026-06-13T18:43:13.990Z,0,65.73333,8.933333,35.5,59.3,26.31816,0,1,0,1,101
9204,2026-06-13T18:45:13.985Z,0,65.73333,8.933333,35.5,59.3,26.31816,0,1,0,1,101
9205,2026-06-13T18:47:13.980Z,0,65.73333,8.933333,35.5,59.3,26.31816,0,1,0,1,101
9206,2026-06-13T18:49:13.975Z,0,65.73333,8.933333,35.5,59.3,26.31816,0,1,0,1,101
9207,2026-06-13T18:51:13.970Z,0,65.73333,8.933333,35.5,59.3,26.31816,0,1,0,1,101
9208,2026-06-13T18:53:13.965Z,0,65.73333,8.933333,35.5,59.3,26.31816,0,1,0,1,101
9209,2026-06-13T18:55:13.960Z,0,65.73333,8.933333,35.5,59.3,26.31816,0,1,0,1,101
9210,2026-06-13T18:57:13.955Z,0,65.73333,8.933333,35.5,59.3,26.31816,0,1,0,1,101
9211,2026-06-13T18:59:13.950Z,0,65.73333,8.933333,35.5,59.3,26.31816,0,1,0,1,101
9212,2026-06-13T19:01:13.945Z,0,65.73333,8.933333,35.5,59.3,26.31816,0,1,0,1,101
9213,2026-06-13T19:03:13.940Z,0,65.73333,8.933333,35.5,59.3,26.31816,0,1,0,1,101
9214,2026-06-13T19:05:13.935Z,0,65.73333,8.933333,35.5,59.3,26.31816,0,1,0,1,101
9215,2026-06-13T19:07:13.930Z,0,65.73333,8.933333,35.5,59.3,26.31816,0,1,0,1,101
9216,2026-06-13T19:09:13.925Z,0,65.73333,8.933333,35.5,59.3,26.31816,0,1,0,1,101
9217,2026-06-13T19:11:13.920Z,0,65.73333,8.933333,35.5,59.3,26.31816,0,1,0,1,101
9218,2026-06-13T19:13:13.915Z,0,65.73333,8.933333,35.5,59.3,26.31816,0,1,0,1,101
9219,2026-06-13T19:15:13.910Z,0,65.73333,8.933333,35.5,59.3,26.31816,0,1,0,1,101
9220,2026-06-13T19:17:13.905Z,0,65.73333,8.933333,35.5,59.3,26.31816,0,1,0,1,101
9221,2026-06-13T19:19:13.900Z,0,65.73333,8.933333,35.5,59.3,26.31816,0,1,0,1,101
9222,2026-06-13T19:21:13.895Z,0,65.73333,8.933333,35.5,59.3,26.31816,0,1,0,1,101
9223,2026-06-13T19:23:13.890Z,0,65.73333,8.933333,35.5,59.3,26.31816,0,1,0,1,101
9224,2026-06-13T19:25:13.885Z,0,65.73333,8.933333,35.5,59.3,26.31816,0,1,0,1,101
9225,2026-06-13T19:27:13.880Z,0,65.73333,8.933333,35.5,59.3,26.31816,0,1,0,1,101
9226,2026-06-13T19:29:13.875Z,0,65.93333,8.733334,35.6,59.9,26.58272,0,1,0,1,101
9227,2026-06-13T19:31:13.870Z,0,65.93333,8.733334,35.6,59.9,26.58272,0,1,0,1,101
9228,2026-06-13T19:33:13.865Z,0,65.93333,8.733334,35.6,59.9,26.58272,0,1,0,1,101
9229,2026-06-13T19:35:13.860Z,0,65.93333,8.733334,35.6,59.9,26.58272,0,1,0,1,101
9230,2026-06-13T19:37:13.855Z,0,65.93333,8.733334,35.6,59.9,26.58272,0,1,0,1,101
9231,2026-06-13T19:39:13.850Z,0,65.93333,8.733334,35.6,59.9,26.58272,0,1,0,1,101
9232,2026-06-13T19:41:13.845Z,0,65.93333,8.733334,35.6,59.9,26.58272,0,1,0,1,101
9233,2026-06-13T19:43:13.840Z,0,65.93333,8.733334,35.6,59.9,26.58272,0,1,0,1,101
9234,2026-06-13T19:45:13.835Z,0,65.93333,8.733334,35.6,59.9,26.58272,0,1,0,1,101
9235,2026-06-13T19:47:13.830Z,0,65.93333,8.733334,35.6,59.9,26.58272,0,1,0,1,101
9236,2026-06-13T19:49:13.825Z,0,65.93333,8.733334,35.6,59.9,26.58272,0,1,0,1,101
9237,2026-06-13T19:51:13.820Z,0,65.93333,8.733334,35.6,59.9,26.58272,0,1,0,1,101
9238,2026-06-13T19:53:13.815Z,0,65.93333,8.733334,35.6,59.9,26.58272,0,1,0,1,101
9239,2026-06-13T19:55:13.810Z,0,65.93333,8.733334,35.6,59.9,26.58272,0,1,0,1,101
9240,2026-06-13T19:57:13.805Z,0,65.93333,8.733334,35.6,59.9,26.58272,0,1,0,1,101
9241,2026-06-13T19:59:13.800Z,0,65.93333,8.733334,35.6,59.9,26.58272,0,1,0,1,101
9242,2026-06-13T20:01:13.795Z,0,65.93333,8.733334,35.6,59.9,26.58272,0,1,0,1,101
9243,2026-06-13T20:03:13.790Z,0,65.93333,8.733334,35.6,59.9,26.58272,0,1,0,1,101
9244,2026-06-13T20:05:13.785Z,0,65.93333,8.733334,35.6,59.9,26.58272,0,1,0,1,101
9245,2026-06-13T20:07:13.780Z,0,65.93333,8.733334,35.6,59.9,26.58272,0,1,0,1,101
9246,2026-06-13T20:09:13.775Z,0,65.93333,8.733334,35.6,59.9,26.58272,0,1,0,1,101
9247,2026-06-13T20:11:13.770Z,0,65.93333,8.733334,35.6,59.9,26.58272,0,1,0,1,101
9248,2026-06-13T20:13:13.765Z,0,65.93333,8.733334,35.6,59.9,26.58272,0,1,0,1,101
9249,2026-06-13T20:15:13.760Z,0,65.93333,8.733334,35.6,59.9,26.58272,0,1,0,1,101
9250,2026-06-13T20:17:13.755Z,0,65.93333,8.733334,35.6,59.9,26.58272,0,1,0,1,101
9251,2026-06-13T20:19:13.750Z,0,65.93333,8.733334,35.6,59.9,26.58272,0,1,0,1,101
9252,2026-06-13T20:21:13.745Z,0,65.93333,8.733334,35.6,59.9,26.58272,0,1,0,1,101
9253,2026-06-13T20:23:13.740Z,0,65.93333,8.733334,35.6,59.9,26.58272,0,1,0,1,101
9254,2026-06-13T20:25:13.735Z,0,65.6,8.4,35.7,59,26.41872,0,1,0,1,101
9255,2026-06-13T20:27:13.730Z,0,65.6,8.4,35.7,59,26.41872,0,1,0,1,101
9256,2026-06-13T20:29:13.725Z,0,65.6,8.4,35.7,59,26.41872,0,1,0,1,101
9257,2026-06-13T20:31:13.720Z,0,65.6,8.4,35.7,59,26.41872,0,1,0,1,101
9258,2026-06-13T20:33:13.715Z,0,65.6,8.4,35.7,59,26.41872,0,1,0,1,101
9259,2026-06-13T20:35:13.710Z,0,65.6,8.4,35.7,59,26.41872,0,1,0,1,101
9260,2026-06-13T20:37:13.705Z,0,65.6,8.4,35.7,59,26.41872,0,1,0,1,101
9261,2026-06-13T20:39:13.700Z,0,65.6,8.4,35.7,59,26.41872,0,1,0,1,101
9262,2026-06-13T20:41:13.695Z,0,65.6,8.4,35.7,59,26.41872,0,1,0,1,101
9263,2026-06-13T20:43:13.690Z,0,65.6,8.4,35.7,59,26.41872,0,1,0,1,101
9264,2026-06-13T20:45:13.685Z,0,65.6,8.4,35.7,59,26.41872,0,1,0,1,101
9265,2026-06-13T20:47:13.680Z,0,65.6,8.4,35.7,59,26.41872,0,1,0,1,101
9266,2026-06-13T20:49:13.675Z,0,65.6,8.4,35.7,59,26.41872,0,1,0,1,101
9267,2026-06-13T20:51:13.670Z,0,65.6,8.4,35.7,59,26.41872,0,1,0,1,101
9268,2026-06-13T20:53:13.665Z,0,65.6,8.4,35.7,59,26.41872,0,1,0,1,101
9269,2026-06-13T20:55:13.660Z,0,65.6,8.4,35.7,59,26.41872,0,1,0,1,101
9270,2026-06-13T20:57:13.655Z,0,65.6,8.4,35.7,59,26.41872,0,1,0,1,101
9271,2026-06-13T20:59:13.650Z,0,65.6,8.4,35.7,59,26.41872,0,1,0,1,101
9272,2026-06-13T21:01:13.645Z,0,65.6,8.4,35.7,59,26.41872,0,1,0,1,101
9273,2026-06-13T21:03:13.640Z,0,65.6,8.4,35.7,59,26.41872,0,1,0,1,101
9274,2026-06-13T21:05:13.635Z,0,65.6,8.4,35.7,59,26.41872,0,1,0,1,101
9275,2026-06-13T21:07:13.630Z,0,65.6,8.4,35.7,59,26.41872,0,1,0,1,101
9276,2026-06-13T21:09:13.625Z,0,65.6,8.4,35.7,59,26.41872,0,1,0,1,101
9277,2026-06-13T21:11:13.620Z,0,65.6,8.4,35.7,59,26.41872,0,1,0,1,101
9278,2026-06-13T21:13:13.615Z,0,65.6,8.4,35.7,59,26.41872,0,1,0,1,101
9279,2026-06-13T21:15:13.610Z,0,65.6,8.4,35.7,59,26.41872,0,1,0,1,101
9280,2026-06-13T21:17:13.605Z,0,65.6,8.4,35.7,59,26.41872,0,1,0,1,101
9281,2026-06-13T21:19:13.600Z,0,65.6,8.4,35.7,59,26.41872,0,1,0,1,101
9282,2026-06-13T21:21:13.595Z,0,65.6,8.4,35.7,59,26.41872,0,1,0,1,101
9283,2026-06-13T21:23:13.590Z,0,67.06667,8.4,35.7,59.8,26.64779,0,1,0,1,101
9284,2026-06-13T21:25:13.585Z,0,67.06667,8.4,35.7,59.8,26.64779,0,1,0,1,101
9285,2026-06-13T21:27:13.580Z,0,67.06667,8.4,35.7,59.8,26.64779,0,1,0,1,101
9286,2026-06-13T21:29:13.575Z,0,67.06667,8.4,35.7,59.8,26.64779,0,1,0,1,101
9287,2026-06-13T21:31:13.570Z,0,67.06667,8.4,35.7,59.8,26.64779,0,1,0,1,101
9288,2026-06-13T21:33:13.565Z,0,67.06667,8.4,35.7,59.8,26.64779,0,1,0,1,101
9289,2026-06-13T21:35:13.560Z,0,67.06667,8.4,35.7,59.8,26.64779,0,1,0,1,101
9290,2026-06-13T21:37:13.555Z,0,67.06667,8.4,35.7,59.8,26.64779,0,1,0,1,101
9291,2026-06-13T21:39:13.550Z,0,67.06667,8.4,35.7,59.8,26.64779,0,1,0,1,101
9292,2026-06-13T21:41:13.545Z,0,67.06667,8.4,35.7,59.8,26.64779,0,1,0,1,101
9293,2026-06-13T21:43:13.540Z,0,67.06667,8.4,35.7,59.8,26.64779,0,1,0,1,101
9294,2026-06-13T21:45:13.535Z,0,67.06667,8.4,35.7,59.8,26.64779,0,1,0,1,101
9295,2026-06-13T21:47:13.530Z,0,67.06667,8.4,35.7,59.8,26.64779,0,1,0,1,101
9296,2026-06-13T21:49:13.525Z,0,67.06667,8.4,35.7,59.8,26.64779,0,1,0,1,101
9297,2026-06-13T21:51:13.520Z,0,67.06667,8.4,35.7,59.8,26.64779,0,1,0,1,101
9298,2026-06-13T21:53:13.515Z,0,67.06667,8.4,35.7,59.8,26.64779,0,1,0,1,101
9299,2026-06-13T21:55:13.510Z,0,67.06667,8.4,35.7,59.8,26.64779,0,1,0,1,101
9300,2026-06-13T21:57:13.505Z,0,67.06667,8.4,35.7,59.8,26.64779,0,1,0,1,101
9301,2026-06-13T21:59:13.500Z,0,67.06667,8.4,35.7,59.8,26.64779,0,1,0,1,101
9302,2026-06-13T22:01:13.495Z,0,67.06667,8.4,35.7,59.8,26.64779,0,1,0,1,101
9303,2026-06-13T22:03:13.490Z,0,67.06667,8.4,35.7,59.8,26.64779,0,1,0,1,101
9304,2026-06-13T22:05:13.485Z,0,67.06667,8.4,35.7,59.8,26.64779,0,1,0,1,101
9305,2026-06-13T22:07:13.480Z,0,67.06667,8.4,35.7,59.8,26.64779,0,1,0,1,101
9306,2026-06-13T22:09:13.475Z,0,67.06667,8.4,35.7,59.8,26.64779,0,1,0,1,101
9307,2026-06-13T22:11:13.470Z,0,67.06667,8.4,35.7,59.8,26.64779,0,1,0,1,101
9308,2026-06-13T22:13:13.465Z,0,67.06667,8.4,35.7,59.8,26.64779,0,1,0,1,101
9309,2026-06-13T22:15:13.460Z,0,67.06667,8.4,35.7,59.8,26.64779,0,1,0,1,101
9310,2026-06-13T22:17:13.455Z,0,67.06667,8.4,35.7,59.8,26.64779,0,1,0,1,101
9311,2026-06-13T22:19:13.450Z,0,67.06667,8.4,35.7,59.8,26.64779,0,1,0,1,101
9312,2026-06-13T22:21:13.445Z,0,65.86667,8.666667,35.7,57,25.83398,0,1,0,1,101
9313,2026-06-13T22:23:13.440Z,0,65.86667,8.666667,35.7,57,25.83398,0,1,0,1,101
9314,2026-06-13T22:25:13.435Z,0,65.86667,8.666667,35.7,57,25.83398,0,1,0,1,101
9315,2026-06-13T22:27:13.430Z,0,65.86667,8.666667,35.7,57,25.83398,0,1,0,1,101
9316,2026-06-13T22:29:13.425Z,0,65.86667,8.666667,35.7,57,25.83398,0,1,0,1,101
9317,2026-06-13T22:31:13.420Z,0,65.86667,8.666667,35.7,57,25.83398,0,1,0,1,101
9318,2026-06-13T22:33:13.415Z,0,65.86667,8.666667,35.7,57,25.83398,0,1,0,1,101
9319,2026-06-13T22:35:13.410Z,0,65.86667,8.666667,35.7,57,25.83398,0,1,0,1,101
9320,2026-06-13T22:37:13.405Z,0,65.86667,8.666667,35.7,57,25.83398,0,1,0,1,101
9321,2026-06-13T22:39:13.400Z,0,65.86667,8.666667,35.7,57,25.83398,0,1,0,1,101
9322,2026-06-13T22:41:13.395Z,0,65.86667,8.666667,35.7,57,25.83398,0,1,0,1,101
9323,2026-06-13T22:43:13.390Z,0,65.86667,8.666667,35.7,57,25.83398,0,1,0,1,101
9324,2026-06-13T22:45:13.385Z,0,65.86667,8.666667,35.7,57,25.83398,0,1,0,1,101
9325,2026-06-13T22:47:13.380Z,0,65.86667,8.666667,35.7,57,25.83398,0,1,0,1,101
9326,2026-06-13T22:49:13.375Z,0,65.86667,8.666667,35.7,57,25.83398,0,1,0,1,101
9327,2026-06-13T22:51:13.370Z,0,65.86667,8.666667,35.7,57,25.83398,0,1,0,1,101
9328,2026-06-13T22:53:13.365Z,0,65.86667,8.666667,35.7,57,25.83398,0,1,0,1,101
9329,2026-06-13T22:55:13.360Z,0,65.86667,8.666667,35.7,57,25.83398,0,1,0,1,101
9330,2026-06-13T22:57:13.355Z,0,65.86667,8.666667,35.7,57,25.83398,0,1,0,1,101
9331,2026-06-13T22:59:13.350Z,0,65.86667,8.666667,35.7,57,25.83398,0,1,0,1,101
9332,2026-06-13T23:01:13.345Z,0,65.86667,8.666667,35.7,57,25.83398,0,1,0,1,101
9333,2026-06-13T23:03:13.340Z,0,65.86667,8.666667,35.7,57,25.83398,0,1,0,1,101
9334,2026-06-13T23:05:13.335Z,0,65.86667,8.666667,35.7,57,25.83398,0,1,0,1,101
9335,2026-06-13T23:07:13.330Z,0,65.86667,8.666667,35.7,57,25.83398,0,1,0,1,101
9336,2026-06-13T23:09:13.325Z,0,65.86667,8.666667,35.7,57,25.83398,0,1,0,1,101
9337,2026-06-13T23:11:13.320Z,0,65.86667,8.666667,35.7,57,25.83398,0,1,0,1,101
9338,2026-06-13T23:13:13.315Z,0,65.86667,8.666667,35.7,57,25.83398,0,1,0,1,101
9339,2026-06-13T23:15:13.310Z,0,65.86667,8.666667,35.7,57,25.83398,0,1,0,1,101
9340,2026-06-13T23:17:13.305Z,0,65,8.733334,35.7,56.5,25.68501,0,1,0,1,101
9341,2026-06-13T23:19:13.300Z,0,65,8.733334,35.7,56.5,25.68501,0,1,0,1,101
9342,2026-06-13T23:21:13.295Z,0,65,8.733334,35.7,56.5,25.68501,0,1,0,1,101
9343,2026-06-13T23:23:13.290Z,0,65,8.733334,35.7,56.5,25.68501,0,1,0,1,101
9344,2026-06-13T23:25:13.285Z,0,65,8.733334,35.7,56.5,25.68501,0,1,0,1,101
9345,2026-06-13T23:27:13.280Z,0,65,8.733334,35.7,56.5,25.68501,0,1,0,1,101
9346,2026-06-13T23:29:13.275Z,0,65,8.733334,35.7,56.5,25.68501,0,1,0,1,101
9347,2026-06-13T23:31:13.270Z,0,65,8.733334,35.7,56.5,25.68501,0,1,0,1,101
9348,2026-06-13T23:33:13.265Z,0,65,8.733334,35.7,56.5,25.68501,0,1,0,1,101
9349,2026-06-13T23:35:13.260Z,0,65,8.733334,35.7,56.5,25.68501,0,1,0,1,101
9350,2026-06-13T23:37:13.255Z,0,65,8.733334,35.7,56.5,25.68501,0,1,0,1,101
9351,2026-06-13T23:39:13.250Z,0,65,8.733334,35.7,56.5,25.68501,0,1,0,1,101
9352,2026-06-13T23:41:13.245Z,0,65,8.733334,35.7,56.5,25.68501,0,1,0,1,101
9353,2026-06-13T23:43:13.240Z,0,65,8.733334,35.7,56.5,25.68501,0,1,0,1,101
9354,2026-06-13T23:45:13.235Z,0,65,8.733334,35.7,56.5,25.68501,0,1,0,1,101
9355,2026-06-13T23:47:13.230Z,0,65,8.733334,35.7,56.5,25.68501,0,1,0,1,101
9356,2026-06-13T23:49:13.225Z,0,65,8.733334,35.7,56.5,25.68501,0,1,0,1,101
9357,2026-06-13T23:51:13.220Z,0,65,8.733334,35.7,56.5,25.68501,0,1,0,1,101
9358,2026-06-13T23:53:13.215Z,0,65,8.733334,35.7,56.5,25.68501,0,1,0,1,101
9359,2026-06-13T23:55:13.210Z,0,65,8.733334,35.7,56.5,25.68501,0,1,0,1,101
9360,2026-06-13T23:57:13.205Z,0,65,8.733334,35.7,56.5,25.68501,0,1,0,1,101
9361,2026-06-13T23:59:13.200Z,0,65,8.733334,35.7,56.5,25.68501,0,1,0,1,101
9362,2026-06-14T00:01:13.195Z,0,65,8.733334,35.7,56.5,25.68501,0,1,0,1,101
9363,2026-06-14T00:03:13.190Z,0,65,8.733334,35.7,56.5,25.68501,0,1,0,1,101
9364,2026-06-14T00:05:13.185Z,0,65,8.733334,35.7,56.5,25.68501,0,1,0,1,101
9365,2026-06-14T00:07:13.180Z,0,65,8.733334,35.7,56.5,25.68501,0,1,0,1,101
9366,2026-06-14T00:09:13.175Z,0,65,8.733334,35.7,56.5,25.68501,0,1,0,1,101
9367,2026-06-14T00:11:13.170Z,0,65,8.733334,35.7,56.5,25.68501,0,1,0,1,101
9368,2026-06-14T00:13:13.165Z,0,65,8.733334,35.7,56.5,25.68501,0,1,0,1,101
9369,2026-06-14T00:15:13.160Z,0,65.8,8.133333,35.8,56.6,25.80772,0,1,0,1,101
9370,2026-06-14T00:17:13.155Z,0,65.8,8.133333,35.8,56.6,25.80772,0,1,0,1,101
9371,2026-06-14T00:19:13.150Z,0,65.8,8.133333,35.8,56.6,25.80772,0,1,0,1,101
9372,2026-06-14T00:21:13.145Z,0,65.8,8.133333,35.8,56.6,25.80772,0,1,0,1,101
9373,2026-06-14T00:23:13.140Z,0,65.8,8.133333,35.8,56.6,25.80772,0,1,0,1,101
9374,2026-06-14T00:25:13.135Z,0,65.8,8.133333,35.8,56.6,25.80772,0,1,0,1,101
9375,2026-06-14T00:27:13.130Z,0,65.8,8.133333,35.8,56.6,25.80772,0,1,0,1,101
9376,2026-06-14T00:29:13.125Z,0,65.8,8.133333,35.8,56.6,25.80772,0,1,0,1,101
9377,2026-06-14T00:31:13.120Z,0,65.8,8.133333,35.8,56.6,25.80772,0,1,0,1,101
9378,2026-06-14T00:33:13.115Z,0,65.8,8.133333,35.8,56.6,25.80772,0,1,0,1,101
9379,2026-06-14T00:35:13.110Z,0,65.8,8.133333,35.8,56.6,25.80772,0,1,0,1,101
9380,2026-06-14T00:37:13.105Z,0,65.8,8.133333,35.8,56.6,25.80772,0,1,0,1,101
9381,2026-06-14T00:39:13.100Z,0,65.8,8.133333,35.8,56.6,25.80772,0,1,0,1,101
9382,2026-06-14T00:41:13.095Z,0,65.8,8.133333,35.8,56.6,25.80772,0,1,0,1,101
9383,2026-06-14T00:43:13.090Z,0,65.8,8.133333,35.8,56.6,25.80772,0,1,0,1,101
9384,2026-06-14T00:45:13.085Z,0,65.8,8.133333,35.8,56.6,25.80772,0,1,0,1,101
9385,2026-06-14T00:47:13.080Z,0,65.8,8.133333,35.8,56.6,25.80772,0,1,0,1,101
9386,2026-06-14T00:49:13.075Z,0,65.8,8.133333,35.8,56.6,25.80772,0,1,0,1,101
9387,2026-06-14T00:51:13.070Z,0,65.8,8.133333,35.8,56.6,25.80772,0,1,0,1,101
9388,2026-06-14T00:53:13.065Z,0,65.8,8.133333,35.8,56.6,25.80772,0,1,0,1,101
9389,2026-06-14T00:55:13.060Z,0,65.8,8.133333,35.8,56.6,25.80772,0,1,0,1,101
9390,2026-06-14T00:57:13.055Z,0,65.8,8.133333,35.8,56.6,25.80772,0,1,0,1,101
9391,2026-06-14T00:59:13.050Z,0,65.8,8.133333,35.8,56.6,25.80772,0,1,0,1,101
9392,2026-06-14T01:01:13.045Z,0,65.8,8.133333,35.8,56.6,25.80772,0,1,0,1,101
9393,2026-06-14T01:03:13.040Z,0,65.8,8.133333,35.8,56.6,25.80772,0,1,0,1,101
9394,2026-06-14T01:05:13.035Z,0,65.8,8.133333,35.8,56.6,25.80772,0,1,0,1,101
9395,2026-06-14T01:07:13.030Z,0,65.8,8.133333,35.8,56.6,25.80772,0,1,0,1,101
9396,2026-06-14T01:09:13.025Z,0,65.8,8.133333,35.8,56.6,25.80772,0,1,0,1,101
9397,2026-06-14T01:11:13.020Z,0,65.8,8.133333,35.8,56.6,25.80772,0,1,0,1,101
9398,2026-06-14T01:13:13.015Z,0,66.2,6.666667,35.8,55.4,25.44575,0,1,0,1,101
9399,2026-06-14T01:15:13.010Z,0,66.2,6.666667,35.8,55.4,25.44575,0,1,0,1,101
9400,2026-06-14T01:17:13.005Z,0,66.2,6.666667,35.8,55.4,25.44575,0,1,0,1,101
9401,2026-06-14T01:19:13.000Z,0,66.2,6.666667,35.8,55.4,25.44575,0,1,0,1,101
9402,2026-06-14T01:21:12.995Z,0,66.2,6.666667,35.8,55.4,25.44575,0,1,0,1,101
9403,2026-06-14T01:23:12.990Z,0,66.2,6.666667,35.8,55.4,25.44575,0,1,0,1,101
9404,2026-06-14T01:25:12.985Z,0,66.2,6.666667,35.8,55.4,25.44575,0,1,0,1,101
9405,2026-06-14T01:27:12.980Z,0,66.2,6.666667,35.8,55.4,25.44575,0,1,0,1,101
9406,2026-06-14T01:29:12.975Z,0,66.2,6.666667,35.8,55.4,25.44575,0,1,0,1,101
9407,2026-06-14T01:31:12.970Z,0,66.2,6.666667,35.8,55.4,25.44575,0,1,0,1,101
9408,2026-06-14T01:33:12.965Z,0,66.2,6.666667,35.8,55.4,25.44575,0,1,0,1,101
9409,2026-06-14T01:35:12.960Z,0,66.2,6.666667,35.8,55.4,25.44575,0,1,0,1,101
9410,2026-06-14T01:37:12.955Z,0,66.2,6.666667,35.8,55.4,25.44575,0,1,0,1,101
9411,2026-06-14T01:39:12.950Z,0,66.2,6.666667,35.8,55.4,25.44575,0,1,0,1,101
9412,2026-06-14T01:41:12.945Z,0,66.2,6.666667,35.8,55.4,25.44575,0,1,0,1,101
9413,2026-06-14T01:43:12.940Z,0,66.2,6.666667,35.8,55.4,25.44575,0,1,0,1,101
9414,2026-06-14T01:45:12.935Z,0,66.2,6.666667,35.8,55.4,25.44575,0,1,0,1,101
9415,2026-06-14T01:47:12.930Z,0,66.2,6.666667,35.8,55.4,25.44575,0,1,0,1,101
9416,2026-06-14T01:49:12.925Z,0,66.2,6.666667,35.8,55.4,25.44575,0,1,0,1,101
9417,2026-06-14T01:51:12.920Z,0,66.2,6.666667,35.8,55.4,25.44575,0,1,0,1,101
9418,2026-06-14T01:53:12.915Z,0,66.2,6.666667,35.8,55.4,25.44575,0,1,0,1,101
9419,2026-06-14T01:55:12.910Z,0,66.2,6.666667,35.8,55.4,25.44575,0,1,0,1,101
9420,2026-06-14T01:57:12.905Z,0,66.2,6.666667,35.8,55.4,25.44575,0,1,0,1,101
9421,2026-06-14T01:59:12.900Z,0,66.2,6.666667,35.8,55.4,25.44575,0,1,0,1,101
9422,2026-06-14T02:01:12.895Z,0,66.2,6.666667,35.8,55.4,25.44575,0,1,0,1,101
9423,2026-06-14T02:03:12.890Z,0,66.2,6.666667,35.8,55.4,25.44575,0,1,0,1,101
9424,2026-06-14T02:05:12.885Z,0,66.2,6.666667,35.8,55.4,25.44575,0,1,0,1,101
9425,2026-06-14T02:07:12.880Z,0,66.2,6.666667,35.8,55.4,25.44575,0,1,0,1,101
9426,2026-06-14T02:09:12.875Z,0,68.06667,8.466666,35.7,54.4,25.04649,0,1,0,1,101
9427,2026-06-14T02:11:12.870Z,0,68.06667,8.466666,35.7,54.4,25.04649,0,1,0,1,101
9428,2026-06-14T02:13:12.865Z,0,68.06667,8.466666,35.7,54.4,25.04649,0,1,0,1,101
9429,2026-06-14T02:15:12.860Z,0,68.06667,8.466666,35.7,54.4,25.04649,0,1,0,1,101
9430,2026-06-14T02:17:12.855Z,0,68.06667,8.466666,35.7,54.4,25.04649,0,1,0,1,101
9431,2026-06-14T02:19:12.850Z,0,68.06667,8.466666,35.7,54.4,25.04649,0,1,0,1,101
9432,2026-06-14T02:21:12.845Z,0,68.06667,8.466666,35.7,54.4,25.04649,0,1,0,1,101
9433,2026-06-14T02:23:12.840Z,0,68.06667,8.466666,35.7,54.4,25.04649,0,1,0,1,101
9434,2026-06-14T02:25:12.835Z,0,68.06667,8.466666,35.7,54.4,25.04649,0,1,0,1,101
9435,2026-06-14T02:27:12.830Z,0,68.06667,8.466666,35.7,54.4,25.04649,0,1,0,1,101
9436,2026-06-14T02:29:12.825Z,0,68.06667,8.466666,35.7,54.4,25.04649,0,1,0,1,101
9437,2026-06-14T02:31:12.820Z,0,68.06667,8.466666,35.7,54.4,25.04649,0,1,0,1,101
9438,2026-06-14T02:33:12.815Z,0,68.06667,8.466666,35.7,54.4,25.04649,0,1,0,1,101
9439,2026-06-14T02:35:12.810Z,0,68.06667,8.466666,35.7,54.4,25.04649,0,1,0,1,101
9440,2026-06-14T02:37:12.805Z,0,68.06667,8.466666,35.7,54.4,25.04649,0,1,0,1,101
9441,2026-06-14T02:39:12.800Z,0,68.06667,8.466666,35.7,54.4,25.04649,0,1,0,1,101
9442,2026-06-14T02:41:12.795Z,0,68.06667,8.466666,35.7,54.4,25.04649,0,1,0,1,101
9443,2026-06-14T02:43:12.790Z,0,68.06667,8.466666,35.7,54.4,25.04649,0,1,0,1,101
9444,2026-06-14T02:45:12.785Z,0,68.06667,8.466666,35.7,54.4,25.04649,0,1,0,1,101
9445,2026-06-14T02:47:12.780Z,0,68.06667,8.466666,35.7,54.4,25.04649,0,1,0,1,101
9446,2026-06-14T02:49:12.775Z,0,68.06667,8.466666,35.7,54.4,25.04649,0,1,0,1,101
9447,2026-06-14T02:51:12.770Z,0,68.06667,8.466666,35.7,54.4,25.04649,0,1,0,1,101
9448,2026-06-14T02:53:12.765Z,0,68.06667,8.466666,35.7,54.4,25.04649,0,1,0,1,101
9449,2026-06-14T02:55:12.760Z,0,68.06667,8.466666,35.7,54.4,25.04649,0,1,0,1,101
9450,2026-06-14T02:57:12.755Z,0,68.06667,8.466666,35.7,54.4,25.04649,0,1,0,1,101
9451,2026-06-14T02:59:12.750Z,0,68.06667,8.466666,35.7,54.4,25.04649,0,1,0,1,101
9452,2026-06-14T03:01:12.745Z,0,68.06667,8.466666,35.7,54.4,25.04649,0,1,0,1,101
9453,2026-06-14T03:03:12.740Z,0,68.06667,8.466666,35.7,54.4,25.04649,0,1,0,1,101
9454,2026-06-14T03:05:12.735Z,0,68.06667,8.466666,35.7,54.4,25.04649,0,1,0,1,101
9455,2026-06-14T03:07:12.730Z,0,66.2,6.666667,35.7,55.3,25.32273,0,1,0,1,101
9456,2026-06-14T03:09:12.725Z,0,66.2,6.666667,35.7,55.3,25.32273,0,1,0,1,101
9457,2026-06-14T03:11:12.720Z,0,66.2,6.666667,35.7,55.3,25.32273,0,1,0,1,101
9458,2026-06-14T03:13:12.715Z,0,66.2,6.666667,35.7,55.3,25.32273,0,1,0,1,101
9459,2026-06-14T03:15:12.710Z,0,66.2,6.666667,35.7,55.3,25.32273,0,1,0,1,101
9460,2026-06-14T03:17:12.705Z,0,66.2,6.666667,35.7,55.3,25.32273,0,1,0,1,101
9461,2026-06-14T03:19:12.700Z,0,66.2,6.666667,35.7,55.3,25.32273,0,1,0,1,101
9462,2026-06-14T03:21:12.695Z,0,66.2,6.666667,35.7,55.3,25.32273,0,1,0,1,101
9463,2026-06-14T03:23:12.690Z,0,66.2,6.666667,35.7,55.3,25.32273,0,1,0,1,101
9464,2026-06-14T03:25:12.685Z,0,66.2,6.666667,35.7,55.3,25.32273,0,1,0,1,101
9465,2026-06-14T03:27:12.680Z,0,66.2,6.666667,35.7,55.3,25.32273,0,1,0,1,101
9466,2026-06-14T03:29:12.675Z,0,66.2,6.666667,35.7,55.3,25.32273,0,1,0,1,101
9467,2026-06-14T03:31:12.670Z,0,66.2,6.666667,35.7,55.3,25.32273,0,1,0,1,101
9468,2026-06-14T03:33:12.665Z,0,66.2,6.666667,35.7,55.3,25.32273,0,1,0,1,101
9469,2026-06-14T03:35:12.660Z,0,66.2,6.666667,35.7,55.3,25.32273,0,1,0,1,101
9470,2026-06-14T03:37:12.655Z,0,66.2,6.666667,35.7,55.3,25.32273,0,1,0,1,101
9471,2026-06-14T03:39:12.650Z,0,66.2,6.666667,35.7,55.3,25.32273,0,1,0,1,101
9472,2026-06-14T03:41:12.645Z,0,66.2,6.666667,35.7,55.3,25.32273,0,1,0,1,101
9473,2026-06-14T03:43:12.640Z,0,66.2,6.666667,35.7,55.3,25.32273,0,1,0,1,101
9474,2026-06-14T03:45:12.635Z,0,66.2,6.666667,35.7,55.3,25.32273,0,1,0,1,101
9475,2026-06-14T03:47:12.630Z,0,66.2,6.666667,35.7,55.3,25.32273,0,1,0,1,101
9476,2026-06-14T03:49:12.625Z,0,66.2,6.666667,35.7,55.3,25.32273,0,1,0,1,101
9477,2026-06-14T03:51:12.620Z,0,66.2,6.666667,35.7,55.3,25.32273,0,1,0,1,101
9478,2026-06-14T03:53:12.615Z,0,66.2,6.666667,35.7,55.3,25.32273,0,1,0,1,101
9479,2026-06-14T03:55:12.610Z,0,66.2,6.666667,35.7,55.3,25.32273,0,1,0,1,101
9480,2026-06-14T03:57:12.605Z,0,66.2,6.666667,35.7,55.3,25.32273,0,1,0,1,101
9481,2026-06-14T03:59:12.600Z,0,66.2,6.666667,35.7,55.3,25.32273,0,1,0,1,101
9482,2026-06-14T04:01:12.595Z,0,66.2,6.666667,35.7,55.3,25.32273,0,1,0,1,101
9483,2026-06-14T04:03:12.590Z,0,66.2,6.666667,35.7,55.3,25.32273,0,1,0,1,101
9484,2026-06-14T04:05:12.585Z,0,66,6,35.7,56.5,25.68501,0,1,0,1,101
9485,2026-06-14T04:07:12.580Z,0,66,6,35.7,56.5,25.68501,0,1,0,1,101
9486,2026-06-14T04:09:12.575Z,0,66,6,35.7,56.5,25.68501,0,1,0,1,101
9487,2026-06-14T04:11:12.570Z,0,66,6,35.7,56.5,25.68501,0,1,0,1,101
9488,2026-06-14T04:13:12.565Z,0,66,6,35.7,56.5,25.68501,0,1,0,1,101
9489,2026-06-14T04:15:12.560Z,0,66,6,35.7,56.5,25.68501,0,1,0,1,101
9490,2026-06-14T04:17:12.555Z,0,66,6,35.7,56.5,25.68501,0,1,0,1,101
9491,2026-06-14T04:19:12.550Z,0,66,6,35.7,56.5,25.68501,0,1,0,1,101
9492,2026-06-14T04:21:12.545Z,0,66,6,35.7,56.5,25.68501,0,1,0,1,101
9493,2026-06-14T04:23:12.540Z,0,66,6,35.7,56.5,25.68501,0,1,0,1,101
9494,2026-06-14T04:25:12.535Z,0,66,6,35.7,56.5,25.68501,0,1,0,1,101
9495,2026-06-14T04:27:12.530Z,0,66,6,35.7,56.5,25.68501,0,1,0,1,101
9496,2026-06-14T04:29:12.525Z,0,66,6,35.7,56.5,25.68501,0,1,0,1,101
9497,2026-06-14T04:31:12.520Z,0,66,6,35.7,56.5,25.68501,0,1,0,1,101
9498,2026-06-14T04:33:12.515Z,0,66,6,35.7,56.5,25.68501,0,1,0,1,101
9499,2026-06-14T04:35:12.510Z,0,66,6,35.7,56.5,25.68501,0,1,0,1,101
9500,2026-06-14T04:37:12.505Z,0,66,6,35.7,56.5,25.68501,0,1,0,1,101
9501,2026-06-14T04:39:12.500Z,0,66,6,35.7,56.5,25.68501,0,1,0,1,101
9502,2026-06-14T04:41:12.495Z,0,66,6,35.7,56.5,25.68501,0,1,0,1,101
9503,2026-06-14T04:43:12.490Z,0,66,6,35.7,56.5,25.68501,0,1,0,1,101
9504,2026-06-14T04:45:12.485Z,0,66,6,35.7,56.5,25.68501,0,1,0,1,101
9505,2026-06-14T04:47:12.480Z,0,66,6,35.7,56.5,25.68501,0,1,0,1,101
9506,2026-06-14T04:49:12.475Z,0,66,6,35.7,56.5,25.68501,0,1,0,1,101
9507,2026-06-14T04:51:12.470Z,0,66,6,35.7,56.5,25.68501,0,1,0,1,101
9508,2026-06-14T04:53:12.465Z,0,66,6,35.7,56.5,25.68501,0,1,0,1,101
9509,2026-06-14T04:55:12.460Z,0,66,6,35.7,56.5,25.68501,0,1,0,1,101
9510,2026-06-14T04:57:12.455Z,0,66,6,35.7,56.5,25.68501,0,1,0,1,101
9511,2026-06-14T04:59:12.450Z,0,66,6,35.7,56.5,25.68501,0,1,0,1,101
9512,2026-06-14T05:01:12.445Z,0,66.6,6.133333,35.8,55.4,25.44575,0,1,0,1,101
9513,2026-06-14T05:03:12.440Z,0,66.6,6.133333,35.8,55.4,25.44575,0,1,0,1,101
9514,2026-06-14T05:05:12.435Z,0,66.6,6.133333,35.8,55.4,25.44575,0,1,0,1,101
9515,2026-06-14T05:07:12.430Z,0,66.6,6.133333,35.8,55.4,25.44575,0,1,0,1,101
9516,2026-06-14T05:09:12.425Z,0,66.6,6.133333,35.8,55.4,25.44575,0,1,0,1,101
9517,2026-06-14T05:11:12.420Z,0,66.6,6.133333,35.8,55.4,25.44575,0,1,0,1,101
9518,2026-06-14T05:13:12.415Z,0,66.6,6.133333,35.8,55.4,25.44575,0,1,0,1,101
9519,2026-06-14T05:15:12.410Z,0,66.6,6.133333,35.8,55.4,25.44575,0,1,0,1,101
9520,2026-06-14T05:17:12.405Z,0,66.6,6.133333,35.8,55.4,25.44575,0,1,0,1,101
9521,2026-06-14T05:19:12.400Z,0,66.6,6.133333,35.8,55.4,25.44575,0,1,0,1,101
9522,2026-06-14T05:21:12.395Z,0,66.6,6.133333,35.8,55.4,25.44575,0,1,0,1,101
9523,2026-06-14T05:23:12.390Z,0,66.6,6.133333,35.8,55.4,25.44575,0,1,0,1,101
9524,2026-06-14T05:25:12.385Z,0,66.6,6.133333,35.8,55.4,25.44575,0,1,0,1,101
9525,2026-06-14T05:27:12.380Z,0,66.6,6.133333,35.8,55.4,25.44575,0,1,0,1,101
9526,2026-06-14T05:29:12.375Z,0,66.6,6.133333,35.8,55.4,25.44575,0,1,0,1,101
9527,2026-06-14T05:31:12.370Z,0,66.6,6.133333,35.8,55.4,25.44575,0,1,0,1,101
9528,2026-06-14T05:33:12.365Z,0,66.6,6.133333,35.8,55.4,25.44575,0,1,0,1,101
9529,2026-06-14T05:35:12.360Z,0,66.6,6.133333,35.8,55.4,25.44575,0,1,0,1,101
9530,2026-06-14T05:37:12.355Z,0,66.6,6.133333,35.8,55.4,25.44575,0,1,0,1,101
9531,2026-06-14T05:39:12.350Z,0,66.6,6.133333,35.8,55.4,25.44575,0,1,0,1,101
9532,2026-06-14T05:41:12.345Z,0,66.6,6.133333,35.8,55.4,25.44575,0,1,0,1,101
9533,2026-06-14T05:43:12.340Z,0,66.6,6.133333,35.8,55.4,25.44575,0,1,0,1,101
9534,2026-06-14T05:45:12.335Z,0,66.6,6.133333,35.8,55.4,25.44575,0,1,0,1,101
9535,2026-06-14T05:47:12.330Z,0,66.6,6.133333,35.8,55.4,25.44575,0,1,0,1,101
9536,2026-06-14T05:49:12.325Z,0,66.6,6.133333,35.8,55.4,25.44575,0,1,0,1,101
9537,2026-06-14T05:51:12.320Z,0,66.6,6.133333,35.8,55.4,25.44575,0,1,0,1,101
9538,2026-06-14T05:53:12.315Z,0,66.6,6.133333,35.8,55.4,25.44575,0,1,0,1,101
9539,2026-06-14T05:55:12.310Z,0,66.6,6.133333,35.8,55.4,25.44575,0,1,0,1,101
9540,2026-06-14T05:57:12.305Z,0,66.6,6.133333,35.8,55.4,25.44575,0,1,0,1,101
9541,2026-06-14T05:59:12.300Z,0,66.26667,6.133333,35.8,56.4,25.74786,0,1,0,1,101
9542,2026-06-14T06:01:12.295Z,0,66.26667,6.133333,35.8,56.4,25.74786,0,1,0,1,101
9543,2026-06-14T06:03:12.290Z,0,66.26667,6.133333,35.8,56.4,25.74786,0,1,0,1,101
9544,2026-06-14T06:05:12.285Z,0,66.26667,6.133333,35.8,56.4,25.74786,0,1,0,1,101
9545,2026-06-14T06:07:12.280Z,0,66.26667,6.133333,35.8,56.4,25.74786,0,1,0,1,101
9546,2026-06-14T06:09:12.275Z,0,66.26667,6.133333,35.8,56.4,25.74786,0,1,0,1,101
9547,2026-06-14T06:11:12.270Z,0,66.26667,6.133333,35.8,56.4,25.74786,0,1,0,1,101
9548,2026-06-14T06:13:12.265Z,0,66.26667,6.133333,35.8,56.4,25.74786,0,1,0,1,101
9549,2026-06-14T06:15:12.260Z,0,66.26667,6.133333,35.8,56.4,25.74786,0,1,0,1,101
9550,2026-06-14T06:17:12.255Z,0,66.26667,6.133333,35.8,56.4,25.74786,0,1,0,1,101
9551,2026-06-14T06:19:12.250Z,0,66.26667,6.133333,35.8,56.4,25.74786,0,1,0,1,101
9552,2026-06-14T06:21:12.245Z,0,66.26667,6.133333,35.8,56.4,25.74786,0,1,0,1,101
9553,2026-06-14T06:23:12.240Z,0,66.26667,6.133333,35.8,56.4,25.74786,0,1,0,1,101
9554,2026-06-14T06:25:12.235Z,0,66.26667,6.133333,35.8,56.4,25.74786,0,1,0,1,101
9555,2026-06-14T06:27:12.230Z,0,66.26667,6.133333,35.8,56.4,25.74786,0,1,0,1,101
9556,2026-06-14T06:29:12.225Z,0,66.26667,6.133333,35.8,56.4,25.74786,0,1,0,1,101
9557,2026-06-14T06:31:12.220Z,0,66.26667,6.133333,35.8,56.4,25.74786,0,1,0,1,101
9558,2026-06-14T06:33:12.215Z,0,66.26667,6.133333,35.8,56.4,25.74786,0,1,0,1,101
9559,2026-06-14T06:35:12.210Z,0,66.26667,6.133333,35.8,56.4,25.74786,0,1,0,1,101
9560,2026-06-14T06:37:12.205Z,0,66.26667,6.133333,35.8,56.4,25.74786,0,1,0,1,101
9561,2026-06-14T06:39:12.200Z,0,66.26667,6.133333,35.8,56.4,25.74786,0,1,0,1,101
9562,2026-06-14T06:41:12.195Z,0,66.26667,6.133333,35.8,56.4,25.74786,0,1,0,1,101
9563,2026-06-14T06:43:12.190Z,0,66.26667,6.133333,35.8,56.4,25.74786,0,1,0,1,101
9564,2026-06-14T06:45:12.185Z,0,66.26667,6.133333,35.8,56.4,25.74786,0,1,0,1,101
9565,2026-06-14T06:47:12.180Z,0,66.26667,6.133333,35.8,56.4,25.74786,0,1,0,1,101
9566,2026-06-14T06:49:12.175Z,0,66.26667,6.133333,35.8,56.4,25.74786,0,1,0,1,101
9567,2026-06-14T06:51:12.170Z,0,66.26667,6.133333,35.8,56.4,25.74786,0,1,0,1,101
9568,2026-06-14T06:53:12.165Z,0,66.26667,6.133333,35.8,56.4,25.74786,0,1,0,1,101
9569,2026-06-14T06:55:12.160Z,0,66.26667,6.133333,35.8,56.4,25.74786,0,1,0,1,101
9570,2026-06-14T06:57:12.155Z,0,65.46667,5.4,35.9,57.6,26.19733,0,1,0,1,101
9571,2026-06-14T06:59:12.150Z,0,65.46667,5.4,35.9,57.6,26.19733,0,1,0,1,101
9572,2026-06-14T07:01:12.145Z,0,65.46667,5.4,35.9,57.6,26.19733,0,1,0,1,101
9573,2026-06-14T07:03:12.140Z,0,65.46667,5.4,35.9,57.6,26.19733,0,1,0,1,101
9574,2026-06-14T07:05:12.135Z,0,65.46667,5.4,35.9,57.6,26.19733,0,1,0,1,101
9575,2026-06-14T07:07:12.130Z,0,65.46667,5.4,35.9,57.6,26.19733,0,1,0,1,101
9576,2026-06-14T07:09:12.125Z,0,65.46667,5.4,35.9,57.6,26.19733,0,1,0,1,101
9577,2026-06-14T07:11:12.120Z,0,65.46667,5.4,35.9,57.6,26.19733,0,1,0,1,101
9578,2026-06-14T07:13:12.115Z,0,65.46667,5.4,35.9,57.6,26.19733,0,1,0,1,101
9579,2026-06-14T07:15:12.110Z,0,65.46667,5.4,35.9,57.6,26.19733,0,1,0,1,101
9580,2026-06-14T07:17:12.105Z,0,65.46667,5.4,35.9,57.6,26.19733,0,1,0,1,101
9581,2026-06-14T07:19:12.100Z,0,65.46667,5.4,35.9,57.6,26.19733,0,1,0,1,101
9582,2026-06-14T07:21:12.095Z,0,65.46667,5.4,35.9,57.6,26.19733,0,1,0,1,101
9583,2026-06-14T07:23:12.090Z,0,65.46667,5.4,35.9,57.6,26.19733,0,1,0,1,101
9584,2026-06-14T07:25:12.085Z,0,65.46667,5.4,35.9,57.6,26.19733,0,1,0,1,101
9585,2026-06-14T07:27:12.080Z,0,65.46667,5.4,35.9,57.6,26.19733,0,1,0,1,101
9586,2026-06-14T07:29:12.075Z,0,65.46667,5.4,35.9,57.6,26.19733,0,1,0,1,101
9587,2026-06-14T07:31:12.070Z,0,65.46667,5.4,35.9,57.6,26.19733,0,1,0,1,101
9588,2026-06-14T07:33:12.065Z,0,65.46667,5.4,35.9,57.6,26.19733,0,1,0,1,101
9589,2026-06-14T07:35:12.060Z,0,65.46667,5.4,35.9,57.6,26.19733,0,1,0,1,101
9590,2026-06-14T07:37:12.055Z,0,65.46667,5.4,35.9,57.6,26.19733,0,1,0,1,101
9591,2026-06-14T07:39:12.050Z,0,65.46667,5.4,35.9,57.6,26.19733,0,1,0,1,101
9592,2026-06-14T07:41:12.045Z,0,65.46667,5.4,35.9,57.6,26.19733,0,1,0,1,101
9593,2026-06-14T07:43:12.040Z,0,65.46667,5.4,35.9,57.6,26.19733,0,1,0,1,101
9594,2026-06-14T07:45:12.035Z,0,65.46667,5.4,35.9,57.6,26.19733,0,1,0,1,101
9595,2026-06-14T07:47:12.030Z,0,65.46667,5.4,35.9,57.6,26.19733,0,1,0,1,101
9596,2026-06-14T07:49:12.025Z,0,65.46667,5.4,35.9,57.6,26.19733,0,1,0,1,101
9597,2026-06-14T07:51:12.020Z,0,65.46667,5.4,35.9,57.6,26.19733,0,1,0,1,101
9598,2026-06-14T07:53:12.015Z,0,66.46667,6,35.9,58,26.31478,0,1,0,1,101
9599,2026-06-14T07:55:12.010Z,0,66.46667,6,35.9,58,26.31478,0,1,0,1,101
9600,2026-06-14T07:57:12.005Z,0,66.46667,6,35.9,58,26.31478,0,1,0,1,101
9601,2026-06-14T07:59:12.000Z,0,66.46667,6,35.9,58,26.31478,0,1,0,1,101
9602,2026-06-14T08:01:11.995Z,0,66.46667,6,35.9,58,26.31478,0,1,0,1,101
9603,2026-06-14T08:03:11.990Z,0,66.46667,6,35.9,58,26.31478,0,1,0,1,101
9604,2026-06-14T08:05:11.985Z,0,66.46667,6,35.9,58,26.31478,0,1,0,1,101
9605,2026-06-14T08:07:11.980Z,0,66.46667,6,35.9,58,26.31478,0,1,0,1,101
9606,2026-06-14T08:09:11.975Z,0,66.46667,6,35.9,58,26.31478,0,1,0,1,101
9607,2026-06-14T08:11:11.970Z,0,66.46667,6,35.9,58,26.31478,0,1,0,1,101
9608,2026-06-14T08:13:11.965Z,0,66.46667,6,35.9,58,26.31478,0,1,0,1,101
9609,2026-06-14T08:15:11.960Z,0,66.46667,6,35.9,58,26.31478,0,1,0,1,101
9610,2026-06-14T08:17:11.955Z,0,66.46667,6,35.9,58,26.31478,0,1,0,1,101
9611,2026-06-14T08:19:11.950Z,0,66.46667,6,35.9,58,26.31478,0,1,0,1,101
9612,2026-06-14T08:21:11.945Z,0,66.46667,6,35.9,58,26.31478,0,1,0,1,101
9613,2026-06-14T08:23:11.940Z,0,66.46667,6,35.9,58,26.31478,0,1,0,1,101
9614,2026-06-14T08:25:11.935Z,0,66.46667,6,35.9,58,26.31478,0,1,0,1,101
9615,2026-06-14T08:27:11.930Z,0,66.46667,6,35.9,58,26.31478,0,1,0,1,101
9616,2026-06-14T08:29:11.925Z,0,66.46667,6,35.9,58,26.31478,0,1,0,1,101
9617,2026-06-14T08:31:11.920Z,0,66.46667,6,35.9,58,26.31478,0,1,0,1,101
9618,2026-06-14T08:33:11.915Z,0,66.46667,6,35.9,58,26.31478,0,1,0,1,101
9619,2026-06-14T08:35:11.910Z,0,66.46667,6,35.9,58,26.31478,0,1,0,1,101
9620,2026-06-14T08:37:11.905Z,0,66.46667,6,35.9,58,26.31478,0,1,0,1,101
9621,2026-06-14T08:39:11.900Z,0,66.46667,6,35.9,58,26.31478,0,1,0,1,101
9622,2026-06-14T08:41:11.895Z,0,66.46667,6,35.9,58,26.31478,0,1,0,1,101
9623,2026-06-14T08:43:11.890Z,0,66.46667,6,35.9,58,26.31478,0,1,0,1,101
9624,2026-06-14T08:45:11.885Z,0,66.46667,6,35.9,58,26.31478,0,1,0,1,101
9625,2026-06-14T08:47:11.880Z,0,66.46667,6,35.9,58,26.31478,0,1,0,1,101
9626,2026-06-14T08:49:11.875Z,0,66.46667,6,35.9,58,26.31478,0,1,0,1,101
9627,2026-06-14T08:51:11.870Z,0,67,5.933333,36,57,26.11271,0,1,0,1,101
9628,2026-06-14T08:53:11.865Z,0,67,5.933333,36,57,26.11271,0,1,0,1,101
9629,2026-06-14T08:55:11.860Z,0,67,5.933333,36,57,26.11271,0,1,0,1,101
9630,2026-06-14T08:57:11.855Z,0,67,5.933333,36,57,26.11271,0,1,0,1,101
9631,2026-06-14T08:59:11.850Z,0,67,5.933333,36,57,26.11271,0,1,0,1,101
9632,2026-06-14T09:01:11.845Z,0,67,5.933333,36,57,26.11271,0,1,0,1,101
9633,2026-06-14T09:03:11.840Z,0,67,5.933333,36,57,26.11271,0,1,0,1,101
9634,2026-06-14T09:05:11.835Z,0,67,5.933333,36,57,26.11271,0,1,0,1,101
9635,2026-06-14T09:07:11.830Z,0,67,5.933333,36,57,26.11271,0,1,0,1,101
9636,2026-06-14T09:09:11.825Z,0,67,5.933333,36,57,26.11271,0,1,0,1,101
9637,2026-06-14T09:11:11.820Z,0,67,5.933333,36,57,26.11271,0,1,0,1,101
9638,2026-06-14T09:13:11.815Z,0,67,5.933333,36,57,26.11271,0,1,0,1,101
9639,2026-06-14T09:15:11.810Z,0,67,5.933333,36,57,26.11271,0,1,0,1,101
9640,2026-06-14T09:17:11.805Z,0,67,5.933333,36,57,26.11271,0,1,0,1,101
9641,2026-06-14T09:19:11.800Z,0,67,5.933333,36,57,26.11271,0,1,0,1,101
9642,2026-06-14T09:21:11.795Z,0,67,5.933333,36,57,26.11271,0,1,0,1,101
9643,2026-06-14T09:23:11.790Z,0,67,5.933333,36,57,26.11271,0,1,0,1,101
9644,2026-06-14T09:25:11.785Z,0,67,5.933333,36,57,26.11271,0,1,0,1,101
9645,2026-06-14T09:27:11.780Z,0,67,5.933333,36,57,26.11271,0,1,0,1,101
9646,2026-06-14T09:29:11.775Z,0,67,5.933333,36,57,26.11271,0,1,0,1,101
9647,2026-06-14T09:31:11.770Z,0,67,5.933333,36,57,26.11271,0,1,0,1,101
9648,2026-06-14T09:33:11.765Z,0,67,5.933333,36,57,26.11271,0,1,0,1,101
9649,2026-06-14T09:35:11.760Z,0,67,5.933333,36,57,26.11271,0,1,0,1,101
9650,2026-06-14T09:37:11.755Z,0,67,5.933333,36,57,26.11271,0,1,0,1,101
9651,2026-06-14T09:39:11.750Z,0,67,5.933333,36,57,26.11271,0,1,0,1,101
9652,2026-06-14T09:41:11.745Z,0,67,5.933333,36,57,26.11271,0,1,0,1,101
9653,2026-06-14T09:43:11.740Z,0,67,5.933333,36,57,26.11271,0,1,0,1,101
9654,2026-06-14T09:45:11.735Z,0,67,5.933333,36,57,26.11271,0,1,0,1,101
9655,2026-06-14T09:47:11.730Z,0,67,5.933333,36,57,26.11271,0,1,0,1,101
9656,2026-06-14T09:49:11.725Z,0,66.53333,5.2,36,55.1,25.5392,0,1,0,1,101
9657,2026-06-14T09:51:11.720Z,0,66.53333,5.2,36,55.1,25.5392,0,1,0,1,101
9658,2026-06-14T09:53:11.715Z,0,66.53333,5.2,36,55.1,25.5392,0,1,0,1,101
9659,2026-06-14T09:55:11.710Z,0,66.53333,5.2,36,55.1,25.5392,0,1,0,1,101
9660,2026-06-14T09:57:11.705Z,0,66.53333,5.2,36,55.1,25.5392,0,1,0,1,101
9661,2026-06-14T09:59:11.700Z,0,66.53333,5.2,36,55.1,25.5392,0,1,0,1,101
9662,2026-06-14T10:01:11.695Z,0,66.53333,5.2,36,55.1,25.5392,0,1,0,1,101
9663,2026-06-14T10:03:11.690Z,0,66.53333,5.2,36,55.1,25.5392,0,1,0,1,101
9664,2026-06-14T10:05:11.685Z,0,66.53333,5.2,36,55.1,25.5392,0,1,0,1,101
9665,2026-06-14T10:07:11.680Z,0,66.53333,5.2,36,55.1,25.5392,0,1,0,1,101
9666,2026-06-14T10:09:11.675Z,0,66.53333,5.2,36,55.1,25.5392,0,1,0,1,101
9667,2026-06-14T10:11:11.670Z,0,66.53333,5.2,36,55.1,25.5392,0,1,0,1,101
9668,2026-06-14T10:13:11.665Z,0,66.53333,5.2,36,55.1,25.5392,0,1,0,1,101
9669,2026-06-14T10:15:11.660Z,0,66.53333,5.2,36,55.1,25.5392,0,1,0,1,101
9670,2026-06-14T10:17:11.655Z,0,66.53333,5.2,36,55.1,25.5392,0,1,0,1,101
9671,2026-06-14T10:19:11.650Z,0,66.53333,5.2,36,55.1,25.5392,0,1,0,1,101
9672,2026-06-14T10:21:11.645Z,0,66.53333,5.2,36,55.1,25.5392,0,1,0,1,101
9673,2026-06-14T10:23:11.640Z,0,66.53333,5.2,36,55.1,25.5392,0,1,0,1,101
9674,2026-06-14T10:25:11.635Z,0,66.53333,5.2,36,55.1,25.5392,0,1,0,1,101
9675,2026-06-14T10:27:11.630Z,0,66.53333,5.2,36,55.1,25.5392,0,1,0,1,101
9676,2026-06-14T10:29:11.625Z,0,66.53333,5.2,36,55.1,25.5392,0,1,0,1,101
9677,2026-06-14T10:31:11.620Z,0,66.53333,5.2,36,55.1,25.5392,0,1,0,1,101
9678,2026-06-14T10:33:11.615Z,0,66.53333,5.2,36,55.1,25.5392,0,1,0,1,101
9679,2026-06-14T10:35:11.610Z,0,66.53333,5.2,36,55.1,25.5392,0,1,0,1,101
9680,2026-06-14T10:37:11.605Z,0,66.53333,5.2,36,55.1,25.5392,0,1,0,1,101
9681,2026-06-14T10:39:11.600Z,0,66.53333,5.2,36,55.1,25.5392,0,1,0,1,101
9682,2026-06-14T10:41:11.595Z,0,66.53333,5.2,36,55.1,25.5392,0,1,0,1,101
9683,2026-06-14T10:43:11.590Z,0,66.53333,5.2,36,55.1,25.5392,0,1,0,1,101
9684,2026-06-14T10:45:11.585Z,0,66.93333,5.666667,36,53.9,25.16803,0,1,0,1,101
9685,2026-06-14T10:47:11.580Z,0,66.93333,5.666667,36,53.9,25.16803,0,1,0,1,101
9686,2026-06-14T10:49:11.575Z,0,66.93333,5.666667,36,53.9,25.16803,0,1,0,1,101
9687,2026-06-14T10:51:11.570Z,0,66.93333,5.666667,36,53.9,25.16803,0,1,0,1,101
9688,2026-06-14T10:53:11.565Z,0,66.93333,5.666667,36,53.9,25.16803,0,1,0,1,101
9689,2026-06-14T10:55:11.560Z,0,66.93333,5.666667,36,53.9,25.16803,0,1,0,1,101
9690,2026-06-14T10:57:11.555Z,0,66.93333,5.666667,36,53.9,25.16803,0,1,0,1,101
9691,2026-06-14T10:59:11.550Z,0,66.93333,5.666667,36,53.9,25.16803,0,1,0,1,101
9692,2026-06-14T11:01:11.545Z,0,66.93333,5.666667,36,53.9,25.16803,0,1,0,1,101
9693,2026-06-14T11:03:11.540Z,0,66.93333,5.666667,36,53.9,25.16803,0,1,0,1,101
9694,2026-06-14T11:05:11.535Z,0,66.93333,5.666667,36,53.9,25.16803,0,1,0,1,101
9695,2026-06-14T11:07:11.530Z,0,66.93333,5.666667,36,53.9,25.16803,0,1,0,1,101
9696,2026-06-14T11:09:11.525Z,0,66.93333,5.666667,36,53.9,25.16803,0,1,0,1,101
9697,2026-06-14T11:11:11.520Z,0,66.93333,5.666667,36,53.9,25.16803,0,1,0,1,101
9698,2026-06-14T11:13:11.515Z,0,66.93333,5.666667,36,53.9,25.16803,0,1,0,1,101
9699,2026-06-14T11:15:11.510Z,0,66.93333,5.666667,36,53.9,25.16803,0,1,0,1,101
9700,2026-06-14T11:17:11.505Z,0,66.93333,5.666667,36,53.9,25.16803,0,1,0,1,101
9701,2026-06-14T11:19:11.500Z,0,66.93333,5.666667,36,53.9,25.16803,0,1,0,1,101
9702,2026-06-14T11:21:11.495Z,0,66.93333,5.666667,36,53.9,25.16803,0,1,0,1,101
9703,2026-06-14T11:23:11.490Z,0,66.93333,5.666667,36,53.9,25.16803,0,1,0,1,101
9704,2026-06-14T11:25:11.485Z,0,66.93333,5.666667,36,53.9,25.16803,0,1,0,1,101
9705,2026-06-14T11:27:11.480Z,0,66.93333,5.666667,36,53.9,25.16803,0,1,0,1,101
9706,2026-06-14T11:29:11.475Z,0,66.93333,5.666667,36,53.9,25.16803,0,1,0,1,101
9707,2026-06-14T11:31:11.470Z,0,66.93333,5.666667,36,53.9,25.16803,0,1,0,1,101
9708,2026-06-14T11:33:11.465Z,0,66.93333,5.666667,36,53.9,25.16803,0,1,0,1,101
9709,2026-06-14T11:35:11.460Z,0,66.93333,5.666667,36,53.9,25.16803,0,1,0,1,101
9710,2026-06-14T11:37:11.455Z,0,66.93333,5.666667,36,53.9,25.16803,0,1,0,1,101
9711,2026-06-14T11:39:11.450Z,0,66.93333,5.666667,36,53.9,25.16803,0,1,0,1,101
9712,2026-06-14T11:41:11.445Z,0,66.93333,5.666667,36,53.9,25.16803,0,1,0,1,101
9713,2026-06-14T11:43:11.440Z,0,67,6.466667,36.1,54.6,25.4778,0,1,0,1,101
9714,2026-06-14T11:45:11.435Z,0,67,6.466667,36.1,54.6,25.4778,0,1,0,1,101
9715,2026-06-14T11:47:11.430Z,0,67,6.466667,36.1,54.6,25.4778,0,1,0,1,101
9716,2026-06-14T11:49:11.425Z,0,67,6.466667,36.1,54.6,25.4778,0,1,0,1,101
9717,2026-06-14T11:51:11.420Z,0,67,6.466667,36.1,54.6,25.4778,0,1,0,1,101
9718,2026-06-14T11:53:11.415Z,0,67,6.466667,36.1,54.6,25.4778,0,1,0,1,101
9719,2026-06-14T11:55:11.410Z,0,67,6.466667,36.1,54.6,25.4778,0,1,0,1,101
9720,2026-06-14T11:57:11.405Z,0,67,6.466667,36.1,54.6,25.4778,0,1,0,1,101
9721,2026-06-14T11:59:11.400Z,0,67,6.466667,36.1,54.6,25.4778,0,1,0,1,101
9722,2026-06-14T12:01:11.395Z,0,67,6.466667,36.1,54.6,25.4778,0,1,0,1,101
9723,2026-06-14T12:03:11.390Z,0,67,6.466667,36.1,54.6,25.4778,0,1,0,1,101
9724,2026-06-14T12:05:11.385Z,0,67,6.466667,36.1,54.6,25.4778,0,1,0,1,101
9725,2026-06-14T12:07:11.380Z,0,67,6.466667,36.1,54.6,25.4778,0,1,0,1,101
9726,2026-06-14T12:09:11.375Z,0,67,6.466667,36.1,54.6,25.4778,0,1,0,1,101
9727,2026-06-14T12:11:11.370Z,0,67,6.466667,36.1,54.6,25.4778,0,1,0,1,101
9728,2026-06-14T12:13:11.365Z,0,67,6.466667,36.1,54.6,25.4778,0,1,0,1,101
9729,2026-06-14T12:15:11.360Z,0,67,6.466667,36.1,54.6,25.4778,0,1,0,1,101
9730,2026-06-14T12:17:11.355Z,0,67,6.466667,36.1,54.6,25.4778,0,1,0,1,101
9731,2026-06-14T12:19:11.350Z,0,67,6.466667,36.1,54.6,25.4778,0,1,0,1,101
9732,2026-06-14T12:21:11.345Z,0,67,6.466667,36.1,54.6,25.4778,0,1,0,1,101
9733,2026-06-14T12:23:11.340Z,0,67,6.466667,36.1,54.6,25.4778,0,1,0,1,101
9734,2026-06-14T12:25:11.335Z,0,67,6.466667,36.1,54.6,25.4778,0,1,0,1,101
9735,2026-06-14T12:27:11.330Z,0,67,6.466667,36.1,54.6,25.4778,0,1,0,1,101
9736,2026-06-14T12:29:11.325Z,0,67,6.466667,36.1,54.6,25.4778,0,1,0,1,101
9737,2026-06-14T12:31:11.320Z,0,67,6.466667,36.1,54.6,25.4778,0,1,0,1,101
9738,2026-06-14T12:33:11.315Z,0,67,6.466667,36.1,54.6,25.4778,0,1,0,1,101
9739,2026-06-14T12:35:11.310Z,0,67,6.466667,36.1,54.6,25.4778,0,1,0,1,101
9740,2026-06-14T12:37:11.305Z,0,67,6.466667,36.1,54.6,25.4778,0,1,0,1,101
9741,2026-06-14T12:39:11.300Z,0,67,6.466667,36.1,54.6,25.4778,0,1,0,1,101
9742,2026-06-14T12:41:11.295Z,0,65.86667,5,36.1,52.9,24.9452,0,1,0,1,101
9743,2026-06-14T12:43:11.290Z,0,65.86667,5,36.1,52.9,24.9452,0,1,0,1,101
9744,2026-06-14T12:45:11.285Z,0,65.86667,5,36.1,52.9,24.9452,0,1,0,1,101
9745,2026-06-14T12:47:11.280Z,0,65.86667,5,36.1,52.9,24.9452,0,1,0,1,101
9746,2026-06-14T12:49:11.275Z,0,65.86667,5,36.1,52.9,24.9452,0,1,0,1,101
9747,2026-06-14T12:51:11.270Z,0,65.86667,5,36.1,52.9,24.9452,0,1,0,1,101
9748,2026-06-14T12:53:11.265Z,0,65.86667,5,36.1,52.9,24.9452,0,1,0,1,101
9749,2026-06-14T12:55:11.260Z,0,65.86667,5,36.1,52.9,24.9452,0,1,0,1,101
9750,2026-06-14T12:57:11.255Z,0,65.86667,5,36.1,52.9,24.9452,0,1,0,1,101
9751,2026-06-14T12:59:11.250Z,0,65.86667,5,36.1,52.9,24.9452,0,1,0,1,101
9752,2026-06-14T13:01:11.245Z,0,65.86667,5,36.1,52.9,24.9452,0,1,0,1,101
9753,2026-06-14T13:03:11.240Z,0,65.86667,5,36.1,52.9,24.9452,0,1,0,1,101
9754,2026-06-14T13:05:11.235Z,0,65.86667,5,36.1,52.9,24.9452,0,1,0,1,101
9755,2026-06-14T13:07:11.230Z,0,65.86667,5,36.1,52.9,24.9452,0,1,0,1,101
9756,2026-06-14T13:09:11.225Z,0,65.86667,5,36.1,52.9,24.9452,0,1,0,1,101
9757,2026-06-14T13:11:11.220Z,0,65.86667,5,36.1,52.9,24.9452,0,1,0,1,101
9758,2026-06-14T13:13:11.215Z,0,65.86667,5,36.1,52.9,24.9452,0,1,0,1,101
9759,2026-06-14T13:15:11.210Z,0,65.86667,5,36.1,52.9,24.9452,0,1,0,1,101
9760,2026-06-14T13:17:11.205Z,0,65.86667,5,36.1,52.9,24.9452,0,1,0,1,101
9761,2026-06-14T13:19:11.200Z,0,65.86667,5,36.1,52.9,24.9452,0,1,0,1,101
9762,2026-06-14T13:21:11.195Z,0,65.86667,5,36.1,52.9,24.9452,0,1,0,1,101
9763,2026-06-14T13:23:11.190Z,0,65.86667,5,36.1,52.9,24.9452,0,1,0,1,101
9764,2026-06-14T13:25:11.185Z,0,65.86667,5,36.1,52.9,24.9452,0,1,0,1,101
9765,2026-06-14T13:27:11.180Z,0,65.86667,5,36.1,52.9,24.9452,0,1,0,1,101
9766,2026-06-14T13:29:11.175Z,0,65.86667,5,36.1,52.9,24.9452,0,1,0,1,101
9767,2026-06-14T13:31:11.170Z,0,65.86667,5,36.1,52.9,24.9452,0,1,0,1,101
9768,2026-06-14T13:33:11.165Z,0,65.86667,5,36.1,52.9,24.9452,0,1,0,1,101
9769,2026-06-14T13:35:11.160Z,0,65.86667,5,36.1,52.9,24.9452,0,1,0,1,101
9770,2026-06-14T13:37:11.155Z,0,65.4,8,36.1,53.9,25.26027,0,1,0,1,101
9771,2026-06-14T13:39:11.150Z,0,65.4,8,36.1,53.9,25.26027,0,1,0,1,101
9772,2026-06-14T13:41:11.145Z,0,65.4,8,36.1,53.9,25.26027,0,1,0,1,101
9773,2026-06-14T13:43:11.140Z,0,65.4,8,36.1,53.9,25.26027,0,1,0,1,101
9774,2026-06-14T13:45:11.135Z,0,65.4,8,36.1,53.9,25.26027,0,1,0,1,101
9775,2026-06-14T13:47:11.130Z,0,65.4,8,36.1,53.9,25.26027,0,1,0,1,101
9776,2026-06-14T13:49:11.125Z,0,65.4,8,36.1,53.9,25.26027,0,1,0,1,101
9777,2026-06-14T13:51:11.120Z,0,65.4,8,36.1,53.9,25.26027,0,1,0,1,101
9778,2026-06-14T13:53:11.115Z,0,65.4,8,36.1,53.9,25.26027,0,1,0,1,101
9779,2026-06-14T13:55:11.110Z,0,65.4,8,36.1,53.9,25.26027,0,1,0,1,101
9780,2026-06-14T13:57:11.105Z,0,65.4,8,36.1,53.9,25.26027,0,1,0,1,101
9781,2026-06-14T13:59:11.100Z,0,65.4,8,36.1,53.9,25.26027,0,1,0,1,101
9782,2026-06-14T14:01:11.095Z,0,65.4,8,36.1,53.9,25.26027,0,1,0,1,101
9783,2026-06-14T14:03:11.090Z,0,65.4,8,36.1,53.9,25.26027,0,1,0,1,101
9784,2026-06-14T14:05:11.085Z,0,65.4,8,36.1,53.9,25.26027,0,1,0,1,101
9785,2026-06-14T14:07:11.080Z,0,65.4,8,36.1,53.9,25.26027,0,1,0,1,101
9786,2026-06-14T14:09:11.075Z,0,65.4,8,36.1,53.9,25.26027,0,1,0,1,101
9787,2026-06-14T14:11:11.070Z,0,65.4,8,36.1,53.9,25.26027,0,1,0,1,101
9788,2026-06-14T14:13:11.065Z,0,65.4,8,36.1,53.9,25.26027,0,1,0,1,101
9789,2026-06-14T14:15:11.060Z,0,65.4,8,36.1,53.9,25.26027,0,1,0,1,101
9790,2026-06-14T14:17:11.055Z,0,65.4,8,36.1,53.9,25.26027,0,1,0,1,101
9791,2026-06-14T14:19:11.050Z,0,65.4,8,36.1,53.9,25.26027,0,1,0,1,101
9792,2026-06-14T14:21:11.045Z,0,65.4,8,36.1,53.9,25.26027,0,1,0,1,101
9793,2026-06-14T14:23:11.040Z,0,65.4,8,36.1,53.9,25.26027,0,1,0,1,101
9794,2026-06-14T14:25:11.035Z,0,65.4,8,36.1,53.9,25.26027,0,1,0,1,101
9795,2026-06-14T14:27:11.030Z,0,65.4,8,36.1,53.9,25.26027,0,1,0,1,101
9796,2026-06-14T14:29:11.025Z,0,65.4,8,36.1,53.9,25.26027,0,1,0,1,101
9797,2026-06-14T14:31:11.020Z,0,65.4,8,36.1,53.9,25.26027,0,1,0,1,101
9798,2026-06-14T14:33:11.015Z,0,65.4,8,36.1,53.9,25.26027,0,1,0,1,101
9799,2026-06-14T14:35:11.010Z,0,66.46667,6.4,36.2,53.3,25.16395,0,1,0,1,101
9800,2026-06-14T14:37:11.005Z,0,66.46667,6.4,36.2,53.3,25.16395,0,1,0,1,101
9801,2026-06-14T14:39:11.000Z,0,66.46667,6.4,36.2,53.3,25.16395,0,1,0,1,101
9802,2026-06-14T14:41:10.995Z,0,66.46667,6.4,36.2,53.3,25.16395,0,1,0,1,101
9803,2026-06-14T14:43:10.990Z,0,66.46667,6.4,36.2,53.3,25.16395,0,1,0,1,101
9804,2026-06-14T14:45:10.985Z,0,66.46667,6.4,36.2,53.3,25.16395,0,1,0,1,101
9805,2026-06-14T14:47:10.980Z,0,66.46667,6.4,36.2,53.3,25.16395,0,1,0,1,101
9806,2026-06-14T14:49:10.975Z,0,66.46667,6.4,36.2,53.3,25.16395,0,1,0,1,101
9807,2026-06-14T14:51:10.970Z,0,66.46667,6.4,36.2,53.3,25.16395,0,1,0,1,101
9808,2026-06-14T14:53:10.965Z,0,66.46667,6.4,36.2,53.3,25.16395,0,1,0,1,101
9809,2026-06-14T14:55:10.960Z,0,66.46667,6.4,36.2,53.3,25.16395,0,1,0,1,101
9810,2026-06-14T14:57:10.955Z,0,66.46667,6.4,36.2,53.3,25.16395,0,1,0,1,101
9811,2026-06-14T14:59:10.950Z,0,66.46667,6.4,36.2,53.3,25.16395,0,1,0,1,101
9812,2026-06-14T15:01:10.945Z,0,66.46667,6.4,36.2,53.3,25.16395,0,1,0,1,101
9813,2026-06-14T15:03:10.940Z,0,66.46667,6.4,36.2,53.3,25.16395,0,1,0,1,101
9814,2026-06-14T15:05:10.935Z,0,66.46667,6.4,36.2,53.3,25.16395,0,1,0,1,101
9815,2026-06-14T15:07:10.930Z,0,66.46667,6.4,36.2,53.3,25.16395,0,1,0,1,101
9816,2026-06-14T15:09:10.925Z,0,66.46667,6.4,36.2,53.3,25.16395,0,1,0,1,101
9817,2026-06-14T15:11:10.920Z,0,66.46667,6.4,36.2,53.3,25.16395,0,1,0,1,101
9818,2026-06-14T15:13:10.915Z,0,66.46667,6.4,36.2,53.3,25.16395,0,1,0,1,101
9819,2026-06-14T15:15:10.910Z,0,66.46667,6.4,36.2,53.3,25.16395,0,1,0,1,101
9820,2026-06-14T15:17:10.905Z,0,66.46667,6.4,36.2,53.3,25.16395,0,1,0,1,101
9821,2026-06-14T15:19:10.900Z,0,66.46667,6.4,36.2,53.3,25.16395,0,1,0,1,101
9822,2026-06-14T15:21:10.895Z,0,66.46667,6.4,36.2,53.3,25.16395,0,1,0,1,101
9823,2026-06-14T15:23:10.890Z,0,66.46667,6.4,36.2,53.3,25.16395,0,1,0,1,101
9824,2026-06-14T15:25:10.885Z,0,66.46667,6.4,36.2,53.3,25.16395,0,1,0,1,101
9825,2026-06-14T15:27:10.880Z,0,66.46667,6.4,36.2,53.3,25.16395,0,1,0,1,101
9826,2026-06-14T15:29:10.875Z,0,66.46667,6.4,36.2,53.3,25.16395,0,1,0,1,101
9827,2026-06-14T15:31:10.870Z,0,66.46667,6.4,36.2,53.3,25.16395,0,1,0,1,101
9828,2026-06-14T15:33:10.865Z,0,65.66666,5.866667,36.2,53.4,25.19551,0,1,0,1,101
9829,2026-06-14T15:35:10.860Z,0,65.66666,5.866667,36.2,53.4,25.19551,0,1,0,1,101
9830,2026-06-14T15:37:10.855Z,0,65.66666,5.866667,36.2,53.4,25.19551,0,1,0,1,101
9831,2026-06-14T15:39:10.850Z,0,65.66666,5.866667,36.2,53.4,25.19551,0,1,0,1,101
9832,2026-06-14T15:41:10.845Z,0,65.66666,5.866667,36.2,53.4,25.19551,0,1,0,1,101
9833,2026-06-14T15:43:10.840Z,0,65.66666,5.866667,36.2,53.4,25.19551,0,1,0,1,101
9834,2026-06-14T15:45:10.835Z,0,65.66666,5.866667,36.2,53.4,25.19551,0,1,0,1,101
9835,2026-06-14T15:47:10.830Z,0,65.66666,5.866667,36.2,53.4,25.19551,0,1,0,1,101
9836,2026-06-14T15:49:10.825Z,0,65.66666,5.866667,36.2,53.4,25.19551,0,1,0,1,101
9837,2026-06-14T15:51:10.820Z,0,65.66666,5.866667,36.2,53.4,25.19551,0,1,0,1,101
9838,2026-06-14T15:53:10.815Z,0,65.66666,5.866667,36.2,53.4,25.19551,0,1,0,1,101
9839,2026-06-14T15:55:10.810Z,0,65.66666,5.866667,36.2,53.4,25.19551,0,1,0,1,101
9840,2026-06-14T15:57:10.805Z,0,65.66666,5.866667,36.2,53.4,25.19551,0,1,0,1,101
9841,2026-06-14T15:59:10.800Z,0,65.66666,5.866667,36.2,53.4,25.19551,0,1,0,1,101
9842,2026-06-14T16:01:10.795Z,0,65.66666,5.866667,36.2,53.4,25.19551,0,1,0,1,101
9843,2026-06-14T16:03:10.790Z,0,65.66666,5.866667,36.2,53.4,25.19551,0,1,0,1,101
9844,2026-06-14T16:05:10.785Z,0,65.66666,5.866667,36.2,53.4,25.19551,0,1,0,1,101
9845,2026-06-14T16:07:10.780Z,0,65.66666,5.866667,36.2,53.4,25.19551,0,1,0,1,101
9846,2026-06-14T16:09:10.775Z,0,65.66666,5.866667,36.2,53.4,25.19551,0,1,0,1,101
9847,2026-06-14T16:11:10.770Z,0,65.66666,5.866667,36.2,53.4,25.19551,0,1,0,1,101
9848,2026-06-14T16:13:10.765Z,0,65.66666,5.866667,36.2,53.4,25.19551,0,1,0,1,101
9849,2026-06-14T16:15:10.760Z,0,65.66666,5.866667,36.2,53.4,25.19551,0,1,0,1,101
9850,2026-06-14T16:17:10.755Z,0,65.66666,5.866667,36.2,53.4,25.19551,0,1,0,1,101
9851,2026-06-14T16:19:10.750Z,0,65.66666,5.866667,36.2,53.4,25.19551,0,1,0,1,101
9852,2026-06-14T16:21:10.745Z,0,65.66666,5.866667,36.2,53.4,25.19551,0,1,0,1,101
9853,2026-06-14T16:23:10.740Z,0,65.66666,5.866667,36.2,53.4,25.19551,0,1,0,1,101
9854,2026-06-14T16:25:10.735Z,0,65.66666,5.866667,36.2,53.4,25.19551,0,1,0,1,101
9855,2026-06-14T16:27:10.730Z,0,65.66666,5.866667,36.2,53.4,25.19551,0,1,0,1,101
9856,2026-06-14T16:29:10.725Z,0,64.73333,6.266667,36.2,53.1,25.10069,0,1,0,1,101
9857,2026-06-14T16:31:10.720Z,0,64.73333,6.266667,36.2,53.1,25.10069,0,1,0,1,101
9858,2026-06-14T16:33:10.715Z,0,64.73333,6.266667,36.2,53.1,25.10069,0,1,0,1,101
9859,2026-06-14T16:35:10.710Z,0,64.73333,6.266667,36.2,53.1,25.10069,0,1,0,1,101
9860,2026-06-14T16:37:10.705Z,0,64.73333,6.266667,36.2,53.1,25.10069,0,1,0,1,101
9861,2026-06-14T16:39:10.700Z,0,64.73333,6.266667,36.2,53.1,25.10069,0,1,0,1,101
9862,2026-06-14T16:41:10.695Z,0,64.73333,6.266667,36.2,53.1,25.10069,0,1,0,1,101
9863,2026-06-14T16:43:10.690Z,0,64.73333,6.266667,36.2,53.1,25.10069,0,1,0,1,101
9864,2026-06-14T16:45:10.685Z,0,64.73333,6.266667,36.2,53.1,25.10069,0,1,0,1,101
9865,2026-06-14T16:47:10.680Z,0,64.73333,6.266667,36.2,53.1,25.10069,0,1,0,1,101
9866,2026-06-14T16:49:10.675Z,0,64.73333,6.266667,36.2,53.1,25.10069,0,1,0,1,101
9867,2026-06-14T16:51:10.670Z,0,64.73333,6.266667,36.2,53.1,25.10069,0,1,0,1,101
9868,2026-06-14T16:53:10.665Z,0,64.73333,6.266667,36.2,53.1,25.10069,0,1,0,1,101
9869,2026-06-14T16:55:10.660Z,0,64.73333,6.266667,36.2,53.1,25.10069,0,1,0,1,101
9870,2026-06-14T16:57:10.655Z,0,64.73333,6.266667,36.2,53.1,25.10069,0,1,0,1,101
9871,2026-06-14T16:59:10.650Z,0,64.73333,6.266667,36.2,53.1,25.10069,0,1,0,1,101
9872,2026-06-14T17:01:10.645Z,0,64.73333,6.266667,36.2,53.1,25.10069,0,1,0,1,101
9873,2026-06-14T17:03:10.640Z,0,64.73333,6.266667,36.2,53.1,25.10069,0,1,0,1,101
9874,2026-06-14T17:05:10.635Z,0,64.73333,6.266667,36.2,53.1,25.10069,0,1,0,1,101
9875,2026-06-14T17:07:10.630Z,0,64.73333,6.266667,36.2,53.1,25.10069,0,1,0,1,101
9876,2026-06-14T17:09:10.625Z,0,64.73333,6.266667,36.2,53.1,25.10069,0,1,0,1,101
9877,2026-06-14T17:11:10.620Z,0,64.73333,6.266667,36.2,53.1,25.10069,0,1,0,1,101
9878,2026-06-14T17:13:10.615Z,0,64.73333,6.266667,36.2,53.1,25.10069,0,1,0,1,101
9879,2026-06-14T17:15:10.610Z,0,64.73333,6.266667,36.2,53.1,25.10069,0,1,0,1,101
9880,2026-06-14T17:17:10.605Z,0,64.73333,6.266667,36.2,53.1,25.10069,0,1,0,1,101
9881,2026-06-14T17:19:10.600Z,0,64.73333,6.266667,36.2,53.1,25.10069,0,1,0,1,101
9882,2026-06-14T17:21:10.595Z,0,64.73333,6.266667,36.2,53.1,25.10069,0,1,0,1,101
9883,2026-06-14T17:23:10.590Z,0,64.73333,6.266667,36.2,53.1,25.10069,0,1,0,1,101
9884,2026-06-14T17:25:10.585Z,0,64.73333,6.266667,36.2,53.1,25.10069,0,1,0,1,101
9885,2026-06-14T17:27:10.580Z,0,65.86667,7.333333,36.3,52.9,25.12923,0,1,0,1,101
9886,2026-06-14T17:29:10.575Z,0,65.86667,7.333333,36.3,52.9,25.12923,0,1,0,1,101
9887,2026-06-14T17:31:10.570Z,0,65.86667,7.333333,36.3,52.9,25.12923,0,1,0,1,101
9888,2026-06-14T17:33:10.565Z,0,65.86667,7.333333,36.3,52.9,25.12923,0,1,0,1,101
9889,2026-06-14T17:35:10.560Z,0,65.86667,7.333333,36.3,52.9,25.12923,0,1,0,1,101
9890,2026-06-14T17:37:10.555Z,0,65.86667,7.333333,36.3,52.9,25.12923,0,1,0,1,101
9891,2026-06-14T17:39:10.550Z,0,65.86667,7.333333,36.3,52.9,25.12923,0,1,0,1,101
9892,2026-06-14T17:41:10.545Z,0,65.86667,7.333333,36.3,52.9,25.12923,0,1,0,1,101
9893,2026-06-14T17:43:10.540Z,0,65.86667,7.333333,36.3,52.9,25.12923,0,1,0,1,101
9894,2026-06-14T17:45:10.535Z,0,65.86667,7.333333,36.3,52.9,25.12923,0,1,0,1,101
9895,2026-06-14T17:47:10.530Z,0,65.86667,7.333333,36.3,52.9,25.12923,0,1,0,1,101
9896,2026-06-14T17:49:10.525Z,0,65.86667,7.333333,36.3,52.9,25.12923,0,1,0,1,101
9897,2026-06-14T17:51:10.520Z,0,65.86667,7.333333,36.3,52.9,25.12923,0,1,0,1,101
9898,2026-06-14T17:53:10.515Z,0,65.86667,7.333333,36.3,52.9,25.12923,0,1,0,1,101
9899,2026-06-14T17:55:10.510Z,0,65.86667,7.333333,36.3,52.9,25.12923,0,1,0,1,101
9900,2026-06-14T17:57:10.505Z,0,65.86667,7.333333,36.3,52.9,25.12923,0,1,0,1,101
9901,2026-06-14T17:59:10.500Z,0,65.86667,7.333333,36.3,52.9,25.12923,0,1,0,1,101
9902,2026-06-14T18:01:10.495Z,0,65.86667,7.333333,36.3,52.9,25.12923,0,1,0,1,101
9903,2026-06-14T18:03:10.490Z,0,65.86667,7.333333,36.3,52.9,25.12923,0,1,0,1,101
9904,2026-06-14T18:05:10.485Z,0,65.86667,7.333333,36.3,52.9,25.12923,0,1,0,1,101
9905,2026-06-14T18:07:10.480Z,0,65.86667,7.333333,36.3,52.9,25.12923,0,1,0,1,101
9906,2026-06-14T18:09:10.475Z,0,65.86667,7.333333,36.3,52.9,25.12923,0,1,0,1,101
9907,2026-06-14T18:11:10.470Z,0,65.86667,7.333333,36.3,52.9,25.12923,0,1,0,1,101
9908,2026-06-14T18:13:10.465Z,0,65.86667,7.333333,36.3,52.9,25.12923,0,1,0,1,101
9909,2026-06-14T18:15:10.460Z,0,65.86667,7.333333,36.3,52.9,25.12923,0,1,0,1,101
9910,2026-06-14T18:17:10.455Z,0,65.86667,7.333333,36.3,52.9,25.12923,0,1,0,1,101
9911,2026-06-14T18:19:10.450Z,0,65.86667,7.333333,36.3,52.9,25.12923,0,1,0,1,101
9912,2026-06-14T18:21:10.445Z,0,65.86667,7.333333,36.3,52.9,25.12923,0,1,0,1,101
9913,2026-06-14T18:23:10.440Z,0,65.86667,7.333333,36.3,52.9,25.12923,0,1,0,1,101
9914,2026-06-14T18:25:10.435Z,0,66.33334,7.4,36.2,52.1,24.78122,0,1,0,1,101
9915,2026-06-14T18:27:10.430Z,0,66.33334,7.4,36.2,52.1,24.78122,0,1,0,1,101
9916,2026-06-14T18:29:10.425Z,0,66.33334,7.4,36.2,52.1,24.78122,0,1,0,1,101
9917,2026-06-14T18:31:10.420Z,0,66.33334,7.4,36.2,52.1,24.78122,0,1,0,1,101
9918,2026-06-14T18:33:10.415Z,0,66.33334,7.4,36.2,52.1,24.78122,0,1,0,1,101
9919,2026-06-14T18:35:10.410Z,0,66.33334,7.4,36.2,52.1,24.78122,0,1,0,1,101
9920,2026-06-14T18:37:10.405Z,0,66.33334,7.4,36.2,52.1,24.78122,0,1,0,1,101
9921,2026-06-14T18:39:10.400Z,0,66.33334,7.4,36.2,52.1,24.78122,0,1,0,1,101
9922,2026-06-14T18:41:10.395Z,0,66.33334,7.4,36.2,52.1,24.78122,0,1,0,1,101
9923,2026-06-14T18:43:10.390Z,0,66.33334,7.4,36.2,52.1,24.78122,0,1,0,1,101
9924,2026-06-14T18:45:10.385Z,0,66.33334,7.4,36.2,52.1,24.78122,0,1,0,1,101
9925,2026-06-14T18:47:10.380Z,0,66.33334,7.4,36.2,52.1,24.78122,0,1,0,1,101
9926,2026-06-14T18:49:10.375Z,0,66.33334,7.4,36.2,52.1,24.78122,0,1,0,1,101
9927,2026-06-14T18:51:10.370Z,0,66.33334,7.4,36.2,52.1,24.78122,0,1,0,1,101
9928,2026-06-14T18:53:10.365Z,0,66.33334,7.4,36.2,52.1,24.78122,0,1,0,1,101
9929,2026-06-14T18:55:10.360Z,0,66.33334,7.4,36.2,52.1,24.78122,0,1,0,1,101
9930,2026-06-14T18:57:10.355Z,0,66.33334,7.4,36.2,52.1,24.78122,0,1,0,1,101
9931,2026-06-14T18:59:10.350Z,0,66.33334,7.4,36.2,52.1,24.78122,0,1,0,1,101
9932,2026-06-14T19:01:10.345Z,0,66.33334,7.4,36.2,52.1,24.78122,0,1,0,1,101
9933,2026-06-14T19:03:10.340Z,0,66.33334,7.4,36.2,52.1,24.78122,0,1,0,1,101
9934,2026-06-14T19:05:10.335Z,0,66.33334,7.4,36.2,52.1,24.78122,0,1,0,1,101
9935,2026-06-14T19:07:10.330Z,0,66.33334,7.4,36.2,52.1,24.78122,0,1,0,1,101
9936,2026-06-14T19:09:10.325Z,0,66.33334,7.4,36.2,52.1,24.78122,0,1,0,1,101
9937,2026-06-14T19:11:10.320Z,0,66.33334,7.4,36.2,52.1,24.78122,0,1,0,1,101
9938,2026-06-14T19:13:10.315Z,0,66.33334,7.4,36.2,52.1,24.78122,0,1,0,1,101
9939,2026-06-14T19:15:10.310Z,0,66.33334,7.4,36.2,52.1,24.78122,0,1,0,1,101
9940,2026-06-14T19:17:10.305Z,0,66.33334,7.4,36.2,52.1,24.78122,0,1,0,1,101
9941,2026-06-14T19:19:10.300Z,0,66.33334,7.4,36.2,52.1,24.78122,0,1,0,1,101
9942,2026-06-14T19:21:10.295Z,0,67.66666,7.333333,36.2,52.5,24.90964,0,1,0,1,101
9943,2026-06-14T19:23:10.290Z,0,67.66666,7.333333,36.2,52.5,24.90964,0,1,0,1,101
9944,2026-06-14T19:25:10.285Z,0,67.66666,7.333333,36.2,52.5,24.90964,0,1,0,1,101
9945,2026-06-14T19:27:10.280Z,0,67.66666,7.333333,36.2,52.5,24.90964,0,1,0,1,101
9946,2026-06-14T19:29:10.275Z,0,67.66666,7.333333,36.2,52.5,24.90964,0,1,0,1,101
9947,2026-06-14T19:31:10.270Z,0,67.66666,7.333333,36.2,52.5,24.90964,0,1,0,1,101
9948,2026-06-14T19:33:10.265Z,0,67.66666,7.333333,36.2,52.5,24.90964,0,1,0,1,101
9949,2026-06-14T19:35:10.260Z,0,67.66666,7.333333,36.2,52.5,24.90964,0,1,0,1,101
9950,2026-06-14T19:37:10.255Z,0,67.66666,7.333333,36.2,52.5,24.90964,0,1,0,1,101
9951,2026-06-14T19:39:10.250Z,0,67.66666,7.333333,36.2,52.5,24.90964,0,1,0,1,101
9952,2026-06-14T19:41:10.245Z,0,67.66666,7.333333,36.2,52.5,24.90964,0,1,0,1,101
9953,2026-06-14T19:43:10.240Z,0,67.66666,7.333333,36.2,52.5,24.90964,0,1,0,1,101
9954,2026-06-14T19:45:10.235Z,0,67.66666,7.333333,36.2,52.5,24.90964,0,1,0,1,101
9955,2026-06-14T19:47:10.230Z,0,67.66666,7.333333,36.2,52.5,24.90964,0,1,0,1,101
9956,2026-06-14T19:49:10.225Z,0,67.66666,7.333333,36.2,52.5,24.90964,0,1,0,1,101
9957,2026-06-14T19:51:10.220Z,0,67.66666,7.333333,36.2,52.5,24.90964,0,1,0,1,101
9958,2026-06-14T19:53:10.215Z,0,67.66666,7.333333,36.2,52.5,24.90964,0,1,0,1,101
9959,2026-06-14T19:55:10.210Z,0,67.66666,7.333333,36.2,52.5,24.90964,0,1,0,1,101
9960,2026-06-14T19:57:10.205Z,0,67.66666,7.333333,36.2,52.5,24.90964,0,1,0,1,101
9961,2026-06-14T19:59:10.200Z,0,67.66666,7.333333,36.2,52.5,24.90964,0,1,0,1,101
9962,2026-06-14T20:01:10.195Z,0,67.66666,7.333333,36.2,52.5,24.90964,0,1,0,1,101
9963,2026-06-14T20:03:10.190Z,0,67.66666,7.333333,36.2,52.5,24.90964,0,1,0,1,101
9964,2026-06-14T20:05:10.185Z,0,67.66666,7.333333,36.2,52.5,24.90964,0,1,0,1,101
9965,2026-06-14T20:07:10.180Z,0,67.66666,7.333333,36.2,52.5,24.90964,0,1,0,1,101
9966,2026-06-14T20:09:10.175Z,0,67.66666,7.333333,36.2,52.5,24.90964,0,1,0,1,101
9967,2026-06-14T20:11:10.170Z,0,67.66666,7.333333,36.2,52.5,24.90964,0,1,0,1,101
9968,2026-06-14T20:13:10.165Z,0,67.66666,7.333333,36.2,52.5,24.90964,0,1,0,1,101
9969,2026-06-14T20:15:10.160Z,0,67.66666,7.333333,36.2,52.5,24.90964,0,1,0,1,101
9970,2026-06-14T20:17:10.155Z,0,67.66666,7.333333,36.2,52.5,24.90964,0,1,0,1,101
9971,2026-06-14T20:19:10.150Z,0,66.33334,7.733333,36.3,52.2,24.90526,0,1,0,1,101
9972,2026-06-14T20:21:10.145Z,0,66.33334,7.733333,36.3,52.2,24.90526,0,1,0,1,101
9973,2026-06-14T20:23:10.140Z,0,66.33334,7.733333,36.3,52.2,24.90526,0,1,0,1,101
9974,2026-06-14T20:25:10.135Z,0,66.33334,7.733333,36.3,52.2,24.90526,0,1,0,1,101
9975,2026-06-14T20:27:10.130Z,0,66.33334,7.733333,36.3,52.2,24.90526,0,1,0,1,101
9976,2026-06-14T20:29:10.125Z,0,66.33334,7.733333,36.3,52.2,24.90526,0,1,0,1,101
9977,2026-06-14T20:31:10.120Z,0,66.33334,7.733333,36.3,52.2,24.90526,0,1,0,1,101
9978,2026-06-14T20:33:10.115Z,0,66.33334,7.733333,36.3,52.2,24.90526,0,1,0,1,101
9979,2026-06-14T20:35:10.110Z,0,66.33334,7.733333,36.3,52.2,24.90526,0,1,0,1,101
9980,2026-06-14T20:37:10.105Z,0,66.33334,7.733333,36.3,52.2,24.90526,0,1,0,1,101
9981,2026-06-14T20:39:10.100Z,0,66.33334,7.733333,36.3,52.2,24.90526,0,1,0,1,101
9982,2026-06-14T20:41:10.095Z,0,66.33334,7.733333,36.3,52.2,24.90526,0,1,0,1,101
9983,2026-06-14T20:43:10.090Z,0,66.33334,7.733333,36.3,52.2,24.90526,0,1,0,1,101
9984,2026-06-14T20:45:10.085Z,0,66.33334,7.733333,36.3,52.2,24.90526,0,1,0,1,101
9985,2026-06-14T20:47:10.080Z,0,66.33334,7.733333,36.3,52.2,24.90526,0,1,0,1,101
9986,2026-06-14T20:49:10.075Z,0,66.33334,7.733333,36.3,52.2,24.90526,0,1,0,1,101
9987,2026-06-14T20:51:10.070Z,0,66.33334,7.733333,36.3,52.2,24.90526,0,1,0,1,101
9988,2026-06-14T20:53:10.065Z,0,66.33334,7.733333,36.3,52.2,24.90526,0,1,0,1,101
9989,2026-06-14T20:55:10.060Z,0,66.33334,7.733333,36.3,52.2,24.90526,0,1,0,1,101
9990,2026-06-14T20:57:10.055Z,0,66.33334,7.733333,36.3,52.2,24.90526,0,1,0,1,101
9991,2026-06-14T20:59:10.050Z,0,66.33334,7.733333,36.3,52.2,24.90526,0,1,0,1,101
9992,2026-06-14T21:01:10.045Z,0,66.33334,7.733333,36.3,52.2,24.90526,0,1,0,1,101
9993,2026-06-14T21:03:10.040Z,0,66.33334,7.733333,36.3,52.2,24.90526,0,1,0,1,101
9994,2026-06-14T21:05:10.035Z,0,66.33334,7.733333,36.3,52.2,24.90526,0,1,0,1,101
9995,2026-06-14T21:07:10.030Z,0,66.33334,7.733333,36.3,52.2,24.90526,0,1,0,1,101
9996,2026-06-14T21:09:10.025Z,0,66.33334,7.733333,36.3,52.2,24.90526,0,1,0,1,101
9997,2026-06-14T21:11:10.020Z,0,66.33334,7.733333,36.3,52.2,24.90526,0,1,0,1,101
9998,2026-06-14T21:13:10.015Z,0,66.33334,7.733333,36.3,52.2,24.90526,0,1,0,1,101
9999,2026-06-14T21:15:10.010Z,0,66.33334,7.733333,36.3,52.2,24.90526,0,1,0,1,101
10000,2026-06-14T21:17:10.005Z,0,65.73333,9.133333,36.3,52.1,24.87305,0,1,0,1,101
10001,2026-06-14T21:19:10.000Z,0,65.73333,9.133333,36.3,52.1,24.87305,0,1,0,1,101
10002,2026-06-14T21:21:09.995Z,0,65.73333,9.133333,36.3,52.1,24.87305,0,1,0,1,101
10003,2026-06-14T21:23:09.990Z,0,65.73333,9.133333,36.3,52.1,24.87305,0,1,0,1,101
10004,2026-06-14T21:25:09.985Z,0,65.73333,9.133333,36.3,52.1,24.87305,0,1,0,1,101
10005,2026-06-14T21:27:09.980Z,0,65.73333,9.133333,36.3,52.1,24.87305,0,1,0,1,101
10006,2026-06-14T21:29:09.975Z,0,65.73333,9.133333,36.3,52.1,24.87305,0,1,0,1,101
10007,2026-06-14T21:31:09.970Z,0,65.73333,9.133333,36.3,52.1,24.87305,0,1,0,1,101
10008,2026-06-14T21:33:09.965Z,0,65.73333,9.133333,36.3,52.1,24.87305,0,1,0,1,101
10009,2026-06-14T21:35:09.960Z,0,65.73333,9.133333,36.3,52.1,24.87305,0,1,0,1,101
10010,2026-06-14T21:37:09.955Z,0,65.73333,9.133333,36.3,52.1,24.87305,0,1,0,1,101
10011,2026-06-14T21:39:09.950Z,0,65.73333,9.133333,36.3,52.1,24.87305,0,1,0,1,101
10012,2026-06-14T21:41:09.945Z,0,65.73333,9.133333,36.3,52.1,24.87305,0,1,0,1,101
10013,2026-06-14T21:43:09.940Z,0,65.73333,9.133333,36.3,52.1,24.87305,0,1,0,1,101
10014,2026-06-14T21:45:09.935Z,0,65.73333,9.133333,36.3,52.1,24.87305,0,1,0,1,101
10015,2026-06-14T21:47:09.930Z,0,65.73333,9.133333,36.3,52.1,24.87305,0,1,0,1,101
10016,2026-06-14T21:49:09.925Z,0,65.73333,9.133333,36.3,52.1,24.87305,0,1,0,1,101
10017,2026-06-14T21:51:09.920Z,0,65.73333,9.133333,36.3,52.1,24.87305,0,1,0,1,101
10018,2026-06-14T21:53:09.915Z,0,65.73333,9.133333,36.3,52.1,24.87305,0,1,0,1,101
10019,2026-06-14T21:55:09.910Z,0,65.73333,9.133333,36.3,52.1,24.87305,0,1,0,1,101
10020,2026-06-14T21:57:09.905Z,0,65.73333,9.133333,36.3,52.1,24.87305,0,1,0,1,101
10021,2026-06-14T21:59:09.900Z,0,65.73333,9.133333,36.3,52.1,24.87305,0,1,0,1,101
10022,2026-06-14T22:01:09.895Z,0,65.73333,9.133333,36.3,52.1,24.87305,0,1,0,1,101
10023,2026-06-14T22:03:09.890Z,0,65.73333,9.133333,36.3,52.1,24.87305,0,1,0,1,101
10024,2026-06-14T22:05:09.885Z,0,65.73333,9.133333,36.3,52.1,24.87305,0,1,0,1,101
10025,2026-06-14T22:07:09.880Z,0,65.73333,9.133333,36.3,52.1,24.87305,0,1,0,1,101
10026,2026-06-14T22:09:09.875Z,0,65.73333,9.133333,36.3,52.1,24.87305,0,1,0,1,101
10027,2026-06-14T22:11:09.870Z,0,65.73333,9.133333,36.3,52.1,24.87305,0,1,0,1,101
10028,2026-06-14T22:13:09.865Z,0,66.86667,9.133333,36.3,52,24.84079,0,1,0,1,101
10029,2026-06-14T22:15:09.860Z,0,66.86667,9.133333,36.3,52,24.84079,0,1,0,1,101
10030,2026-06-14T22:17:09.855Z,0,66.86667,9.133333,36.3,52,24.84079,0,1,0,1,101
10031,2026-06-14T22:19:09.850Z,0,66.86667,9.133333,36.3,52,24.84079,0,1,0,1,101
10032,2026-06-14T22:21:09.845Z,0,66.86667,9.133333,36.3,52,24.84079,0,1,0,1,101
10033,2026-06-14T22:23:09.840Z,0,66.86667,9.133333,36.3,52,24.84079,0,1,0,1,101
10034,2026-06-14T22:25:09.835Z,0,66.86667,9.133333,36.3,52,24.84079,0,1,0,1,101
10035,2026-06-14T22:27:09.830Z,0,66.86667,9.133333,36.3,52,24.84079,0,1,0,1,101
10036,2026-06-14T22:29:09.825Z,0,66.86667,9.133333,36.3,52,24.84079,0,1,0,1,101
10037,2026-06-14T22:31:09.820Z,0,66.86667,9.133333,36.3,52,24.84079,0,1,0,1,101
10038,2026-06-14T22:33:09.815Z,0,66.86667,9.133333,36.3,52,24.84079,0,1,0,1,101
10039,2026-06-14T22:35:09.810Z,0,66.86667,9.133333,36.3,52,24.84079,0,1,0,1,101
10040,2026-06-14T22:37:09.805Z,0,66.86667,9.133333,36.3,52,24.84079,0,1,0,1,101
10041,2026-06-14T22:39:09.800Z,0,66.86667,9.133333,36.3,52,24.84079,0,1,0,1,101
10042,2026-06-14T22:41:09.795Z,0,66.86667,9.133333,36.3,52,24.84079,0,1,0,1,101
10043,2026-06-14T22:43:09.790Z,0,66.86667,9.133333,36.3,52,24.84079,0,1,0,1,101
10044,2026-06-14T22:45:09.785Z,0,66.86667,9.133333,36.3,52,24.84079,0,1,0,1,101
10045,2026-06-14T22:47:09.780Z,0,66.86667,9.133333,36.3,52,24.84079,0,1,0,1,101
10046,2026-06-14T22:49:09.775Z,0,66.86667,9.133333,36.3,52,24.84079,0,1,0,1,101
10047,2026-06-14T22:51:09.770Z,0,66.86667,9.133333,36.3,52,24.84079,0,1,0,1,101
10048,2026-06-14T22:53:09.765Z,0,66.86667,9.133333,36.3,52,24.84079,0,1,0,1,101
10049,2026-06-14T22:55:09.760Z,0,66.86667,9.133333,36.3,52,24.84079,0,1,0,1,101
10050,2026-06-14T22:57:09.755Z,0,66.86667,9.133333,36.3,52,24.84079,0,1,0,1,101
10051,2026-06-14T22:59:09.750Z,0,66.86667,9.133333,36.3,52,24.84079,0,1,0,1,101
10052,2026-06-14T23:01:09.745Z,0,66.86667,9.133333,36.3,52,24.84079,0,1,0,1,101
10053,2026-06-14T23:03:09.740Z,0,66.86667,9.133333,36.3,52,24.84079,0,1,0,1,101
10054,2026-06-14T23:05:09.735Z,0,66.86667,9.133333,36.3,52,24.84079,0,1,0,1,101
10055,2026-06-14T23:07:09.730Z,0,66.86667,9.133333,36.3,52,24.84079,0,1,0,1,101
10056,2026-06-14T23:09:09.725Z,0,66.86667,9.133333,36.3,52,24.84079,0,1,0,1,101
10057,2026-06-14T23:11:09.720Z,0,66.66666,9.6,36.3,51.4,24.64606,0,1,0,1,101
10058,2026-06-14T23:13:09.715Z,0,66.66666,9.6,36.3,51.4,24.64606,0,1,0,1,101
10059,2026-06-14T23:15:09.710Z,0,66.66666,9.6,36.3,51.4,24.64606,0,1,0,1,101
10060,2026-06-14T23:17:09.705Z,0,66.66666,9.6,36.3,51.4,24.64606,0,1,0,1,101
10061,2026-06-14T23:19:09.700Z,0,66.66666,9.6,36.3,51.4,24.64606,0,1,0,1,101
10062,2026-06-14T23:21:09.695Z,0,66.66666,9.6,36.3,51.4,24.64606,0,1,0,1,101
10063,2026-06-14T23:23:09.690Z,0,66.66666,9.6,36.3,51.4,24.64606,0,1,0,1,101
10064,2026-06-14T23:25:09.685Z,0,66.66666,9.6,36.3,51.4,24.64606,0,1,0,1,101
10065,2026-06-14T23:27:09.680Z,0,66.66666,9.6,36.3,51.4,24.64606,0,1,0,1,101
10066,2026-06-14T23:29:09.675Z,0,66.66666,9.6,36.3,51.4,24.64606,0,1,0,1,101
10067,2026-06-14T23:31:09.670Z,0,66.66666,9.6,36.3,51.4,24.64606,0,1,0,1,101
10068,2026-06-14T23:33:09.665Z,0,66.66666,9.6,36.3,51.4,24.64606,0,1,0,1,101
10069,2026-06-14T23:35:09.660Z,0,66.66666,9.6,36.3,51.4,24.64606,0,1,0,1,101
10070,2026-06-14T23:37:09.655Z,0,66.66666,9.6,36.3,51.4,24.64606,0,1,0,1,101
10071,2026-06-14T23:39:09.650Z,0,66.66666,9.6,36.3,51.4,24.64606,0,1,0,1,101
10072,2026-06-14T23:41:09.645Z,0,66.66666,9.6,36.3,51.4,24.64606,0,1,0,1,101
10073,2026-06-14T23:43:09.640Z,0,66.66666,9.6,36.3,51.4,24.64606,0,1,0,1,101
10074,2026-06-14T23:45:09.635Z,0,66.66666,9.6,36.3,51.4,24.64606,0,1,0,1,101
10075,2026-06-14T23:47:09.630Z,0,66.66666,9.6,36.3,51.4,24.64606,0,1,0,1,101
10076,2026-06-14T23:49:09.625Z,0,66.66666,9.6,36.3,51.4,24.64606,0,1,0,1,101
10077,2026-06-14T23:51:09.620Z,0,66.66666,9.6,36.3,51.4,24.64606,0,1,0,1,101
10078,2026-06-14T23:53:09.615Z,0,66.66666,9.6,36.3,51.4,24.64606,0,1,0,1,101
10079,2026-06-14T23:55:09.610Z,0,66.66666,9.6,36.3,51.4,24.64606,0,1,0,1,101
10080,2026-06-14T23:57:09.605Z,0,66.66666,9.6,36.3,51.4,24.64606,0,1,0,1,101
10081,2026-06-14T23:59:09.600Z,0,66.66666,9.6,36.3,51.4,24.64606,0,1,0,1,101
10082,2026-06-15T00:01:09.595Z,0,66.66666,9.6,36.3,51.4,24.64606,0,1,0,1,101
10083,2026-06-15T00:03:09.590Z,0,66.66666,9.6,36.3,51.4,24.64606,0,1,0,1,101
10084,2026-06-15T00:05:09.585Z,0,66.66666,9.6,36.3,51.4,24.64606,0,1,0,1,101
10085,2026-06-15T00:07:09.580Z,0,66.66666,9.6,36.3,51.4,24.64606,0,1,0,1,101
10086,2026-06-15T00:09:09.575Z,0,66.26667,10.33333,36.4,51.9,24.90026,0,1,0,1,101
10087,2026-06-15T00:11:09.570Z,0,66.26667,10.33333,36.4,51.9,24.90026,0,1,0,1,101
10088,2026-06-15T00:13:09.565Z,0,66.26667,10.33333,36.4,51.9,24.90026,0,1,0,1,101
10089,2026-06-15T00:15:09.560Z,0,66.26667,10.33333,36.4,51.9,24.90026,0,1,0,1,101
10090,2026-06-15T00:17:09.555Z,0,66.26667,10.33333,36.4,51.9,24.90026,0,1,0,1,101
10091,2026-06-15T00:19:09.550Z,0,66.26667,10.33333,36.4,51.9,24.90026,0,1,0,1,101
10092,2026-06-15T00:21:09.545Z,0,66.26667,10.33333,36.4,51.9,24.90026,0,1,0,1,101
10093,2026-06-15T00:23:09.540Z,0,66.26667,10.33333,36.4,51.9,24.90026,0,1,0,1,101
10094,2026-06-15T00:25:09.535Z,0,66.26667,10.33333,36.4,51.9,24.90026,0,1,0,1,101
10095,2026-06-15T00:27:09.530Z,0,66.26667,10.33333,36.4,51.9,24.90026,0,1,0,1,101
10096,2026-06-15T00:29:09.525Z,0,66.26667,10.33333,36.4,51.9,24.90026,0,1,0,1,101
10097,2026-06-15T00:31:09.520Z,0,66.26667,10.33333,36.4,51.9,24.90026,0,1,0,1,101
10098,2026-06-15T00:33:09.515Z,0,66.26667,10.33333,36.4,51.9,24.90026,0,1,0,1,101
10099,2026-06-15T00:35:09.510Z,0,66.26667,10.33333,36.4,51.9,24.90026,0,1,0,1,101
10100,2026-06-15T00:37:09.505Z,0,66.26667,10.33333,36.4,51.9,24.90026,0,1,0,1,101
10101,2026-06-15T00:39:09.500Z,0,66.26667,10.33333,36.4,51.9,24.90026,0,1,0,1,101
10102,2026-06-15T00:41:09.495Z,0,66.26667,10.33333,36.4,51.9,24.90026,0,1,0,1,101
10103,2026-06-15T00:43:09.490Z,0,66.26667,10.33333,36.4,51.9,24.90026,0,1,0,1,101
10104,2026-06-15T00:45:09.485Z,0,66.26667,10.33333,36.4,51.9,24.90026,0,1,0,1,101
10105,2026-06-15T00:47:09.480Z,0,66.26667,10.33333,36.4,51.9,24.90026,0,1,0,1,101
10106,2026-06-15T00:49:09.475Z,0,66.26667,10.33333,36.4,51.9,24.90026,0,1,0,1,101
10107,2026-06-15T00:51:09.470Z,0,66.26667,10.33333,36.4,51.9,24.90026,0,1,0,1,101
10108,2026-06-15T00:53:09.465Z,0,66.26667,10.33333,36.4,51.9,24.90026,0,1,0,1,101
10109,2026-06-15T00:55:09.460Z,0,66.26667,10.33333,36.4,51.9,24.90026,0,1,0,1,101
10110,2026-06-15T00:57:09.455Z,0,66.26667,10.33333,36.4,51.9,24.90026,0,1,0,1,101
10111,2026-06-15T00:59:09.450Z,0,66.26667,10.33333,36.4,51.9,24.90026,0,1,0,1,101
10112,2026-06-15T01:01:09.445Z,0,66.26667,10.33333,36.4,51.9,24.90026,0,1,0,1,101
10113,2026-06-15T01:03:09.440Z,0,66.26667,10.33333,36.4,51.9,24.90026,0,1,0,1,101
10114,2026-06-15T01:05:09.435Z,0,67.06667,10.73333,36.4,51.5,24.77035,0,1,0,1,101
10115,2026-06-15T01:07:09.430Z,0,67.06667,10.73333,36.4,51.5,24.77035,0,1,0,1,101
10116,2026-06-15T01:09:09.425Z,0,67.06667,10.73333,36.4,51.5,24.77035,0,1,0,1,101
10117,2026-06-15T01:11:09.420Z,0,67.06667,10.73333,36.4,51.5,24.77035,0,1,0,1,101
10118,2026-06-15T01:13:09.415Z,0,67.06667,10.73333,36.4,51.5,24.77035,0,1,0,1,101
10119,2026-06-15T01:15:09.410Z,0,67.06667,10.73333,36.4,51.5,24.77035,0,1,0,1,101
10120,2026-06-15T01:17:09.405Z,0,67.06667,10.73333,36.4,51.5,24.77035,0,1,0,1,101
10121,2026-06-15T01:19:09.400Z,0,67.06667,10.73333,36.4,51.5,24.77035,0,1,0,1,101
10122,2026-06-15T01:21:09.395Z,0,67.06667,10.73333,36.4,51.5,24.77035,0,1,0,1,101
10123,2026-06-15T01:23:09.390Z,0,67.06667,10.73333,36.4,51.5,24.77035,0,1,0,1,101
10124,2026-06-15T01:25:09.385Z,0,67.06667,10.73333,36.4,51.5,24.77035,0,1,0,1,101
10125,2026-06-15T01:27:09.380Z,0,67.06667,10.73333,36.4,51.5,24.77035,0,1,0,1,101
10126,2026-06-15T01:29:09.375Z,0,67.06667,10.73333,36.4,51.5,24.77035,0,1,0,1,101
10127,2026-06-15T01:31:09.370Z,0,67.06667,10.73333,36.4,51.5,24.77035,0,1,0,1,101
10128,2026-06-15T01:33:09.365Z,0,67.06667,10.73333,36.4,51.5,24.77035,0,1,0,1,101
10129,2026-06-15T01:35:09.360Z,0,67.06667,10.73333,36.4,51.5,24.77035,0,1,0,1,101
10130,2026-06-15T01:37:09.355Z,0,67.06667,10.73333,36.4,51.5,24.77035,0,1,0,1,101
10131,2026-06-15T01:39:09.350Z,0,67.06667,10.73333,36.4,51.5,24.77035,0,1,0,1,101
10132,2026-06-15T01:41:09.345Z,0,67.06667,10.73333,36.4,51.5,24.77035,0,1,0,1,101
10133,2026-06-15T01:43:09.340Z,0,67.06667,10.73333,36.4,51.5,24.77035,0,1,0,1,101
10134,2026-06-15T01:45:09.335Z,0,67.06667,10.73333,36.4,51.5,24.77035,0,1,0,1,101
10135,2026-06-15T01:47:09.330Z,0,67.06667,10.73333,36.4,51.5,24.77035,0,1,0,1,101
10136,2026-06-15T01:49:09.325Z,0,67.06667,10.73333,36.4,51.5,24.77035,0,1,0,1,101
10137,2026-06-15T01:51:09.320Z,0,67.06667,10.73333,36.4,51.5,24.77035,0,1,0,1,101
10138,2026-06-15T01:53:09.315Z,0,67.06667,10.73333,36.4,51.5,24.77035,0,1,0,1,101
10139,2026-06-15T01:55:09.310Z,0,67.06667,10.73333,36.4,51.5,24.77035,0,1,0,1,101
10140,2026-06-15T01:57:09.305Z,0,67.06667,10.73333,36.4,51.5,24.77035,0,1,0,1,101
10141,2026-06-15T01:59:09.300Z,0,67.06667,10.73333,36.4,51.5,24.77035,0,1,0,1,101
10142,2026-06-15T02:01:09.295Z,0,67.06667,10.73333,36.4,51.5,24.77035,0,1,0,1,101
10143,2026-06-15T02:03:09.290Z,0,66.33334,9.066667,36.4,51.3,24.70507,0,1,0,1,101
10144,2026-06-15T02:05:09.285Z,0,66.33334,9.066667,36.4,51.3,24.70507,0,1,0,1,101
10145,2026-06-15T02:07:09.280Z,0,66.33334,9.066667,36.4,51.3,24.70507,0,1,0,1,101
10146,2026-06-15T02:09:09.275Z,0,66.33334,9.066667,36.4,51.3,24.70507,0,1,0,1,101
10147,2026-06-15T02:11:09.270Z,0,66.33334,9.066667,36.4,51.3,24.70507,0,1,0,1,101
10148,2026-06-15T02:13:09.265Z,0,66.33334,9.066667,36.4,51.3,24.70507,0,1,0,1,101
10149,2026-06-15T02:15:09.260Z,0,66.33334,9.066667,36.4,51.3,24.70507,0,1,0,1,101
10150,2026-06-15T02:17:09.255Z,0,66.33334,9.066667,36.4,51.3,24.70507,0,1,0,1,101
10151,2026-06-15T02:19:09.250Z,0,66.33334,9.066667,36.4,51.3,24.70507,0,1,0,1,101
10152,2026-06-15T02:21:09.245Z,0,66.33334,9.066667,36.4,51.3,24.70507,0,1,0,1,101
10153,2026-06-15T02:23:09.240Z,0,66.33334,9.066667,36.4,51.3,24.70507,0,1,0,1,101
10154,2026-06-15T02:25:09.235Z,0,66.33334,9.066667,36.4,51.3,24.70507,0,1,0,1,101
10155,2026-06-15T02:27:09.230Z,0,66.33334,9.066667,36.4,51.3,24.70507,0,1,0,1,101
10156,2026-06-15T02:29:09.225Z,0,66.33334,9.066667,36.4,51.3,24.70507,0,1,0,1,101
10157,2026-06-15T02:31:09.220Z,0,66.33334,9.066667,36.4,51.3,24.70507,0,1,0,1,101
10158,2026-06-15T02:33:09.215Z,0,66.33334,9.066667,36.4,51.3,24.70507,0,1,0,1,101
10159,2026-06-15T02:35:09.210Z,0,66.33334,9.066667,36.4,51.3,24.70507,0,1,0,1,101
10160,2026-06-15T02:37:09.205Z,0,66.33334,9.066667,36.4,51.3,24.70507,0,1,0,1,101
10161,2026-06-15T02:39:09.200Z,0,66.33334,9.066667,36.4,51.3,24.70507,0,1,0,1,101
10162,2026-06-15T02:41:09.195Z,0,66.33334,9.066667,36.4,51.3,24.70507,0,1,0,1,101
10163,2026-06-15T02:43:09.190Z,0,66.33334,9.066667,36.4,51.3,24.70507,0,1,0,1,101
10164,2026-06-15T02:45:09.185Z,0,66.33334,9.066667,36.4,51.3,24.70507,0,1,0,1,101
10165,2026-06-15T02:47:09.180Z,0,66.33334,9.066667,36.4,51.3,24.70507,0,1,0,1,101
10166,2026-06-15T02:49:09.175Z,0,66.33334,9.066667,36.4,51.3,24.70507,0,1,0,1,101
10167,2026-06-15T02:51:09.170Z,0,66.33334,9.066667,36.4,51.3,24.70507,0,1,0,1,101
10168,2026-06-15T02:53:09.165Z,0,66.33334,9.066667,36.4,51.3,24.70507,0,1,0,1,101
10169,2026-06-15T02:55:09.160Z,0,66.33334,9.066667,36.4,51.3,24.70507,0,1,0,1,101
10170,2026-06-15T02:57:09.155Z,0,66.33334,9.066667,36.4,51.3,24.70507,0,1,0,1,101
10171,2026-06-15T02:59:09.150Z,0,66.33334,9.066667,36.4,51.3,24.70507,0,1,0,1,101
10172,2026-06-15T03:01:09.145Z,0,67.46667,9,36.5,53.1,25.37685,0,1,0,1,101
10173,2026-06-15T03:03:09.140Z,0,67.46667,9,36.5,53.1,25.37685,0,1,0,1,101
10174,2026-06-15T03:05:09.135Z,0,67.46667,9,36.5,53.1,25.37685,0,1,0,1,101
10175,2026-06-15T03:07:09.130Z,0,67.46667,9,36.5,53.1,25.37685,0,1,0,1,101
10176,2026-06-15T03:09:09.125Z,0,67.46667,9,36.5,53.1,25.37685,0,1,0,1,101
10177,2026-06-15T03:11:09.120Z,0,67.46667,9,36.5,53.1,25.37685,0,1,0,1,101
10178,2026-06-15T03:13:09.115Z,0,67.46667,9,36.5,53.1,25.37685,0,1,0,1,101
10179,2026-06-15T03:15:09.110Z,0,67.46667,9,36.5,53.1,25.37685,0,1,0,1,101
10180,2026-06-15T03:17:09.105Z,0,67.46667,9,36.5,53.1,25.37685,0,1,0,1,101
10181,2026-06-15T03:19:09.100Z,0,67.46667,9,36.5,53.1,25.37685,0,1,0,1,101
10182,2026-06-15T03:21:09.095Z,0,67.46667,9,36.5,53.1,25.37685,0,1,0,1,101
10183,2026-06-15T03:23:09.090Z,0,67.46667,9,36.5,53.1,25.37685,0,1,0,1,101
10184,2026-06-15T03:25:09.085Z,0,67.46667,9,36.5,53.1,25.37685,0,1,0,1,101
10185,2026-06-15T03:27:09.080Z,0,67.46667,9,36.5,53.1,25.37685,0,1,0,1,101
10186,2026-06-15T03:29:09.075Z,0,67.46667,9,36.5,53.1,25.37685,0,1,0,1,101
10187,2026-06-15T03:31:09.070Z,0,67.46667,9,36.5,53.1,25.37685,0,1,0,1,101
10188,2026-06-15T03:33:09.065Z,0,67.46667,9,36.5,53.1,25.37685,0,1,0,1,101
10189,2026-06-15T03:35:09.060Z,0,67.46667,9,36.5,53.1,25.37685,0,1,0,1,101
10190,2026-06-15T03:37:09.055Z,0,67.46667,9,36.5,53.1,25.37685,0,1,0,1,101
10191,2026-06-15T03:39:09.050Z,0,67.46667,9,36.5,53.1,25.37685,0,1,0,1,101
10192,2026-06-15T03:41:09.045Z,0,67.46667,9,36.5,53.1,25.37685,0,1,0,1,101
10193,2026-06-15T03:43:09.040Z,0,67.46667,9,36.5,53.1,25.37685,0,1,0,1,101
10194,2026-06-15T03:45:09.035Z,0,67.46667,9,36.5,53.1,25.37685,0,1,0,1,101
10195,2026-06-15T03:47:09.030Z,0,67.46667,9,36.5,53.1,25.37685,0,1,0,1,101
10196,2026-06-15T03:49:09.025Z,0,67.46667,9,36.5,53.1,25.37685,0,1,0,1,101
10197,2026-06-15T03:51:09.020Z,0,67.46667,9,36.5,53.1,25.37685,0,1,0,1,101
10198,2026-06-15T03:53:09.015Z,0,67.46667,9,36.5,53.1,25.37685,0,1,0,1,101
10199,2026-06-15T03:55:09.010Z,0,67.46667,9,36.5,53.1,25.37685,0,1,0,1,101
10200,2026-06-15T03:57:09.005Z,0,67.93333,11.26667,36.4,51.5,24.77035,0,1,0,1,101
10201,2026-06-15T03:59:09.000Z,0,67.93333,11.26667,36.4,51.5,24.77035,0,1,0,1,101
10202,2026-06-15T04:01:08.995Z,0,67.93333,11.26667,36.4,51.5,24.77035,0,1,0,1,101
10203,2026-06-15T04:03:08.990Z,0,67.93333,11.26667,36.4,51.5,24.77035,0,1,0,1,101
10204,2026-06-15T04:05:08.985Z,0,67.93333,11.26667,36.4,51.5,24.77035,0,1,0,1,101
10205,2026-06-15T04:07:08.980Z,0,67.93333,11.26667,36.4,51.5,24.77035,0,1,0,1,101
10206,2026-06-15T04:09:08.975Z,0,67.93333,11.26667,36.4,51.5,24.77035,0,1,0,1,101
10207,2026-06-15T04:11:08.970Z,0,67.93333,11.26667,36.4,51.5,24.77035,0,1,0,1,101
10208,2026-06-15T04:13:08.965Z,0,67.93333,11.26667,36.4,51.5,24.77035,0,1,0,1,101
10209,2026-06-15T04:15:08.960Z,0,67.93333,11.26667,36.4,51.5,24.77035,0,1,0,1,101
10210,2026-06-15T04:17:08.955Z,0,67.93333,11.26667,36.4,51.5,24.77035,0,1,0,1,101
10211,2026-06-15T04:19:08.950Z,0,67.93333,11.26667,36.4,51.5,24.77035,0,1,0,1,101
10212,2026-06-15T04:21:08.945Z,0,67.93333,11.26667,36.4,51.5,24.77035,0,1,0,1,101
10213,2026-06-15T04:23:08.940Z,0,67.93333,11.26667,36.4,51.5,24.77035,0,1,0,1,101
10214,2026-06-15T04:25:08.935Z,0,67.93333,11.26667,36.4,51.5,24.77035,0,1,0,1,101
10215,2026-06-15T04:27:08.930Z,0,67.93333,11.26667,36.4,51.5,24.77035,0,1,0,1,101
10216,2026-06-15T04:29:08.925Z,0,67.93333,11.26667,36.4,51.5,24.77035,0,1,0,1,101
10217,2026-06-15T04:31:08.920Z,0,67.93333,11.26667,36.4,51.5,24.77035,0,1,0,1,101
10218,2026-06-15T04:33:08.915Z,0,67.93333,11.26667,36.4,51.5,24.77035,0,1,0,1,101
10219,2026-06-15T04:35:08.910Z,0,67.93333,11.26667,36.4,51.5,24.77035,0,1,0,1,101
10220,2026-06-15T04:37:08.905Z,0,67.93333,11.26667,36.4,51.5,24.77035,0,1,0,1,101
10221,2026-06-15T04:39:08.900Z,0,67.93333,11.26667,36.4,51.5,24.77035,0,1,0,1,101
10222,2026-06-15T04:41:08.895Z,0,67.93333,11.26667,36.4,51.5,24.77035,0,1,0,1,101
10223,2026-06-15T04:43:08.890Z,0,67.93333,11.26667,36.4,51.5,24.77035,0,1,0,1,101
10224,2026-06-15T04:45:08.885Z,0,67.93333,11.26667,36.4,51.5,24.77035,0,1,0,1,101
10225,2026-06-15T04:47:08.880Z,0,67.93333,11.26667,36.4,51.5,24.77035,0,1,0,1,101
10226,2026-06-15T04:49:08.875Z,0,67.93333,11.26667,36.4,51.5,24.77035,0,1,0,1,101
10227,2026-06-15T04:51:08.870Z,0,67.93333,11.26667,36.4,51.5,24.77035,0,1,0,1,101
10228,2026-06-15T04:53:08.865Z,0,67.93333,11.26667,36.4,51.5,24.77035,0,1,0,1,101
10229,2026-06-15T04:55:08.860Z,0,71.86667,12.06667,36.4,52,24.9326,0,1,0,1,101
10230,2026-06-15T04:57:08.855Z,0,71.86667,12.06667,36.4,52,24.9326,0,1,0,1,101
10231,2026-06-15T04:59:08.850Z,0,71.86667,12.06667,36.4,52,24.9326,0,1,0,1,101
10232,2026-06-15T05:01:08.845Z,0,71.86667,12.06667,36.4,52,24.9326,0,1,0,1,101
10233,2026-06-15T05:03:08.840Z,0,71.86667,12.06667,36.4,52,24.9326,0,1,0,1,101
10234,2026-06-15T05:05:08.835Z,0,71.86667,12.06667,36.4,52,24.9326,0,1,0,1,101
10235,2026-06-15T05:07:08.830Z,0,71.86667,12.06667,36.4,52,24.9326,0,1,0,1,101
10236,2026-06-15T05:09:08.825Z,0,71.86667,12.06667,36.4,52,24.9326,0,1,0,1,101
10237,2026-06-15T05:11:08.820Z,0,71.86667,12.06667,36.4,52,24.9326,0,1,0,1,101
10238,2026-06-15T05:13:08.815Z,0,71.86667,12.06667,36.4,52,24.9326,0,1,0,1,101
10239,2026-06-15T05:15:08.810Z,0,71.86667,12.06667,36.4,52,24.9326,0,1,0,1,101
10240,2026-06-15T05:17:08.805Z,0,71.86667,12.06667,36.4,52,24.9326,0,1,0,1,101
10241,2026-06-15T05:19:08.800Z,0,71.86667,12.06667,36.4,52,24.9326,0,1,0,1,101
10242,2026-06-15T05:21:08.795Z,0,71.86667,12.06667,36.4,52,24.9326,0,1,0,1,101
10243,2026-06-15T05:23:08.790Z,0,71.86667,12.06667,36.4,52,24.9326,0,1,0,1,101
10244,2026-06-15T05:25:08.785Z,0,71.86667,12.06667,36.4,52,24.9326,0,1,0,1,101
10245,2026-06-15T05:27:08.780Z,0,71.86667,12.06667,36.4,52,24.9326,0,1,0,1,101
10246,2026-06-15T05:29:08.775Z,0,71.86667,12.06667,36.4,52,24.9326,0,1,0,1,101
10247,2026-06-15T05:31:08.770Z,0,71.86667,12.06667,36.4,52,24.9326,0,1,0,1,101
10248,2026-06-15T05:33:08.765Z,0,71.86667,12.06667,36.4,52,24.9326,0,1,0,1,101
10249,2026-06-15T05:35:08.760Z,0,71.86667,12.06667,36.4,52,24.9326,0,1,0,1,101
10250,2026-06-15T05:37:08.755Z,0,71.86667,12.06667,36.4,52,24.9326,0,1,0,1,101
10251,2026-06-15T05:39:08.750Z,0,71.86667,12.06667,36.4,52,24.9326,0,1,0,1,101
10252,2026-06-15T05:41:08.745Z,0,71.86667,12.06667,36.4,52,24.9326,0,1,0,1,101
10253,2026-06-15T05:43:08.740Z,0,71.86667,12.06667,36.4,52,24.9326,0,1,0,1,101
10254,2026-06-15T05:45:08.735Z,0,71.86667,12.06667,36.4,52,24.9326,0,1,0,1,101
10255,2026-06-15T05:47:08.730Z,0,71.86667,12.06667,36.4,52,24.9326,0,1,0,1,101
10256,2026-06-15T05:49:08.725Z,0,71.86667,12.06667,36.4,52,24.9326,0,1,0,1,101
10257,2026-06-15T05:51:08.720Z,0,71.86667,12.06667,36.4,52,24.9326,0,1,0,1,101